customer_id,customer_name,city,state,customer_status,order_id,order_value,product_name,product_category,order_date,order_status,promotion_applied,seller_id,seller_name,seller_city,seller_rating
CUST10536,Finn Chanda,Khandwa,Chhattisgarh,new,ORD101178,6550.66,Bracelet,Jewelry,2025-05-25 10:45:47,fulfilled,yes,SELL1010,Boase Inc Retail,Ramagundam,3.8
CUST10102,Januja Ramanathan,Bathinda,Uttar Pradesh,inactive,ORD100865,40604.12,Charger,Mobile Accessories,2026-03-20 03:04:50,processing,no,SELL1023,"Sidhu, Wadhwa and Krishnamurthy Retail",Raipur,3.7
CUST10482,Aishani Hora,Raipur,Nagaland,new,ORD100101,44863.46,Doll,Toys & Games,2024-11-11 03:30:51,fulfilled,no,SELL1002,Balay-Balan Retail,Bellary,3.9
CUST10577,Jack Setty,Tirupati,Sikkim,active,ORD100439,6923.68,Sneakers,Footwear,2025-12-17 14:55:53,returned,no,SELL1003,Tiwari PLC Retail,Kishanganj,3.8
CUST10476,Vedhika Khare,Gandhidham,Assam,new,ORD100058,41310.83,Jacket,Fashion,2025-11-25 18:12:10,processing,no,SELL1004,Saini and Sons Retail,Giridih,4.6
CUST10160,Bhavani Dube,Bihar Sharif,Meghalaya,dormant,ORD101120,21340.36,Doll,Toys & Games,2026-02-01 18:21:24,fulfilled,no,SELL1024,"Yadav, Loke and Oak Retail",Durg,4.9
CUST10076,Daksh Dey,Muzaffarpur,Uttarakhand,dormant,ORD100323,11594.12,Bed Sheet,Home & Kitchen,2026-05-02 07:38:28,processing,no,SELL1012,Patla-Gaba Retail,Raichur,3.5
CUST10048,Mahika Gola,Solapur,Bihar,new,ORD100974,22040.02,Football,Sports,2024-09-25 12:13:38,lost_parcel,yes,SELL1024,"Yadav, Loke and Oak Retail",Durg,4.9
CUST10317,Vrishti Dhar,Vijayanagaram,Madhya Pradesh,inactive,ORD100411,25470.53,Perfume,Beauty,2025-05-06 14:29:56,fulfilled,yes,SELL1017,Kakar PLC Retail,Rajpur Sonarpur,4.4
CUST10159,Arin Muni,Pondicherry,Gujarat,inactive,ORD100855,15511.34,Mixer Grinder,Home & Kitchen,2024-10-17 02:04:24,returned,yes,SELL1006,Dugal-Kale Retail,Kota,4.8
CUST10727,Frederick Viswanathan,Sasaram,Punjab,new,ORD100820,22033.83,Charger,Mobile Accessories,2024-09-21 17:30:30,fulfilled,no,SELL1015,Madan-Kanda Retail,Pimpri-Chinchwad,4.3
CUST10286,Chaitanya Sarin,Saharsa,Uttar Pradesh,active,ORD100044,10263.91,Perfume,Beauty,2025-07-12 18:14:06,processing,no,SELL1010,Boase Inc Retail,Ramagundam,3.8
CUST10128,Ekanta Shroff,Mango,Sikkim,new,ORD100049,42714.64,Football,Sports,2024-11-02 12:26:43,fulfilled,no,SELL1021,"Tak, Chand and Batta Retail",Jamnagar,4.5
CUST10383,Chasmum Gill,Dindigul,Uttar Pradesh,active,ORD100849,28371.05,Bracelet,Jewelry,2024-06-18 13:51:23,returned,yes,SELL1003,Tiwari PLC Retail,Kishanganj,3.8
CUST10403,Azaan Dhar,Visakhapatnam,Chhattisgarh,new,ORD100240,14959.4,Sandals,Footwear,2024-07-11 18:04:59,fulfilled,no,SELL1005,Ahuja-Dutta Retail,Mau,4.5
CUST10778,Charan Mani,Nagercoil,Bihar,active,ORD100170,11741.04,Cookware Set,Home & Kitchen,2025-08-12 09:56:40,fulfilled,no,SELL1024,"Yadav, Loke and Oak Retail",Durg,4.9
CUST10396,Charita Savant,Agartala,Telangana,new,ORD100523,43162.65,Badminton Racket,Sports,2025-04-09 05:58:09,fulfilled,no,SELL1003,Tiwari PLC Retail,Kishanganj,3.8
CUST10792,Nakul Walla,Nagercoil,Karnataka,inactive,ORD100765,36163.34,Cookbook,Books,2025-07-21 19:01:18,returned,yes,SELL1014,"Garg, Walla and Konda Retail",Surendranagar Dudhrej,4.5
CUST10200,Sarthak Sachdeva,Ranchi,Karnataka,dormant,ORD100838,30564.41,Saree,Fashion,2025-02-16 02:42:42,fulfilled,yes,SELL1012,Patla-Gaba Retail,Raichur,3.5
CUST10463,Ekavir Karnik,Hubli–Dharwad,Telangana,active,ORD100423,35556.02,Formal Shoes,Footwear,2026-02-05 12:53:12,returned,yes,SELL1005,Ahuja-Dutta Retail,Mau,4.5
CUST10484,Mugdha Narula,Aligarh,Andhra Pradesh,new,ORD100380,2267.54,Laptop,Electronics,2024-08-05 02:55:19,fulfilled,yes,SELL1001,Chaudry Ltd Retail,Gudivada,3.5
CUST10135,Priya Mallick,Bikaner,Goa,inactive,ORD100609,33270.15,Bracelet,Jewelry,2025-08-17 03:03:05,fulfilled,no,SELL1004,Saini and Sons Retail,Giridih,4.6
CUST10247,Naveen Ramachandran,Mysore,Uttarakhand,inactive,ORD100676,32925.8,Power Bank,Mobile Accessories,2024-09-10 09:52:51,fulfilled,no,SELL1013,Loke Ltd Retail,Narasaraopet,3.8
CUST10275,Aditya Kamdar,Dindigul,Arunachal Pradesh,new,ORD100344,24872.31,Saree,Fashion,2025-09-12 10:02:45,fulfilled,yes,SELL1003,Tiwari PLC Retail,Kishanganj,3.8
CUST10468,Nisha Tandon,Rewa,Uttarakhand,inactive,ORD100109,18871.83,Silver Earrings,Jewelry,2026-01-01 05:30:20,fulfilled,yes,SELL1007,Rai Inc Retail,Hapur,3.6
CUST10069,Chandani Soman,Arrah,Karnataka,active,ORD100277,27786.68,Laptop,Electronics,2025-10-25 21:25:26,fulfilled,no,SELL1006,Dugal-Kale Retail,Kota,4.8
CUST10135,Radhika Chakrabarti,Firozabad,Haryana,inactive,ORD100677,40965.08,Badminton Racket,Sports,2025-03-04 13:37:49,fulfilled,yes,SELL1017,Kakar PLC Retail,Rajpur Sonarpur,4.4
CUST10380,Harish Ghosh,Ramagundam,Kerala,dormant,ORD100570,34047.0,Doll,Toys & Games,2026-02-02 03:35:48,fulfilled,no,SELL1005,Ahuja-Dutta Retail,Mau,4.5
CUST10370,Mekhala Narain,Darbhanga,Uttar Pradesh,new,ORD100358,7405.45,Fiction Novel,Books,2025-05-05 11:37:36,fulfilled,yes,SELL1020,Rastogi-Pathak Retail,Durgapur,4.7
CUST10582,Lakshit Sachar,Motihari,West Bengal,active,ORD100598,35404.17,Exam Guide,Books,2025-01-19 08:29:01,fulfilled,yes,SELL1017,Kakar PLC Retail,Rajpur Sonarpur,4.4
CUST10518,Arya Bhatnagar,Jorhat,Goa,inactive,ORD100390,20792.53,Saree,Fashion,2025-02-28 15:38:19,fulfilled,no,SELL1003,Tiwari PLC Retail,Kishanganj,3.8
CUST10593,Bishakha Bala,Shivpuri,Assam,active,ORD100893,36265.56,Sneakers,Footwear,2024-08-27 00:53:00,fulfilled,no,SELL1022,"Dutta, Sami and Bhatt Retail",Eluru,4.0
CUST10257,Faqid Gokhale,Satara,Kerala,new,ORD100692,20578.98,Perfume,Beauty,2024-11-06 07:07:49,fulfilled,yes,SELL1002,Balay-Balan Retail,Bellary,3.9
CUST10134,Vyanjana Sood,Bangalore,Tripura,active,ORD100727,27712.46,Badminton Racket,Sports,2025-04-19 20:39:29,fulfilled,yes,SELL1001,Chaudry Ltd Retail,Gudivada,3.5
CUST10392,Abdul Morar,Karimnagar,Tripura,inactive,ORD100362,4912.21,Football,Sports,2024-12-16 01:34:24,fulfilled,yes,SELL1004,Saini and Sons Retail,Giridih,4.6
CUST10277,Yamini Rajagopalan,Narasaraopet,Tamil Nadu,inactive,ORD100596,44073.46,Face Cream,Beauty,2026-01-02 16:27:22,fulfilled,no,SELL1023,"Sidhu, Wadhwa and Krishnamurthy Retail",Raipur,3.7
CUST10289,Teerth Chadha,Kolhapur,Tripura,new,ORD100427,18594.22,Screen Guard,Mobile Accessories,2024-08-24 04:34:46,fulfilled,yes,SELL1021,"Tak, Chand and Batta Retail",Jamnagar,4.5
CUST10032,Inaya Kapur,Thane,Tripura,inactive,ORD100070,10321.96,T-Shirt,Fashion,2024-06-13 15:12:12,fulfilled,yes,SELL1024,"Yadav, Loke and Oak Retail",Durg,4.9
CUST10473,Wridesh Jhaveri,Salem,Punjab,inactive,ORD100321,30772.24,Charger,Mobile Accessories,2024-06-15 14:40:10,fulfilled,no,SELL1023,"Sidhu, Wadhwa and Krishnamurthy Retail",Raipur,3.7
CUST10263,Hemani Sur,Mahbubnagar,Andhra Pradesh,new,ORD100652,12144.24,Formal Shoes,Footwear,2025-06-14 07:40:54,fulfilled,no,SELL1007,Rai Inc Retail,Hapur,3.6
CUST10486,Amara Mangat,Bardhaman,Sikkim,new,ORD101065,23788.29,Bracelet,Jewelry,2025-08-30 12:32:39,fulfilled,yes,SELL1015,Madan-Kanda Retail,Pimpri-Chinchwad,4.3
CUST10418,Arunima Golla,Pallavaram,Assam,active,ORD100107,32027.0,Fiction Novel,Books,2025-05-20 14:23:28,fulfilled,yes,SELL1017,Kakar PLC Retail,Rajpur Sonarpur,4.4
CUST10180,Upma Lad,Bhind,Maharashtra,new,ORD101108,27113.66,Remote Car,Toys & Games,2024-08-18 15:36:26,processing,no,SELL1010,Boase Inc Retail,Ramagundam,3.8
CUST10561,Faraj Mistry,Phusro,Haryana,inactive,ORD100355,22413.25,Football,Sports,2025-08-03 16:44:24,fulfilled,no,SELL1010,Boase Inc Retail,Ramagundam,3.8
CUST10540,Rajata Dhillon,Phagwara,Manipur,active,ORD100950,43805.22,Lipstick,Beauty,2024-10-05 20:03:20,fulfilled,no,SELL1015,Madan-Kanda Retail,Pimpri-Chinchwad,4.3
CUST10085,Qarin Bhargava,Aurangabad,Uttarakhand,active,ORD100342,18878.1,Silver Earrings,Jewelry,2025-10-21 13:12:11,returned,yes,SELL1005,Ahuja-Dutta Retail,Mau,4.5
CUST10408,Praneel Murty,Dhule,Odisha,inactive,ORD100354,28677.01,Cricket Bat,Sports,2024-09-09 12:41:16,processing,yes,SELL1017,Kakar PLC Retail,Rajpur Sonarpur,4.4
CUST10078,Balveer Bumb,Ballia,Odisha,dormant,ORD100023,19157.53,Cookbook,Books,2025-06-30 14:08:19,returned,yes,SELL1007,Rai Inc Retail,Hapur,3.6
CUST10359,Dipta Sarin,Kharagpur,Odisha,new,ORD100043,38678.98,Lipstick,Beauty,2024-10-15 04:05:15,returned,yes,SELL1014,"Garg, Walla and Konda Retail",Surendranagar Dudhrej,4.5
CUST10698,Jeevika Rao,Alwar,Haryana,inactive,ORD100243,7921.06,Running Shoes,Footwear,2024-08-16 15:35:52,fulfilled,yes,SELL1004,Saini and Sons Retail,Giridih,4.6
CUST10118,Ganga Buch,Pimpri-Chinchwad,Himachal Pradesh,dormant,ORD100737,8036.09,Saree,Fashion,2026-01-12 23:58:50,fulfilled,yes,SELL1015,Madan-Kanda Retail,Pimpri-Chinchwad,4.3
CUST10197,Vidhi Mitter,Tenali,Uttar Pradesh,new,ORD101135,8597.21,Laptop,Electronics,2025-01-10 14:41:29,processing,no,SELL1024,"Yadav, Loke and Oak Retail",Durg,4.9
CUST10531,Charvi Loyal,Ulhasnagar,Assam,inactive,ORD100367,35119.72,Headphones,Electronics,2024-09-27 09:44:03,returned,no,SELL1006,Dugal-Kale Retail,Kota,4.8
CUST10765,Dominic Date,Bhimavaram,Nagaland,dormant,ORD100163,13237.58,T-Shirt,Fashion,2025-11-24 16:15:10,fulfilled,no,SELL1015,Madan-Kanda Retail,Pimpri-Chinchwad,4.3
CUST10330,Triveni Srinivasan,Agartala,Punjab,inactive,ORD101115,36124.7,Perfume,Beauty,2025-10-13 14:53:20,fulfilled,yes,SELL1016,Balay LLC Retail,Agartala,3.8
CUST10189,Charan Loyal,Mahbubnagar,Punjab,inactive,ORD100332,43143.24,Perfume,Beauty,2024-06-20 05:58:56,fulfilled,no,SELL1020,Rastogi-Pathak Retail,Durgapur,4.7
CUST10349,Hamsini Chowdhury,Thane,Chhattisgarh,inactive,ORD100988,9853.15,Screen Guard,Mobile Accessories,2025-10-29 03:45:14,fulfilled,no,SELL1016,Balay LLC Retail,Agartala,3.8
CUST10129,Wyatt Modi,Dibrugarh,Bihar,active,ORD101172,17462.39,Puzzle,Toys & Games,2025-12-10 01:58:25,fulfilled,yes,SELL1018,"Tata, Randhawa and Shanker Retail",Bilaspur,4.7
CUST10501,Avi Agate,Firozabad,Jharkhand,active,ORD101001,40040.75,Lipstick,Beauty,2025-09-30 01:34:37,fulfilled,no,SELL1023,"Sidhu, Wadhwa and Krishnamurthy Retail",Raipur,3.7
CUST10031,Zayyan Dube,Burhanpur,Assam,new,ORD100377,33814.75,Fiction Novel,Books,2025-05-04 07:58:22,returned,no,SELL1024,"Yadav, Loke and Oak Retail",Durg,4.9
CUST10158,Faras Choudhury,Motihari,Mizoram,dormant,ORD100309,35972.86,T-Shirt,Fashion,2024-10-24 13:14:16,returned,yes,SELL1008,"Lalla, Bassi and Sharaf Retail",Burhanpur,4.1
CUST10674,Ekapad Johal,Muzaffarpur,Karnataka,new,ORD100155,25961.84,Board Game,Toys & Games,2026-01-12 00:02:20,fulfilled,no,SELL1019,Koshy Ltd Retail,Bhimavaram,3.5
CUST10069,Sachi Mane,Muzaffarpur,Nagaland,inactive,ORD100210,38235.37,Gold Necklace,Jewelry,2024-11-22 07:11:11,returned,no,SELL1004,Saini and Sons Retail,Giridih,4.6
CUST10604,Jyoti Solanki,Khandwa,Telangana,new,ORD100086,8861.07,Silver Earrings,Jewelry,2025-07-22 00:44:50,processing,yes,SELL1023,"Sidhu, Wadhwa and Krishnamurthy Retail",Raipur,3.7
CUST10649,Ekalinga Chand,Tiruchirappalli,Maharashtra,active,ORD100168,10203.49,Mixer Grinder,Home & Kitchen,2024-08-03 12:51:14,fulfilled,yes,SELL1016,Balay LLC Retail,Agartala,3.8
CUST10694,Advik Mane,Etawah,Jharkhand,dormant,ORD100994,21587.99,Gold Necklace,Jewelry,2025-05-01 14:54:06,fulfilled,no,SELL1011,Kaul Inc Retail,Alwar,4.3
CUST10001,Girik Keer,Kamarhati,Uttar Pradesh,new,ORD100051,27813.13,Cookbook,Books,2024-10-22 04:48:48,fulfilled,no,SELL1017,Kakar PLC Retail,Rajpur Sonarpur,4.4
CUST10718,Dayita Sarkar,Howrah,Haryana,dormant,ORD100438,24976.37,Cookbook,Books,2024-07-26 11:53:07,fulfilled,yes,SELL1000,"Choudhury, Bakshi and Maharaj Retail",Rajahmundry,4.5
CUST10271,Luke Mutti,Jodhpur,Meghalaya,new,ORD100549,10080.43,Gold Necklace,Jewelry,2025-02-02 21:25:29,fulfilled,yes,SELL1002,Balay-Balan Retail,Bellary,3.9
CUST10347,Qabil Nadkarni,Buxar,Bihar,active,ORD100490,31793.9,Power Bank,Mobile Accessories,2026-05-18 01:53:18,fulfilled,yes,SELL1021,"Tak, Chand and Batta Retail",Jamnagar,4.5
CUST10347,Luke Biswas,Phagwara,Rajasthan,dormant,ORD100425,7491.59,Saree,Fashion,2024-09-25 00:07:00,returned,no,SELL1002,Balay-Balan Retail,Bellary,3.9
CUST10100,Zashil Shan,Davanagere,Madhya Pradesh,inactive,ORD100135,42597.84,Cookbook,Books,2026-03-14 08:05:18,lost_parcel,yes,SELL1003,Tiwari PLC Retail,Kishanganj,3.8
CUST10624,Gaurav Rout,Muzaffarpur,Madhya Pradesh,dormant,ORD101191,2662.1,Yoga Mat,Sports,2025-02-07 20:08:27,returned,yes,SELL1021,"Tak, Chand and Batta Retail",Jamnagar,4.5
CUST10026,Manbir Ahluwalia,Khandwa,Haryana,active,ORD100054,30373.64,Lipstick,Beauty,2024-10-04 03:31:40,fulfilled,no,SELL1004,Saini and Sons Retail,Giridih,4.6
CUST10447,Michael Saran,Nagaon,Rajasthan,new,ORD100078,27830.9,Earphones,Mobile Accessories,2024-12-16 07:27:47,fulfilled,yes,SELL1014,"Garg, Walla and Konda Retail",Surendranagar Dudhrej,4.5
CUST10408,Manya Merchant,Mathura,Meghalaya,dormant,ORD100430,43974.46,Gold Necklace,Jewelry,2025-03-16 06:11:27,fulfilled,no,SELL1009,Memon Ltd Retail,Gangtok,3.5
CUST10386,Xiti Pandya,Sikar,West Bengal,inactive,ORD100184,29887.9,Formal Shoes,Footwear,2025-12-17 21:24:55,fulfilled,yes,SELL1019,Koshy Ltd Retail,Bhimavaram,3.5
CUST10705,Edhitha Savant,Motihari,Manipur,active,ORD100056,22398.15,Lipstick,Beauty,2026-04-17 09:56:01,lost_parcel,yes,SELL1020,Rastogi-Pathak Retail,Durgapur,4.7
CUST10472,Yashica Kanda,Dhule,Himachal Pradesh,dormant,ORD100942,37712.72,Mixer Grinder,Home & Kitchen,2024-06-30 18:02:26,fulfilled,no,SELL1002,Balay-Balan Retail,Bellary,3.9
CUST10710,George Sawhney,Karawal Nagar,Mizoram,inactive,ORD100850,26299.54,Water Bottle,Home & Kitchen,2024-09-17 04:58:49,fulfilled,yes,SELL1014,"Garg, Walla and Konda Retail",Surendranagar Dudhrej,4.5
CUST10168,Lakshit Sanghvi,Alappuzha,Manipur,inactive,ORD101163,38286.34,Cookbook,Books,2026-03-13 14:28:21,fulfilled,no,SELL1020,Rastogi-Pathak Retail,Durgapur,4.7
CUST10565,Hardik Nayak,Durgapur,Arunachal Pradesh,inactive,ORD100218,1473.92,Screen Guard,Mobile Accessories,2024-12-29 08:34:55,fulfilled,yes,SELL1014,"Garg, Walla and Konda Retail",Surendranagar Dudhrej,4.5
CUST10582,Diya Wason,Dhule,Odisha,inactive,ORD100844,18828.19,Earphones,Mobile Accessories,2025-11-03 23:17:01,fulfilled,no,SELL1022,"Dutta, Sami and Bhatt Retail",Eluru,4.0
CUST10396,Bhavna Sarma,Bhilai,Andhra Pradesh,inactive,ORD100113,2250.08,Bracelet,Jewelry,2025-09-21 21:13:44,fulfilled,yes,SELL1012,Patla-Gaba Retail,Raichur,3.5
CUST10750,Chatura Dora,Kollam,Karnataka,dormant,ORD100548,25615.74,Formal Shoes,Footwear,2025-04-03 08:39:04,processing,yes,SELL1023,"Sidhu, Wadhwa and Krishnamurthy Retail",Raipur,3.7
CUST10434,Raagini Basak,Moradabad,Arunachal Pradesh,dormant,ORD101018,16986.12,Cookware Set,Home & Kitchen,2026-01-26 12:22:57,fulfilled,no,SELL1017,Kakar PLC Retail,Rajpur Sonarpur,4.4
CUST10692,Zayan Taneja,Patiala,Punjab,new,ORD101072,2010.22,Hair Oil,Beauty,2024-08-23 12:10:04,fulfilled,no,SELL1006,Dugal-Kale Retail,Kota,4.8
CUST10520,Harinakshi Panchal,Bokaro,West Bengal,dormant,ORD100174,3728.95,Saree,Fashion,2024-09-08 19:09:49,fulfilled,yes,SELL1019,Koshy Ltd Retail,Bhimavaram,3.5
CUST10626,Naveen Tella,Dibrugarh,Odisha,new,ORD101022,32710.52,Cookbook,Books,2024-07-12 14:39:26,lost_parcel,no,SELL1006,Dugal-Kale Retail,Kota,4.8
CUST10237,Aditya Contractor,Amroha,Haryana,active,ORD100615,13691.89,Puzzle,Toys & Games,2026-04-23 01:47:54,fulfilled,yes,SELL1019,Koshy Ltd Retail,Bhimavaram,3.5
CUST10427,Radhika Jaggi,Hindupur,Himachal Pradesh,new,ORD100513,31273.94,Smart Watch,Electronics,2025-01-23 21:19:29,processing,yes,SELL1012,Patla-Gaba Retail,Raichur,3.5
CUST10763,Ikbal Dugal,Dehradun,Manipur,new,ORD100461,29552.88,Hair Oil,Beauty,2025-05-17 12:39:34,fulfilled,no,SELL1007,Rai Inc Retail,Hapur,3.6
CUST10193,Edhitha Srinivasan,Karaikudi,Uttar Pradesh,inactive,ORD100286,30412.81,Sneakers,Footwear,2025-12-02 01:33:41,fulfilled,no,SELL1002,Balay-Balan Retail,Bellary,3.9
CUST10759,Tristan Uppal,Amroha,Kerala,dormant,ORD100381,8298.73,Tablet,Electronics,2025-03-20 08:01:54,fulfilled,yes,SELL1022,"Dutta, Sami and Bhatt Retail",Eluru,4.0
CUST10555,Anjali Patel,Raurkela Industrial Township,Arunachal Pradesh,active,ORD101007,29082.61,Jeans,Fashion,2024-12-31 16:04:25,processing,yes,SELL1019,Koshy Ltd Retail,Bhimavaram,3.5
CUST10020,Nilima Pathak,Bhatpara,Maharashtra,new,ORD100670,3275.99,Exam Guide,Books,2025-10-08 15:01:05,lost_parcel,no,SELL1003,Tiwari PLC Retail,Kishanganj,3.8
CUST10043,Udarsh Krishnan,Panipat,Maharashtra,active,ORD100534,25042.08,Power Bank,Mobile Accessories,2026-04-16 01:46:30,fulfilled,no,SELL1003,Tiwari PLC Retail,Kishanganj,3.8
CUST10253,Jairaj Dar,Mahbubnagar,Chhattisgarh,new,ORD100909,14446.42,Doll,Toys & Games,2025-03-08 13:08:08,lost_parcel,yes,SELL1021,"Tak, Chand and Batta Retail",Jamnagar,4.5
CUST10564,Ganga Sodhi,Durgapur,Andhra Pradesh,new,ORD100292,15044.31,Remote Car,Toys & Games,2025-07-22 00:04:40,fulfilled,no,SELL1015,Madan-Kanda Retail,Pimpri-Chinchwad,4.3
CUST10257,Libni Doshi,Vadodara,Chhattisgarh,dormant,ORD100123,44448.02,Cookbook,Books,2025-06-14 16:08:53,returned,yes,SELL1022,"Dutta, Sami and Bhatt Retail",Eluru,4.0
CUST10470,Vyanjana Nagi,Bathinda,Himachal Pradesh,dormant,ORD100582,25473.2,Hair Oil,Beauty,2024-06-28 15:22:04,lost_parcel,yes,SELL1024,"Yadav, Loke and Oak Retail",Durg,4.9
CUST10579,Dayamai Sastry,Adoni,Kerala,inactive,ORD100140,2559.91,Yoga Mat,Sports,2025-12-10 08:56:17,fulfilled,yes,SELL1004,Saini and Sons Retail,Giridih,4.6
CUST10250,Abhiram Kaul,Saharanpur,Andhra Pradesh,inactive,ORD100735,18215.9,Remote Car,Toys & Games,2025-06-07 21:45:08,processing,no,SELL1019,Koshy Ltd Retail,Bhimavaram,3.5
CUST10011,Gayathri Balakrishnan,Anantapur,Goa,inactive,ORD100081,15512.49,Sandals,Footwear,2025-06-03 05:21:07,fulfilled,no,SELL1017,Kakar PLC Retail,Rajpur Sonarpur,4.4
CUST10323,Oscar Soman,Maheshtala,Nagaland,dormant,ORD100881,44584.8,Jacket,Fashion,2025-03-15 06:08:02,fulfilled,yes,SELL1014,"Garg, Walla and Konda Retail",Surendranagar Dudhrej,4.5
CUST10143,Advik Dara,Kharagpur,Tripura,active,ORD100739,14934.48,Smartphone,Electronics,2025-04-29 14:09:10,returned,yes,SELL1006,Dugal-Kale Retail,Kota,4.8
CUST10384,Chasmum Rana,Mira-Bhayandar,Nagaland,inactive,ORD101101,2474.36,Remote Car,Toys & Games,2024-06-21 11:23:16,fulfilled,yes,SELL1007,Rai Inc Retail,Hapur,3.6
CUST10547,Reyansh Bandi,Udupi,Assam,new,ORD100908,18553.8,Sneakers,Footwear,2024-07-03 17:07:05,fulfilled,yes,SELL1015,Madan-Kanda Retail,Pimpri-Chinchwad,4.3
CUST10365,Darsh Ramaswamy,Saharanpur,Odisha,dormant,ORD101166,30670.88,Mixer Grinder,Home & Kitchen,2024-07-04 10:24:56,fulfilled,yes,SELL1003,Tiwari PLC Retail,Kishanganj,3.8
CUST10267,Banjeet Deol,Pudukkottai,Madhya Pradesh,inactive,ORD100936,2738.21,Mixer Grinder,Home & Kitchen,2026-01-14 13:25:34,returned,no,SELL1015,Madan-Kanda Retail,Pimpri-Chinchwad,4.3
CUST10519,Forum Sarraf,Chinsurah,Uttarakhand,new,ORD100371,12018.94,Smartphone,Electronics,2026-02-19 04:34:19,fulfilled,no,SELL1012,Patla-Gaba Retail,Raichur,3.5
CUST10021,Yatan Sodhi,Panvel,Uttar Pradesh,dormant,ORD100889,1969.82,Doll,Toys & Games,2025-08-13 17:49:11,fulfilled,no,SELL1008,"Lalla, Bassi and Sharaf Retail",Burhanpur,4.1
CUST10007,Aarnav Malhotra,Bikaner,Nagaland,inactive,ORD100156,31710.34,Exam Guide,Books,2024-12-01 05:17:43,lost_parcel,no,SELL1011,Kaul Inc Retail,Alwar,4.3
CUST10307,Tristan Mall,Lucknow,Assam,new,ORD100991,20555.13,Lipstick,Beauty,2025-07-12 17:29:42,fulfilled,yes,SELL1011,Kaul Inc Retail,Alwar,4.3
CUST10016,Ekbal Dube,Jaunpur,Tamil Nadu,dormant,ORD100621,32801.41,Face Cream,Beauty,2025-02-02 04:23:07,fulfilled,no,SELL1004,Saini and Sons Retail,Giridih,4.6
CUST10256,Vihaan Desai,Navi Mumbai,Telangana,inactive,ORD101037,44564.82,Perfume,Beauty,2024-06-30 14:00:10,fulfilled,no,SELL1002,Balay-Balan Retail,Bellary,3.9
CUST10156,Quincy Tata,Kishanganj,Bihar,dormant,ORD100244,8827.25,Silver Earrings,Jewelry,2024-12-09 20:38:00,fulfilled,no,SELL1013,Loke Ltd Retail,Narasaraopet,3.8
CUST10333,Ekiya Babu,Bilaspur,Arunachal Pradesh,active,ORD100158,15537.39,Football,Sports,2024-08-26 23:42:46,lost_parcel,yes,SELL1023,"Sidhu, Wadhwa and Krishnamurthy Retail",Raipur,3.7
CUST10296,Mohammed Prabhu,Kulti,Goa,inactive,ORD100745,37996.59,Badminton Racket,Sports,2025-06-12 19:55:55,fulfilled,yes,SELL1004,Saini and Sons Retail,Giridih,4.6
CUST10732,Faqid Goel,Madhyamgram,Tripura,new,ORD100192,17057.97,Headphones,Electronics,2025-08-01 09:33:12,returned,yes,SELL1003,Tiwari PLC Retail,Kishanganj,3.8
CUST10747,Aditya Som,Malegaon,Punjab,new,ORD100533,43217.96,Water Bottle,Home & Kitchen,2026-02-01 13:57:52,processing,yes,SELL1021,"Tak, Chand and Batta Retail",Jamnagar,4.5
CUST10498,Gunbir Wali,Bhiwani,Punjab,active,ORD100903,29742.24,Mixer Grinder,Home & Kitchen,2026-05-03 14:18:21,fulfilled,yes,SELL1023,"Sidhu, Wadhwa and Krishnamurthy Retail",Raipur,3.7
CUST10136,Ayush Dar,Kumbakonam,Assam,inactive,ORD101003,35226.1,Bracelet,Jewelry,2025-08-28 16:54:21,fulfilled,no,SELL1019,Koshy Ltd Retail,Bhimavaram,3.5
CUST10377,Patrick Basak,Jaipur,Arunachal Pradesh,dormant,ORD101069,19346.2,Silver Earrings,Jewelry,2026-03-19 04:34:10,fulfilled,no,SELL1013,Loke Ltd Retail,Narasaraopet,3.8
CUST10061,Aarnav Chander,Secunderabad,West Bengal,active,ORD100413,36347.92,Yoga Mat,Sports,2024-07-08 17:19:55,fulfilled,yes,SELL1010,Boase Inc Retail,Ramagundam,3.8
CUST10011,Luke Dhar,Nashik,Jharkhand,active,ORD101186,35079.55,Cookware Set,Home & Kitchen,2026-04-11 01:59:24,fulfilled,yes,SELL1008,"Lalla, Bassi and Sharaf Retail",Burhanpur,4.1
CUST10696,Eiravati Saha,Jalgaon,Jharkhand,inactive,ORD100327,20225.75,Doll,Toys & Games,2025-03-08 22:29:20,fulfilled,yes,SELL1024,"Yadav, Loke and Oak Retail",Durg,4.9
CUST10303,Radha Chaudhari,Raiganj,Goa,new,ORD100128,1790.43,Yoga Mat,Sports,2025-11-10 13:52:54,returned,yes,SELL1002,Balay-Balan Retail,Bellary,3.9
CUST10564,Alka Jhaveri,Panihati,Uttarakhand,dormant,ORD100694,23714.16,Remote Car,Toys & Games,2024-11-30 11:25:21,fulfilled,yes,SELL1012,Patla-Gaba Retail,Raichur,3.5
CUST10634,Dalaja Kade,Rajpur Sonarpur,Maharashtra,new,ORD100630,11417.13,Gold Necklace,Jewelry,2026-04-23 22:53:33,processing,yes,SELL1021,"Tak, Chand and Batta Retail",Jamnagar,4.5
CUST10551,Chakradev Barad,Thoothukudi,Uttar Pradesh,dormant,ORD100274,29512.63,Cricket Bat,Sports,2025-05-23 11:59:36,fulfilled,yes,SELL1005,Ahuja-Dutta Retail,Mau,4.5
CUST10679,Upasna Padmanabhan,Ahmednagar,Mizoram,inactive,ORD101147,7811.13,Gold Necklace,Jewelry,2024-11-07 04:18:39,fulfilled,yes,SELL1015,Madan-Kanda Retail,Pimpri-Chinchwad,4.3
CUST10191,Tejas Kota,Hajipur,Manipur,dormant,ORD100308,22229.47,Badminton Racket,Sports,2025-07-04 18:37:23,fulfilled,no,SELL1013,Loke Ltd Retail,Narasaraopet,3.8
CUST10221,Anjali Dash,Junagadh,Madhya Pradesh,new,ORD100233,1335.0,Doll,Toys & Games,2025-12-18 21:01:20,fulfilled,no,SELL1007,Rai Inc Retail,Hapur,3.6
CUST10141,Chakradev Dave,Karnal,Uttar Pradesh,active,ORD101047,32690.37,Gold Necklace,Jewelry,2025-12-17 21:42:36,fulfilled,no,SELL1007,Rai Inc Retail,Hapur,3.6
CUST10714,Gagan Borah,Mangalore,Uttar Pradesh,active,ORD100622,14226.79,Silver Earrings,Jewelry,2024-12-02 04:40:04,fulfilled,yes,SELL1014,"Garg, Walla and Konda Retail",Surendranagar Dudhrej,4.5
CUST10073,Bina Desai,Orai,Mizoram,new,ORD100643,37116.66,Fiction Novel,Books,2024-07-29 20:48:42,fulfilled,yes,SELL1023,"Sidhu, Wadhwa and Krishnamurthy Retail",Raipur,3.7
CUST10270,Ishita Kaul,Salem,Haryana,inactive,ORD100478,22548.43,Formal Shoes,Footwear,2025-10-12 17:36:10,fulfilled,no,SELL1024,"Yadav, Loke and Oak Retail",Durg,4.9
CUST10704,Om Sant,Mehsana,Andhra Pradesh,inactive,ORD100471,32833.81,Sandals,Footwear,2025-03-13 19:21:22,fulfilled,no,SELL1013,Loke Ltd Retail,Narasaraopet,3.8
CUST10507,Vrinda Ramachandran,Panvel,Rajasthan,dormant,ORD100925,42588.49,Exam Guide,Books,2025-01-14 13:16:54,fulfilled,yes,SELL1023,"Sidhu, Wadhwa and Krishnamurthy Retail",Raipur,3.7
CUST10019,Yuvraj Pingle,Guwahati,Andhra Pradesh,active,ORD101097,6568.57,Self Help Book,Books,2025-05-19 17:20:57,fulfilled,yes,SELL1005,Ahuja-Dutta Retail,Mau,4.5
CUST10645,Charvi Chadha,Bahraich,Madhya Pradesh,active,ORD100626,21434.77,Exam Guide,Books,2025-03-23 10:12:26,returned,yes,SELL1005,Ahuja-Dutta Retail,Mau,4.5
CUST10213,Dhriti Dalal,Farrukhabad,Bihar,dormant,ORD100394,18470.52,Screen Guard,Mobile Accessories,2024-10-09 16:57:34,fulfilled,no,SELL1024,"Yadav, Loke and Oak Retail",Durg,4.9
CUST10795,Michael Patla,Haldia,Goa,inactive,ORD100636,33094.23,Tablet,Electronics,2024-05-24 06:50:07,fulfilled,yes,SELL1011,Kaul Inc Retail,Alwar,4.3
CUST10457,Keya Kumar,Bidhannagar,Manipur,new,ORD100767,18682.23,Charger,Mobile Accessories,2025-03-24 23:04:01,fulfilled,no,SELL1021,"Tak, Chand and Batta Retail",Jamnagar,4.5
CUST10765,Timothy Kar,Agartala,Rajasthan,dormant,ORD100532,21486.72,Power Bank,Mobile Accessories,2025-04-03 14:31:47,returned,no,SELL1004,Saini and Sons Retail,Giridih,4.6
CUST10509,Wahab Krishnamurthy,Bhagalpur,Goa,inactive,ORD100717,32029.56,Cookbook,Books,2025-03-24 22:13:43,fulfilled,no,SELL1002,Balay-Balan Retail,Bellary,3.9
CUST10015,Veer Subramaniam,Etawah,Odisha,new,ORD100666,11163.5,Formal Shoes,Footwear,2026-02-04 11:59:08,fulfilled,yes,SELL1009,Memon Ltd Retail,Gangtok,3.5
CUST10181,Anusha Rao,Durg,Manipur,dormant,ORD100597,9063.22,Bed Sheet,Home & Kitchen,2026-02-04 15:15:46,fulfilled,no,SELL1000,"Choudhury, Bakshi and Maharaj Retail",Rajahmundry,4.5
CUST10660,Ayaan Pandey,Phusro,Gujarat,inactive,ORD100481,35144.6,T-Shirt,Fashion,2026-03-01 09:55:19,fulfilled,no,SELL1008,"Lalla, Bassi and Sharaf Retail",Burhanpur,4.1
CUST10697,Abha Gara,Sonipat,Manipur,active,ORD101102,19148.64,Headphones,Electronics,2024-08-30 23:55:15,fulfilled,yes,SELL1006,Dugal-Kale Retail,Kota,4.8
CUST10309,Hemangini Bhatt,Coimbatore,Meghalaya,new,ORD100314,30933.31,Cookware Set,Home & Kitchen,2024-06-14 04:20:36,fulfilled,yes,SELL1008,"Lalla, Bassi and Sharaf Retail",Burhanpur,4.1
CUST10402,Vihaan Amble,Maheshtala,Maharashtra,inactive,ORD100728,5034.04,Smartphone,Electronics,2026-04-05 17:27:19,returned,no,SELL1013,Loke Ltd Retail,Narasaraopet,3.8
CUST10768,Raksha Bassi,Bharatpur,Sikkim,inactive,ORD100209,3653.42,Puzzle,Toys & Games,2025-11-30 10:48:42,processing,yes,SELL1016,Balay LLC Retail,Agartala,3.8
CUST10766,Ekta Dara,Pondicherry,Uttarakhand,new,ORD100933,14302.46,Bed Sheet,Home & Kitchen,2026-01-26 13:14:57,processing,no,SELL1008,"Lalla, Bassi and Sharaf Retail",Burhanpur,4.1
CUST10353,Urishilla Bora,Dharmavaram,Assam,dormant,ORD100433,33924.66,T-Shirt,Fashion,2024-05-31 05:53:26,processing,yes,SELL1021,"Tak, Chand and Batta Retail",Jamnagar,4.5
CUST10119,Urvashi Khosla,Dewas,West Bengal,inactive,ORD100328,21879.35,Cookbook,Books,2025-11-21 02:57:00,fulfilled,no,SELL1002,Balay-Balan Retail,Bellary,3.9
CUST10626,Darpan Dugar,Vijayanagaram,Meghalaya,dormant,ORD100260,35647.11,Formal Shoes,Footwear,2025-05-16 06:35:30,returned,no,SELL1005,Ahuja-Dutta Retail,Mau,4.5
CUST10054,Forum Bassi,Anantapur,Telangana,inactive,ORD101116,3187.44,Gold Necklace,Jewelry,2025-12-11 21:28:16,processing,yes,SELL1006,Dugal-Kale Retail,Kota,4.8
CUST10355,Jacob Merchant,Srikakulam,Haryana,active,ORD100306,35635.05,Saree,Fashion,2024-11-06 17:36:56,fulfilled,yes,SELL1023,"Sidhu, Wadhwa and Krishnamurthy Retail",Raipur,3.7
CUST10406,Nidra Khare,Jalgaon,Gujarat,inactive,ORD101066,9561.03,Perfume,Beauty,2024-06-11 01:12:20,fulfilled,no,SELL1007,Rai Inc Retail,Hapur,3.6
CUST10462,Nidra Dani,Nagaon,Manipur,inactive,ORD100927,13270.92,Self Help Book,Books,2026-05-20 17:18:22,fulfilled,no,SELL1019,Koshy Ltd Retail,Bhimavaram,3.5
CUST10137,Hardik Kala,Ambarnath,Tamil Nadu,active,ORD101024,43166.93,Cricket Bat,Sports,2025-08-21 07:36:45,fulfilled,yes,SELL1022,"Dutta, Sami and Bhatt Retail",Eluru,4.0
CUST10316,Jasmit Rau,Ranchi,Madhya Pradesh,active,ORD100270,25506.39,Earphones,Mobile Accessories,2024-06-29 06:24:39,fulfilled,yes,SELL1021,"Tak, Chand and Batta Retail",Jamnagar,4.5
CUST10321,Anita Devan,Tadepalligudem,Telangana,dormant,ORD100290,34344.58,Yoga Mat,Sports,2025-08-19 08:04:33,fulfilled,yes,SELL1011,Kaul Inc Retail,Alwar,4.3
CUST10471,Lajita Munshi,Pudukkottai,Telangana,active,ORD100812,1011.09,Self Help Book,Books,2025-08-07 18:23:36,processing,no,SELL1022,"Dutta, Sami and Bhatt Retail",Eluru,4.0
CUST10153,Upkaar Virk,Hospet,Manipur,new,ORD100096,19303.14,Power Bank,Mobile Accessories,2025-01-06 11:49:35,returned,yes,SELL1020,Rastogi-Pathak Retail,Durgapur,4.7
CUST10058,Bahadurjit Barad,Arrah,Bihar,inactive,ORD100887,15727.24,Badminton Racket,Sports,2025-08-14 05:45:23,fulfilled,no,SELL1011,Kaul Inc Retail,Alwar,4.3
CUST10771,Praneel Setty,Malda,Assam,inactive,ORD100818,10966.12,Jacket,Fashion,2024-11-30 18:38:03,returned,yes,SELL1023,"Sidhu, Wadhwa and Krishnamurthy Retail",Raipur,3.7
CUST10406,Pallavi Malhotra,Delhi,Karnataka,inactive,ORD100031,30236.42,Yoga Mat,Sports,2026-01-09 11:28:00,fulfilled,no,SELL1008,"Lalla, Bassi and Sharaf Retail",Burhanpur,4.1
CUST10700,Harrison Kashyap,Jhansi,Gujarat,dormant,ORD100762,33652.68,Power Bank,Mobile Accessories,2025-07-03 05:41:33,fulfilled,yes,SELL1012,Patla-Gaba Retail,Raichur,3.5
CUST10261,Avni Deshpande,Kirari Suleman Nagar,Manipur,active,ORD100953,4522.55,Sandals,Footwear,2025-04-10 09:01:11,returned,yes,SELL1011,Kaul Inc Retail,Alwar,4.3
CUST10712,Ladli Karpe,Jaunpur,Kerala,dormant,ORD100319,43416.45,Football,Sports,2024-09-18 00:26:04,processing,yes,SELL1023,"Sidhu, Wadhwa and Krishnamurthy Retail",Raipur,3.7
CUST10099,Yamini Sidhu,Nellore,Uttar Pradesh,inactive,ORD100298,1065.29,Remote Car,Toys & Games,2024-08-16 00:39:01,fulfilled,no,SELL1003,Tiwari PLC Retail,Kishanganj,3.8
CUST10354,Balveer Kota,Bahraich,Mizoram,inactive,ORD100199,11637.42,Headphones,Electronics,2025-06-30 13:29:31,returned,yes,SELL1002,Balay-Balan Retail,Bellary,3.9
CUST10225,Chanakya Chokshi,Nashik,Tamil Nadu,dormant,ORD100560,20378.84,Silver Earrings,Jewelry,2024-08-18 11:14:28,fulfilled,yes,SELL1005,Ahuja-Dutta Retail,Mau,4.5
CUST10338,Finn Magar,Khandwa,Meghalaya,active,ORD100178,30646.41,Headphones,Electronics,2025-09-04 01:28:46,fulfilled,no,SELL1002,Balay-Balan Retail,Bellary,3.9
CUST10652,Fiyaz Saha,Satara,Odisha,new,ORD101131,26497.35,Board Game,Toys & Games,2025-12-03 22:51:56,returned,no,SELL1003,Tiwari PLC Retail,Kishanganj,3.8
CUST10013,Reyansh Mutti,Jorhat,Tripura,new,ORD100088,25034.7,Bed Sheet,Home & Kitchen,2025-11-07 14:20:37,fulfilled,no,SELL1003,Tiwari PLC Retail,Kishanganj,3.8
CUST10117,Bhavna Atwal,Bhubaneswar,Jharkhand,dormant,ORD100787,20690.91,Mixer Grinder,Home & Kitchen,2025-05-05 02:31:05,fulfilled,yes,SELL1003,Tiwari PLC Retail,Kishanganj,3.8
CUST10546,Dayita Palan,Panvel,Haryana,new,ORD100724,14642.67,Hair Oil,Beauty,2026-02-04 13:36:09,returned,yes,SELL1008,"Lalla, Bassi and Sharaf Retail",Burhanpur,4.1
CUST10312,Nimrat Sathe,Ghaziabad,Punjab,inactive,ORD100826,22030.32,Earphones,Mobile Accessories,2024-05-25 15:17:33,lost_parcel,no,SELL1014,"Garg, Walla and Konda Retail",Surendranagar Dudhrej,4.5
CUST10446,Gayathri Deep,Jamnagar,Goa,new,ORD100208,16013.5,Headphones,Electronics,2024-10-07 23:58:32,fulfilled,yes,SELL1019,Koshy Ltd Retail,Bhimavaram,3.5
CUST10245,Michael Mitter,Solapur,Sikkim,new,ORD101039,37870.53,Face Cream,Beauty,2025-12-25 07:47:01,returned,no,SELL1015,Madan-Kanda Retail,Pimpri-Chinchwad,4.3
CUST10633,Quincy Mann,Bangalore,Jharkhand,dormant,ORD100296,10075.99,Silver Earrings,Jewelry,2025-08-04 16:20:20,fulfilled,yes,SELL1001,Chaudry Ltd Retail,Gudivada,3.5
CUST10218,Gautami Bhatti,Hubli–Dharwad,Andhra Pradesh,dormant,ORD100997,6082.65,Charger,Mobile Accessories,2025-04-03 13:39:43,fulfilled,yes,SELL1022,"Dutta, Sami and Bhatt Retail",Eluru,4.0
CUST10466,Advika Cheema,Tiruvottiyur,Goa,new,ORD100497,42780.82,Cricket Bat,Sports,2026-04-10 05:00:03,fulfilled,no,SELL1007,Rai Inc Retail,Hapur,3.6
CUST10747,Dalbir Chopra,Karawal Nagar,Telangana,dormant,ORD100834,43641.34,Formal Shoes,Footwear,2025-11-06 10:12:31,fulfilled,yes,SELL1018,"Tata, Randhawa and Shanker Retail",Bilaspur,4.7
CUST10100,Yuvraj Mane,Barasat,Gujarat,active,ORD100429,13465.65,Running Shoes,Footwear,2025-06-26 16:18:20,fulfilled,no,SELL1006,Dugal-Kale Retail,Kota,4.8
CUST10717,Lakshmi Pingle,Amroha,Arunachal Pradesh,new,ORD100506,36274.22,Bed Sheet,Home & Kitchen,2024-12-11 00:57:18,returned,no,SELL1019,Koshy Ltd Retail,Bhimavaram,3.5
CUST10189,Bhavani Goel,Adoni,Kerala,inactive,ORD100830,25980.85,Silver Earrings,Jewelry,2026-05-14 00:48:17,fulfilled,yes,SELL1011,Kaul Inc Retail,Alwar,4.3
CUST10724,Qadim Gupta,Kollam,Haryana,dormant,ORD100693,32411.07,T-Shirt,Fashion,2025-12-12 18:09:14,fulfilled,yes,SELL1003,Tiwari PLC Retail,Kishanganj,3.8
CUST10391,Yoshita Khanna,Shivpuri,Gujarat,dormant,ORD100010,28346.47,Board Game,Toys & Games,2025-07-13 08:48:41,fulfilled,yes,SELL1012,Patla-Gaba Retail,Raichur,3.5
CUST10251,Jackson Morar,Patna,Himachal Pradesh,active,ORD100847,18946.32,Bracelet,Jewelry,2025-04-06 23:51:01,fulfilled,no,SELL1020,Rastogi-Pathak Retail,Durgapur,4.7
CUST10121,Niharika Dara,Dhule,Manipur,dormant,ORD100462,16913.58,Sandals,Footwear,2025-01-15 00:02:05,fulfilled,yes,SELL1014,"Garg, Walla and Konda Retail",Surendranagar Dudhrej,4.5
CUST10482,David Seshadri,Tiruvottiyur,Tamil Nadu,active,ORD100198,3324.33,Charger,Mobile Accessories,2024-07-25 00:46:17,fulfilled,no,SELL1012,Patla-Gaba Retail,Raichur,3.5
CUST10457,Wahab Magar,Imphal,Nagaland,inactive,ORD100059,27685.17,Earphones,Mobile Accessories,2024-07-22 02:50:20,returned,no,SELL1017,Kakar PLC Retail,Rajpur Sonarpur,4.4
CUST10599,Dhriti Anne,Jabalpur,Andhra Pradesh,dormant,ORD100906,10941.27,Kurta,Fashion,2025-04-04 22:59:42,returned,yes,SELL1010,Boase Inc Retail,Ramagundam,3.8
CUST10518,Oeshi Dewan,Asansol,Gujarat,inactive,ORD100996,33007.48,Remote Car,Toys & Games,2025-01-11 01:24:02,fulfilled,no,SELL1004,Saini and Sons Retail,Giridih,4.6
CUST10690,Manthan Varma,Khammam,Punjab,dormant,ORD100275,37616.36,Headphones,Electronics,2025-01-22 22:35:33,fulfilled,yes,SELL1014,"Garg, Walla and Konda Retail",Surendranagar Dudhrej,4.5
CUST10336,Vyanjana Som,Ujjain,Gujarat,dormant,ORD100808,947.34,Remote Car,Toys & Games,2024-11-12 06:47:53,fulfilled,yes,SELL1007,Rai Inc Retail,Hapur,3.6
CUST10180,Hemang Sehgal,Muzaffarnagar,Telangana,inactive,ORD100907,42116.79,Lipstick,Beauty,2024-12-26 13:48:06,processing,no,SELL1003,Tiwari PLC Retail,Kishanganj,3.8
CUST10515,Joshua Dyal,Anand,Arunachal Pradesh,inactive,ORD100657,14572.77,Formal Shoes,Footwear,2026-04-12 10:26:04,fulfilled,no,SELL1010,Boase Inc Retail,Ramagundam,3.8
CUST10690,Urvashi Shere,Kanpur,Telangana,active,ORD100956,9733.97,Saree,Fashion,2025-04-18 01:19:05,fulfilled,yes,SELL1008,"Lalla, Bassi and Sharaf Retail",Burhanpur,4.1
CUST10063,Shivani Rajagopalan,Kamarhati,Goa,active,ORD100885,27876.82,Football,Sports,2025-04-15 11:05:01,fulfilled,yes,SELL1010,Boase Inc Retail,Ramagundam,3.8
CUST10478,Anirudh Kunda,Jalgaon,Nagaland,new,ORD100220,5901.23,Cricket Bat,Sports,2026-05-20 19:50:40,fulfilled,yes,SELL1014,"Garg, Walla and Konda Retail",Surendranagar Dudhrej,4.5
CUST10756,Arin Narula,Siwan,Gujarat,dormant,ORD100788,3120.09,Perfume,Beauty,2024-10-25 19:53:42,fulfilled,yes,SELL1010,Boase Inc Retail,Ramagundam,3.8
CUST10406,Owen Mane,Anantapur,Sikkim,active,ORD100711,34586.12,Kurta,Fashion,2025-06-21 00:08:17,returned,yes,SELL1010,Boase Inc Retail,Ramagundam,3.8
CUST10424,Oliver Nazareth,Pudukkottai,Odisha,active,ORD100713,40174.9,Screen Guard,Mobile Accessories,2025-03-30 22:16:22,returned,no,SELL1014,"Garg, Walla and Konda Retail",Surendranagar Dudhrej,4.5
CUST10743,Aayush Vora,Erode,Assam,dormant,ORD101112,7078.83,Face Cream,Beauty,2024-11-27 17:28:10,returned,no,SELL1007,Rai Inc Retail,Hapur,3.6
CUST10130,Yamini Sharma,Sultan Pur Majra,Chhattisgarh,inactive,ORD101190,11879.29,Power Bank,Mobile Accessories,2026-03-24 10:36:50,fulfilled,no,SELL1021,"Tak, Chand and Batta Retail",Jamnagar,4.5
CUST10178,Vasudha Dhaliwal,Gandhinagar,Odisha,new,ORD100789,14674.39,Face Cream,Beauty,2026-04-24 06:34:39,fulfilled,no,SELL1018,"Tata, Randhawa and Shanker Retail",Bilaspur,4.7
CUST10448,Geetika De,Tiruvottiyur,Sikkim,dormant,ORD100415,13788.2,Cookware Set,Home & Kitchen,2026-01-02 14:12:26,fulfilled,yes,SELL1023,"Sidhu, Wadhwa and Krishnamurthy Retail",Raipur,3.7
CUST10247,Nitara Rajagopal,Gandhidham,Telangana,inactive,ORD100898,23644.97,Badminton Racket,Sports,2025-09-27 18:00:56,returned,no,SELL1004,Saini and Sons Retail,Giridih,4.6
CUST10321,Chakradev Ghose,Rajkot,Bihar,dormant,ORD100934,40654.74,Exam Guide,Books,2024-12-19 06:30:17,lost_parcel,no,SELL1016,Balay LLC Retail,Agartala,3.8
CUST10466,Yuvraj Dutta,Gangtok,Telangana,new,ORD100265,10094.27,Bed Sheet,Home & Kitchen,2025-01-18 10:11:28,fulfilled,no,SELL1004,Saini and Sons Retail,Giridih,4.6
CUST10500,Naveen Gour,Tadepalligudem,Uttarakhand,inactive,ORD100631,2971.01,Mixer Grinder,Home & Kitchen,2024-12-02 20:12:38,fulfilled,no,SELL1004,Saini and Sons Retail,Giridih,4.6
CUST10253,Idika Bhattacharyya,Dewas,West Bengal,new,ORD100247,24717.96,Cookbook,Books,2024-09-19 20:52:23,fulfilled,yes,SELL1006,Dugal-Kale Retail,Kota,4.8
CUST10082,Ira Rana,Dharmavaram,Gujarat,dormant,ORD100682,26956.92,Face Cream,Beauty,2025-06-26 16:11:09,fulfilled,no,SELL1011,Kaul Inc Retail,Alwar,4.3
CUST10265,Vedant Kapur,Rajpur Sonarpur,Telangana,inactive,ORD100558,40118.55,Mixer Grinder,Home & Kitchen,2024-06-06 13:15:19,fulfilled,no,SELL1005,Ahuja-Dutta Retail,Mau,4.5
CUST10171,Jeremiah Deshmukh,Jhansi,Bihar,active,ORD101136,20000.09,Sneakers,Footwear,2026-02-13 07:30:45,fulfilled,no,SELL1020,Rastogi-Pathak Retail,Durgapur,4.7
CUST10507,Indrajit Rajagopal,Kirari Suleman Nagar,Punjab,new,ORD100967,40211.5,Doll,Toys & Games,2024-06-21 06:42:55,fulfilled,no,SELL1003,Tiwari PLC Retail,Kishanganj,3.8
CUST10334,Vasana Sarin,Fatehpur,Tamil Nadu,active,ORD101004,34346.8,Gold Necklace,Jewelry,2026-02-15 02:37:19,returned,no,SELL1023,"Sidhu, Wadhwa and Krishnamurthy Retail",Raipur,3.7
CUST10430,Samesh Banerjee,Hapur,Chhattisgarh,dormant,ORD100984,40642.15,Tablet,Electronics,2025-03-06 04:24:02,lost_parcel,no,SELL1009,Memon Ltd Retail,Gangtok,3.5
CUST10035,Bhavika Bhargava,Chapra,Haryana,active,ORD100294,8526.12,Charger,Mobile Accessories,2025-07-10 04:43:26,processing,yes,SELL1016,Balay LLC Retail,Agartala,3.8
CUST10725,Orinder Majumdar,Asansol,Punjab,new,ORD100519,22227.12,Sandals,Footwear,2025-09-05 06:55:08,fulfilled,yes,SELL1002,Balay-Balan Retail,Bellary,3.9
CUST10479,Anya Vaidya,Bareilly,Arunachal Pradesh,active,ORD100770,40351.17,Water Bottle,Home & Kitchen,2025-05-13 02:40:39,fulfilled,no,SELL1009,Memon Ltd Retail,Gangtok,3.5
CUST10250,Advaith Varughese,Guwahati,Haryana,new,ORD100083,4458.58,Perfume,Beauty,2025-11-30 19:55:37,fulfilled,no,SELL1022,"Dutta, Sami and Bhatt Retail",Eluru,4.0
CUST10164,Diya Mukherjee,Tinsukia,Meghalaya,new,ORD100231,13271.77,Doll,Toys & Games,2024-12-03 06:52:24,processing,no,SELL1007,Rai Inc Retail,Hapur,3.6
CUST10105,Panini Chawla,Siwan,Uttarakhand,new,ORD100620,7100.23,Charger,Mobile Accessories,2025-11-17 08:50:20,fulfilled,no,SELL1005,Ahuja-Dutta Retail,Mau,4.5
CUST10607,Raghav Kalla,Dhule,West Bengal,dormant,ORD100333,17981.93,Formal Shoes,Footwear,2026-04-25 01:04:47,fulfilled,yes,SELL1014,"Garg, Walla and Konda Retail",Surendranagar Dudhrej,4.5
CUST10514,Ayush Batra,Pimpri-Chinchwad,Jharkhand,new,ORD100129,9274.73,Screen Guard,Mobile Accessories,2025-02-22 23:00:12,returned,no,SELL1016,Balay LLC Retail,Agartala,3.8
CUST10555,Kashish Sundaram,Mau,Goa,inactive,ORD101011,17375.27,T-Shirt,Fashion,2024-08-08 01:58:11,fulfilled,yes,SELL1003,Tiwari PLC Retail,Kishanganj,3.8
CUST10237,Januja Thakkar,Mathura,West Bengal,dormant,ORD100644,43238.19,T-Shirt,Fashion,2026-02-05 23:45:31,fulfilled,yes,SELL1023,"Sidhu, Wadhwa and Krishnamurthy Retail",Raipur,3.7
CUST10633,Siya Pillai,Maheshtala,Manipur,inactive,ORD100973,36364.46,Badminton Racket,Sports,2024-07-27 08:18:56,fulfilled,yes,SELL1003,Tiwari PLC Retail,Kishanganj,3.8
CUST10586,Xiti Dora,Nagpur,Meghalaya,new,ORD100382,18906.09,Football,Sports,2024-08-09 17:42:13,fulfilled,yes,SELL1002,Balay-Balan Retail,Bellary,3.9
CUST10234,Varenya Shenoy,Ichalkaranji,Tripura,dormant,ORD100867,44164.14,Remote Car,Toys & Games,2025-02-15 07:25:31,fulfilled,no,SELL1016,Balay LLC Retail,Agartala,3.8
CUST10112,Jagrati Tripathi,Tirunelveli,Uttarakhand,inactive,ORD100542,20206.95,Cookbook,Books,2025-10-13 07:35:19,fulfilled,yes,SELL1017,Kakar PLC Retail,Rajpur Sonarpur,4.4
CUST10790,Jatin Chada,Tadipatri,Nagaland,new,ORD101193,13941.18,Kurta,Fashion,2025-08-11 14:07:47,returned,yes,SELL1013,Loke Ltd Retail,Narasaraopet,3.8
CUST10239,Ladli Narang,Ghaziabad,Assam,dormant,ORD100874,15436.17,Running Shoes,Footwear,2024-11-05 13:20:23,returned,no,SELL1003,Tiwari PLC Retail,Kishanganj,3.8
CUST10179,Shivani Prabhakar,Jorhat,Telangana,inactive,ORD100331,30567.81,Cookware Set,Home & Kitchen,2026-02-23 18:00:58,fulfilled,no,SELL1016,Balay LLC Retail,Agartala,3.8
CUST10178,Krishna Sabharwal,Bally,West Bengal,inactive,ORD100409,34452.79,Perfume,Beauty,2025-10-11 23:33:19,fulfilled,no,SELL1011,Kaul Inc Retail,Alwar,4.3
CUST10502,Priya Prabhakar,Guna,Rajasthan,active,ORD100076,22915.95,Cricket Bat,Sports,2025-02-09 13:46:21,fulfilled,no,SELL1013,Loke Ltd Retail,Narasaraopet,3.8
CUST10508,Yashoda Chauhan,Aligarh,Karnataka,new,ORD100868,5824.73,Saree,Fashion,2025-07-26 12:08:50,returned,yes,SELL1004,Saini and Sons Retail,Giridih,4.6
CUST10377,Watika Mangat,Medininagar,Uttar Pradesh,new,ORD100138,42789.77,Cricket Bat,Sports,2025-02-18 04:30:04,fulfilled,no,SELL1021,"Tak, Chand and Batta Retail",Jamnagar,4.5
CUST10752,Chaaya Chatterjee,Warangal,Telangana,active,ORD100543,37927.99,Cookware Set,Home & Kitchen,2024-12-07 10:22:56,returned,yes,SELL1008,"Lalla, Bassi and Sharaf Retail",Burhanpur,4.1
CUST10361,Praneel Prabhakar,Nizamabad,Jharkhand,new,ORD100673,33574.01,Headphones,Electronics,2025-08-12 04:57:37,fulfilled,yes,SELL1021,"Tak, Chand and Batta Retail",Jamnagar,4.5
CUST10377,Gauri Mitter,Pimpri-Chinchwad,Rajasthan,inactive,ORD100920,36038.73,Face Cream,Beauty,2025-10-05 03:06:13,fulfilled,no,SELL1013,Loke Ltd Retail,Narasaraopet,3.8
CUST10212,Vansha Ahuja,Bihar Sharif,Tripura,dormant,ORD100063,15089.73,Silver Earrings,Jewelry,2025-03-19 10:38:25,fulfilled,yes,SELL1001,Chaudry Ltd Retail,Gudivada,3.5
CUST10152,Gautam Merchant,Vijayanagaram,Goa,active,ORD100141,26510.91,Hair Oil,Beauty,2024-10-23 11:50:55,fulfilled,yes,SELL1024,"Yadav, Loke and Oak Retail",Durg,4.9
CUST10120,Shravya Sachdev,Udaipur,West Bengal,new,ORD100716,25822.45,Remote Car,Toys & Games,2024-06-07 11:23:53,returned,no,SELL1019,Koshy Ltd Retail,Bhimavaram,3.5
CUST10536,Ekapad Rege,Kolhapur,Rajasthan,new,ORD100376,31656.73,Bed Sheet,Home & Kitchen,2025-01-10 17:58:19,fulfilled,yes,SELL1011,Kaul Inc Retail,Alwar,4.3
CUST10666,Kevin Chahal,Chinsurah,Manipur,inactive,ORD100363,3357.07,Sneakers,Footwear,2025-07-27 03:42:57,fulfilled,yes,SELL1019,Koshy Ltd Retail,Bhimavaram,3.5
CUST10679,Ranveer Krishna,Jalandhar,Rajasthan,inactive,ORD100139,8783.63,Jacket,Fashion,2025-10-04 13:25:29,fulfilled,yes,SELL1002,Balay-Balan Retail,Bellary,3.9
CUST10270,Ojasvi Shah,Bokaro,Manipur,dormant,ORD100884,21572.7,Mixer Grinder,Home & Kitchen,2025-06-20 04:56:41,fulfilled,no,SELL1012,Patla-Gaba Retail,Raichur,3.5
CUST10387,Hemal Zachariah,Patna,Maharashtra,new,ORD101041,26177.95,T-Shirt,Fashion,2026-04-04 03:29:38,lost_parcel,yes,SELL1001,Chaudry Ltd Retail,Gudivada,3.5
CUST10675,Ira Khosla,Gaya,Sikkim,new,ORD100224,22764.52,Cookware Set,Home & Kitchen,2025-10-21 13:11:28,returned,yes,SELL1005,Ahuja-Dutta Retail,Mau,4.5
CUST10800,Gagan Rama,Suryapet,Karnataka,dormant,ORD100514,878.56,Self Help Book,Books,2026-03-16 21:23:40,returned,no,SELL1019,Koshy Ltd Retail,Bhimavaram,3.5
CUST10773,Nathaniel Tara,Panchkula,Jharkhand,active,ORD100266,34153.33,Lipstick,Beauty,2025-06-10 20:24:59,fulfilled,no,SELL1021,"Tak, Chand and Batta Retail",Jamnagar,4.5
CUST10475,Hemani Ravel,Barasat,Assam,dormant,ORD101169,29479.68,Board Game,Toys & Games,2024-06-18 05:56:11,fulfilled,no,SELL1024,"Yadav, Loke and Oak Retail",Durg,4.9
CUST10713,Harrison Nayar,North Dumdum,Chhattisgarh,active,ORD100486,36055.29,Mixer Grinder,Home & Kitchen,2024-09-19 20:50:51,processing,yes,SELL1004,Saini and Sons Retail,Giridih,4.6
CUST10768,Garima Chandran,Berhampur,Gujarat,new,ORD100352,20503.48,Jacket,Fashion,2026-04-20 13:42:29,fulfilled,no,SELL1016,Balay LLC Retail,Agartala,3.8
CUST10047,Kashvi Vala,Rampur,Goa,dormant,ORD101005,17608.8,Puzzle,Toys & Games,2025-08-15 07:35:17,returned,yes,SELL1017,Kakar PLC Retail,Rajpur Sonarpur,4.4
CUST10433,Aryan Varughese,Kottayam,Uttar Pradesh,inactive,ORD100617,37330.51,Hair Oil,Beauty,2025-06-19 16:16:52,fulfilled,no,SELL1002,Balay-Balan Retail,Bellary,3.9
CUST10215,Pavani Desai,Morena,Tripura,inactive,ORD100667,13938.08,Gold Necklace,Jewelry,2024-11-17 03:07:00,fulfilled,no,SELL1010,Boase Inc Retail,Ramagundam,3.8
CUST10266,Charita Barad,Vijayawada,Tripura,active,ORD100774,10061.09,Jacket,Fashion,2024-07-02 23:14:14,fulfilled,yes,SELL1022,"Dutta, Sami and Bhatt Retail",Eluru,4.0
CUST10619,Kashvi Atwal,Bettiah,Gujarat,active,ORD100553,36830.3,Badminton Racket,Sports,2024-06-03 10:44:35,fulfilled,yes,SELL1015,Madan-Kanda Retail,Pimpri-Chinchwad,4.3
CUST10180,Isaiah Deo,Kozhikode,Bihar,dormant,ORD100575,32108.49,Sneakers,Footwear,2025-04-08 16:04:52,fulfilled,yes,SELL1024,"Yadav, Loke and Oak Retail",Durg,4.9
CUST10281,Maya Gokhale,Moradabad,Chhattisgarh,active,ORD100914,41240.23,Badminton Racket,Sports,2025-07-14 10:52:34,returned,no,SELL1001,Chaudry Ltd Retail,Gudivada,3.5
CUST10182,Ishani Randhawa,Dewas,Himachal Pradesh,new,ORD100465,35118.45,Silver Earrings,Jewelry,2026-02-16 12:20:27,fulfilled,yes,SELL1020,Rastogi-Pathak Retail,Durgapur,4.7
CUST10503,Hitesh Bath,Kumbakonam,Chhattisgarh,inactive,ORD100590,28043.46,Bracelet,Jewelry,2026-02-17 20:56:43,processing,no,SELL1008,"Lalla, Bassi and Sharaf Retail",Burhanpur,4.1
CUST10626,Prisha Chawla,Bokaro,Nagaland,new,ORD100764,4651.28,Screen Guard,Mobile Accessories,2025-03-28 10:19:50,fulfilled,no,SELL1013,Loke Ltd Retail,Narasaraopet,3.8
CUST10750,Ganga Parikh,Noida,Bihar,dormant,ORD100634,8782.17,Water Bottle,Home & Kitchen,2024-12-28 00:06:14,fulfilled,yes,SELL1010,Boase Inc Retail,Ramagundam,3.8
CUST10024,Bina Hari,Kochi,Andhra Pradesh,active,ORD100837,26378.97,Hair Oil,Beauty,2025-05-16 14:51:31,fulfilled,no,SELL1006,Dugal-Kale Retail,Kota,4.8
CUST10369,Aahana Srinivas,Panihati,Uttarakhand,dormant,ORD100289,21140.86,Football,Sports,2025-07-12 20:34:57,fulfilled,no,SELL1008,"Lalla, Bassi and Sharaf Retail",Burhanpur,4.1
CUST10131,Inaya Mody,Rajahmundry,Andhra Pradesh,active,ORD100039,24687.43,Yoga Mat,Sports,2025-10-15 04:40:22,fulfilled,yes,SELL1013,Loke Ltd Retail,Narasaraopet,3.8
CUST10430,Samar Lalla,Chandrapur,West Bengal,new,ORD100030,26177.26,Tablet,Electronics,2024-06-28 23:43:21,processing,yes,SELL1002,Balay-Balan Retail,Bellary,3.9
CUST10272,Shivani Prabhakar,Raiganj,Tripura,inactive,ORD100242,26391.07,Tablet,Electronics,2024-07-19 06:00:38,returned,no,SELL1015,Madan-Kanda Retail,Pimpri-Chinchwad,4.3
CUST10056,Indali Sanghvi,Kolhapur,Haryana,new,ORD100428,17862.12,Earphones,Mobile Accessories,2024-12-21 15:48:49,fulfilled,yes,SELL1004,Saini and Sons Retail,Giridih,4.6
CUST10761,Hredhaan Khalsa,Aurangabad,Kerala,inactive,ORD100136,17671.86,Badminton Racket,Sports,2025-08-10 00:02:00,lost_parcel,yes,SELL1018,"Tata, Randhawa and Shanker Retail",Bilaspur,4.7
CUST10707,Urishilla Pandya,Kolkata,Himachal Pradesh,new,ORD101100,37691.44,Charger,Mobile Accessories,2025-06-16 10:06:25,fulfilled,yes,SELL1012,Patla-Gaba Retail,Raichur,3.5
CUST10223,Udyati Singhal,Rajahmundry,Chhattisgarh,inactive,ORD100864,4729.12,Sneakers,Footwear,2026-03-20 08:45:37,processing,yes,SELL1016,Balay LLC Retail,Agartala,3.8
CUST10651,Isaac Patil,Mathura,Arunachal Pradesh,new,ORD100003,39031.69,Puzzle,Toys & Games,2024-11-23 14:56:03,fulfilled,no,SELL1014,"Garg, Walla and Konda Retail",Surendranagar Dudhrej,4.5
CUST10149,Prisha Bhattacharyya,Chittoor,Chhattisgarh,dormant,ORD100832,41443.32,Doll,Toys & Games,2024-08-23 07:26:25,processing,yes,SELL1024,"Yadav, Loke and Oak Retail",Durg,4.9
CUST10629,Maanav Bera,Kollam,Himachal Pradesh,new,ORD100602,34930.85,Gold Necklace,Jewelry,2025-12-24 05:13:29,fulfilled,yes,SELL1012,Patla-Gaba Retail,Raichur,3.5
CUST10259,Om Bhattacharyya,Davanagere,Karnataka,dormant,ORD101033,8874.96,Tablet,Electronics,2024-10-23 01:56:40,fulfilled,no,SELL1019,Koshy Ltd Retail,Bhimavaram,3.5
CUST10591,Siddharth Doctor,Sangli-Miraj & Kupwad,Kerala,dormant,ORD100654,26906.43,Fiction Novel,Books,2025-08-31 03:14:01,fulfilled,yes,SELL1023,"Sidhu, Wadhwa and Krishnamurthy Retail",Raipur,3.7
CUST10007,Gautami Shere,Pimpri-Chinchwad,Uttarakhand,dormant,ORD100843,3254.44,Running Shoes,Footwear,2025-06-29 06:16:17,fulfilled,no,SELL1002,Balay-Balan Retail,Bellary,3.9
CUST10348,Gaurav Chowdhury,Bhusawal,Kerala,active,ORD100783,22635.38,Gold Necklace,Jewelry,2025-02-15 01:41:29,fulfilled,yes,SELL1001,Chaudry Ltd Retail,Gudivada,3.5
CUST10734,Forum Ramakrishnan,Bhusawal,Gujarat,new,ORD101073,8820.91,Formal Shoes,Footwear,2024-09-09 14:17:51,fulfilled,no,SELL1024,"Yadav, Loke and Oak Retail",Durg,4.9
CUST10346,Jacob Balan,Haldia,Himachal Pradesh,new,ORD100442,33634.76,Exam Guide,Books,2025-07-01 10:06:46,fulfilled,no,SELL1000,"Choudhury, Bakshi and Maharaj Retail",Rajahmundry,4.5
CUST10048,Jalsa Sha,Siliguri,Tamil Nadu,new,ORD101177,19209.82,Laptop,Electronics,2025-04-16 04:14:20,fulfilled,no,SELL1009,Memon Ltd Retail,Gangtok,3.5
CUST10036,Pallavi Ratti,Jorhat,Nagaland,inactive,ORD100435,21588.4,Jacket,Fashion,2025-09-11 00:42:43,fulfilled,no,SELL1022,"Dutta, Sami and Bhatt Retail",Eluru,4.0
CUST10501,Manan Raval,Tiruppur,Nagaland,new,ORD101168,11250.79,Jeans,Fashion,2025-09-17 11:40:13,fulfilled,yes,SELL1012,Patla-Gaba Retail,Raichur,3.5
CUST10668,Vincent Mani,Malda,Assam,dormant,ORD100100,26057.82,Bed Sheet,Home & Kitchen,2025-11-05 10:32:46,processing,yes,SELL1016,Balay LLC Retail,Agartala,3.8
CUST10272,Aahana Mital,Aurangabad,Madhya Pradesh,inactive,ORD100772,17410.5,Cricket Bat,Sports,2025-08-05 12:54:06,fulfilled,no,SELL1008,"Lalla, Bassi and Sharaf Retail",Burhanpur,4.1
CUST10091,Libni Sarma,Rourkela,Maharashtra,dormant,ORD100494,3822.81,Bracelet,Jewelry,2025-06-07 12:28:37,fulfilled,yes,SELL1014,"Garg, Walla and Konda Retail",Surendranagar Dudhrej,4.5
CUST10182,Unnati Choudhary,Shimla,Tripura,active,ORD101027,43750.12,Puzzle,Toys & Games,2025-02-25 02:57:32,fulfilled,no,SELL1012,Patla-Gaba Retail,Raichur,3.5
CUST10627,Vihaan Kata,Indore,Kerala,inactive,ORD100806,39922.37,Formal Shoes,Footwear,2024-07-21 06:17:30,fulfilled,yes,SELL1020,Rastogi-Pathak Retail,Durgapur,4.7
CUST10468,Saksham Menon,Faridabad,Karnataka,dormant,ORD101141,43896.11,Cricket Bat,Sports,2024-05-26 15:32:59,returned,yes,SELL1000,"Choudhury, Bakshi and Maharaj Retail",Rajahmundry,4.5
CUST10600,Irya Bhatti,Parbhani,Uttarakhand,new,ORD100845,13238.29,Gold Necklace,Jewelry,2024-06-13 17:52:20,fulfilled,no,SELL1009,Memon Ltd Retail,Gangtok,3.5
CUST10354,Maanav Shanker,Bhatpara,Andhra Pradesh,dormant,ORD100986,29081.05,Earphones,Mobile Accessories,2025-12-15 03:18:24,returned,no,SELL1022,"Dutta, Sami and Bhatt Retail",Eluru,4.0
CUST10075,Hemani Khosla,Amaravati,Telangana,active,ORD100227,21887.12,Puzzle,Toys & Games,2025-12-29 06:16:48,fulfilled,no,SELL1014,"Garg, Walla and Konda Retail",Surendranagar Dudhrej,4.5
CUST10294,Saanvi Mall,Dehradun,Tamil Nadu,new,ORD101192,19920.95,Badminton Racket,Sports,2024-06-08 19:08:39,processing,yes,SELL1016,Balay LLC Retail,Agartala,3.8
CUST10497,Advika Wason,Buxar,Kerala,active,ORD100671,10632.47,Board Game,Toys & Games,2025-09-07 19:02:42,fulfilled,no,SELL1010,Boase Inc Retail,Ramagundam,3.8
CUST10711,Samuel Palla,Gopalpur,Chhattisgarh,inactive,ORD100858,1584.58,Jeans,Fashion,2025-11-18 14:52:01,fulfilled,no,SELL1004,Saini and Sons Retail,Giridih,4.6
CUST10122,Ranveer Dey,Nellore,Andhra Pradesh,inactive,ORD100924,34868.93,Bracelet,Jewelry,2025-11-30 13:40:13,returned,yes,SELL1015,Madan-Kanda Retail,Pimpri-Chinchwad,4.3
CUST10131,Avi Ramesh,Gwalior,Rajasthan,active,ORD100066,17681.31,Remote Car,Toys & Games,2025-04-18 10:41:01,processing,yes,SELL1014,"Garg, Walla and Konda Retail",Surendranagar Dudhrej,4.5
CUST10187,Triya Gopal,Bhilwara,Madhya Pradesh,active,ORD100067,4051.54,Remote Car,Toys & Games,2025-01-29 19:03:30,fulfilled,no,SELL1014,"Garg, Walla and Konda Retail",Surendranagar Dudhrej,4.5
CUST10393,Zansi Dhar,Bidhannagar,Assam,new,ORD100816,23308.24,Cricket Bat,Sports,2025-12-02 19:52:30,fulfilled,yes,SELL1003,Tiwari PLC Retail,Kishanganj,3.8
CUST10158,Upasna Hari,Aurangabad,Manipur,dormant,ORD100211,16487.49,Sneakers,Footwear,2025-05-14 03:06:03,processing,no,SELL1019,Koshy Ltd Retail,Bhimavaram,3.5
CUST10781,Raagini Pandya,Bulandshahr,Manipur,inactive,ORD100012,7368.81,Headphones,Electronics,2026-03-22 11:50:47,fulfilled,yes,SELL1016,Balay LLC Retail,Agartala,3.8
CUST10564,Ekansh Palla,Moradabad,Telangana,dormant,ORD100493,43665.45,Tablet,Electronics,2024-05-21 12:38:42,fulfilled,yes,SELL1007,Rai Inc Retail,Hapur,3.6
CUST10767,Ayushman Savant,Hyderabad,Tamil Nadu,inactive,ORD101164,13310.64,Cookware Set,Home & Kitchen,2026-02-05 18:17:36,returned,yes,SELL1006,Dugal-Kale Retail,Kota,4.8
CUST10383,Nicholas Shanker,Gaya,Andhra Pradesh,dormant,ORD100299,36739.9,Cookbook,Books,2025-12-13 16:18:55,fulfilled,yes,SELL1002,Balay-Balan Retail,Bellary,3.9
CUST10718,Kevin Krish,Pondicherry,Uttarakhand,new,ORD100410,36337.4,Cricket Bat,Sports,2024-11-28 19:31:02,processing,yes,SELL1022,"Dutta, Sami and Bhatt Retail",Eluru,4.0
CUST10136,Caleb Dayal,Patna,Gujarat,new,ORD100756,5968.04,Kurta,Fashion,2024-08-11 16:24:55,fulfilled,no,SELL1008,"Lalla, Bassi and Sharaf Retail",Burhanpur,4.1
CUST10594,Parth Kala,Gandhidham,Maharashtra,active,ORD101074,12897.77,Badminton Racket,Sports,2024-12-04 01:22:06,fulfilled,yes,SELL1012,Patla-Gaba Retail,Raichur,3.5
CUST10149,Nachiket Chhabra,Vijayawada,Sikkim,inactive,ORD100695,41077.61,Formal Shoes,Footwear,2025-10-17 19:53:01,returned,yes,SELL1005,Ahuja-Dutta Retail,Mau,4.5
CUST10709,Vasudha Dayal,Kollam,Goa,new,ORD101150,30046.46,Earphones,Mobile Accessories,2025-09-03 00:44:32,lost_parcel,yes,SELL1002,Balay-Balan Retail,Bellary,3.9
CUST10777,Krishna Zacharia,Gudivada,Punjab,new,ORD100723,23569.34,Fiction Novel,Books,2025-05-10 03:20:55,fulfilled,yes,SELL1018,"Tata, Randhawa and Shanker Retail",Bilaspur,4.7
CUST10476,Hema Gera,Bhopal,Telangana,dormant,ORD101015,42736.21,Fiction Novel,Books,2026-02-12 05:31:28,fulfilled,yes,SELL1010,Boase Inc Retail,Ramagundam,3.8
CUST10471,Dalbir Krish,Sirsa,Arunachal Pradesh,new,ORD100527,29200.93,Jeans,Fashion,2026-05-03 14:06:07,fulfilled,yes,SELL1000,"Choudhury, Bakshi and Maharaj Retail",Rajahmundry,4.5
CUST10099,Sai Kadakia,Hapur,Sikkim,dormant,ORD100599,2982.69,Cookbook,Books,2024-08-31 13:56:33,returned,no,SELL1020,Rastogi-Pathak Retail,Durgapur,4.7
CUST10082,Gaurav Bail,Ujjain,Madhya Pradesh,new,ORD101119,43557.31,Hair Oil,Beauty,2026-01-15 23:33:24,fulfilled,yes,SELL1015,Madan-Kanda Retail,Pimpri-Chinchwad,4.3
CUST10239,Naveen Baral,Dhule,Tamil Nadu,active,ORD100566,19318.8,Cookbook,Books,2026-05-15 07:27:39,fulfilled,no,SELL1024,"Yadav, Loke and Oak Retail",Durg,4.9
CUST10467,Adya Buch,Mathura,Mizoram,new,ORD100730,25679.75,Jacket,Fashion,2026-01-04 08:47:21,fulfilled,no,SELL1003,Tiwari PLC Retail,Kishanganj,3.8
CUST10460,Jasmit Dhawan,Madanapalle,Mizoram,dormant,ORD100273,34532.26,Puzzle,Toys & Games,2025-03-28 07:09:36,fulfilled,yes,SELL1012,Patla-Gaba Retail,Raichur,3.5
CUST10433,Faris Nayak,Kottayam,Sikkim,new,ORD100966,10665.42,Tablet,Electronics,2025-02-27 06:02:15,fulfilled,no,SELL1000,"Choudhury, Bakshi and Maharaj Retail",Rajahmundry,4.5
CUST10100,Damini Sehgal,Rourkela,Tamil Nadu,dormant,ORD100237,37191.24,Sneakers,Footwear,2025-04-30 07:48:52,fulfilled,no,SELL1004,Saini and Sons Retail,Giridih,4.6
CUST10731,Reva Dalal,Bhagalpur,Uttar Pradesh,new,ORD100405,28494.35,Charger,Mobile Accessories,2025-12-14 10:51:54,fulfilled,no,SELL1012,Patla-Gaba Retail,Raichur,3.5
CUST10234,Kashvi Edwin,Khora ,Karnataka,new,ORD100002,26107.22,T-Shirt,Fashion,2025-06-04 01:01:59,processing,yes,SELL1021,"Tak, Chand and Batta Retail",Jamnagar,4.5
CUST10275,Siddharth Zacharia,Bijapur,Madhya Pradesh,active,ORD100006,10537.68,Headphones,Electronics,2025-10-24 05:54:53,fulfilled,no,SELL1012,Patla-Gaba Retail,Raichur,3.5
CUST10090,Gavin Uppal,Pimpri-Chinchwad,Manipur,inactive,ORD100311,16387.67,Fiction Novel,Books,2024-08-31 00:22:59,fulfilled,no,SELL1004,Saini and Sons Retail,Giridih,4.6
CUST10394,Ansh Bajaj,Hubli–Dharwad,Manipur,inactive,ORD101090,18852.27,Bed Sheet,Home & Kitchen,2024-10-21 12:42:44,fulfilled,yes,SELL1014,"Garg, Walla and Konda Retail",Surendranagar Dudhrej,4.5
CUST10668,Jyoti Iyer,Phusro,Uttar Pradesh,dormant,ORD100451,38612.73,Lipstick,Beauty,2025-01-11 14:02:33,fulfilled,yes,SELL1008,"Lalla, Bassi and Sharaf Retail",Burhanpur,4.1
CUST10742,Karan Vyas,Bhopal,Arunachal Pradesh,active,ORD100721,37049.41,Power Bank,Mobile Accessories,2025-10-17 22:12:53,fulfilled,yes,SELL1006,Dugal-Kale Retail,Kota,4.8
CUST10177,Shivani Varghese,Junagadh,Assam,dormant,ORD100215,9247.17,Mixer Grinder,Home & Kitchen,2026-04-27 17:48:18,processing,no,SELL1014,"Garg, Walla and Konda Retail",Surendranagar Dudhrej,4.5
CUST10071,Aarush Rattan,Farrukhabad,Karnataka,dormant,ORD101085,6071.58,Doll,Toys & Games,2025-08-10 18:37:36,processing,yes,SELL1023,"Sidhu, Wadhwa and Krishnamurthy Retail",Raipur,3.7
CUST10556,Ekapad Konda,Anantapuram,Goa,active,ORD100027,10030.45,Tablet,Electronics,2025-04-25 21:06:53,returned,yes,SELL1023,"Sidhu, Wadhwa and Krishnamurthy Retail",Raipur,3.7
CUST10317,Benjamin Tripathi,Rourkela,Rajasthan,active,ORD101157,6819.57,Tablet,Electronics,2024-08-20 05:32:53,fulfilled,no,SELL1010,Boase Inc Retail,Ramagundam,3.8
CUST10073,Lajita Dube,Ratlam,Kerala,inactive,ORD100361,36824.59,Remote Car,Toys & Games,2024-08-11 07:00:56,fulfilled,yes,SELL1015,Madan-Kanda Retail,Pimpri-Chinchwad,4.3
CUST10283,Nicholas Dhillon,Faridabad,Maharashtra,active,ORD100822,13189.55,T-Shirt,Fashion,2025-01-14 19:27:29,fulfilled,no,SELL1005,Ahuja-Dutta Retail,Mau,4.5
CUST10677,Mohini Lala,Silchar,Mizoram,inactive,ORD100780,29255.98,Mixer Grinder,Home & Kitchen,2025-04-23 00:15:49,fulfilled,no,SELL1012,Patla-Gaba Retail,Raichur,3.5
CUST10283,Maanas Misra,Hyderabad,Nagaland,active,ORD100628,28590.66,Cricket Bat,Sports,2026-03-30 23:35:59,fulfilled,yes,SELL1005,Ahuja-Dutta Retail,Mau,4.5
CUST10358,Matthew Ahuja,Nagpur,Haryana,dormant,ORD100453,32159.21,Cookbook,Books,2025-07-15 03:53:48,fulfilled,no,SELL1012,Patla-Gaba Retail,Raichur,3.5
CUST10072,Ekbal Singhal,Nellore,Uttarakhand,active,ORD100738,37044.25,Water Bottle,Home & Kitchen,2024-11-30 18:34:53,fulfilled,no,SELL1012,Patla-Gaba Retail,Raichur,3.5
CUST10767,Ikshita Sharaf,Bellary,Manipur,new,ORD100535,24310.23,Kurta,Fashion,2025-01-10 05:09:18,fulfilled,yes,SELL1006,Dugal-Kale Retail,Kota,4.8
CUST10531,Indali Bhalla,Shahjahanpur,Haryana,inactive,ORD101049,27268.43,Exam Guide,Books,2025-10-05 21:54:07,fulfilled,yes,SELL1000,"Choudhury, Bakshi and Maharaj Retail",Rajahmundry,4.5
CUST10064,Chatresh Parmer,Shivpuri,Chhattisgarh,inactive,ORD100398,36233.99,Mixer Grinder,Home & Kitchen,2024-10-19 02:13:16,fulfilled,no,SELL1000,"Choudhury, Bakshi and Maharaj Retail",Rajahmundry,4.5
CUST10508,Girik Thakkar,Guntakal,Odisha,inactive,ORD100256,18978.88,Mixer Grinder,Home & Kitchen,2024-09-17 07:09:07,processing,no,SELL1012,Patla-Gaba Retail,Raichur,3.5
CUST10599,Xavier Bedi,Muzaffarpur,Arunachal Pradesh,dormant,ORD100291,33433.72,Headphones,Electronics,2024-08-06 08:35:16,fulfilled,yes,SELL1017,Kakar PLC Retail,Rajpur Sonarpur,4.4
CUST10389,Charita Shankar,Srinagar,Andhra Pradesh,active,ORD100025,21816.2,Board Game,Toys & Games,2025-05-11 11:49:25,processing,no,SELL1005,Ahuja-Dutta Retail,Mau,4.5
CUST10633,Lajita Shukla,Aizawl,Himachal Pradesh,inactive,ORD100336,26538.7,Football,Sports,2025-02-23 21:01:26,returned,no,SELL1014,"Garg, Walla and Konda Retail",Surendranagar Dudhrej,4.5
CUST10549,Gaurang Tara,Satna,Bihar,active,ORD100584,36067.01,Puzzle,Toys & Games,2025-06-10 20:28:25,returned,no,SELL1016,Balay LLC Retail,Agartala,3.8
CUST10524,Joshua Handa,Nadiad,Sikkim,active,ORD100047,15751.56,Badminton Racket,Sports,2025-12-22 15:00:05,fulfilled,yes,SELL1019,Koshy Ltd Retail,Bhimavaram,3.5
CUST10329,Udant Aggarwal,Bihar Sharif,Manipur,inactive,ORD100318,36751.57,Formal Shoes,Footwear,2025-10-25 15:42:35,fulfilled,yes,SELL1009,Memon Ltd Retail,Gangtok,3.5
CUST10125,Amruta Baria,Nandyal,Mizoram,active,ORD100106,41766.9,Bracelet,Jewelry,2025-10-08 13:46:46,processing,yes,SELL1015,Madan-Kanda Retail,Pimpri-Chinchwad,4.3
CUST10446,Ati Kar,Mau,Madhya Pradesh,new,ORD100798,2714.09,Football,Sports,2025-10-12 18:51:29,fulfilled,no,SELL1006,Dugal-Kale Retail,Kota,4.8
CUST10645,Chandresh Krish,Sirsa,Chhattisgarh,inactive,ORD100055,27623.56,Jacket,Fashion,2026-02-02 00:15:02,returned,no,SELL1013,Loke Ltd Retail,Narasaraopet,3.8
CUST10355,Deepa Mand,Navi Mumbai,West Bengal,dormant,ORD100522,44849.41,Smartphone,Electronics,2024-11-13 14:11:48,fulfilled,yes,SELL1021,"Tak, Chand and Batta Retail",Jamnagar,4.5
CUST10191,Zashil Ben,Serampore,Nagaland,dormant,ORD100213,11456.89,T-Shirt,Fashion,2026-05-16 05:15:24,fulfilled,yes,SELL1023,"Sidhu, Wadhwa and Krishnamurthy Retail",Raipur,3.7
CUST10081,Manthan Sekhon,Hapur,Karnataka,dormant,ORD100120,25596.55,Cookware Set,Home & Kitchen,2025-07-23 05:14:55,fulfilled,yes,SELL1005,Ahuja-Dutta Retail,Mau,4.5
CUST10140,Baljiwan Ramakrishnan,Saharanpur,Tamil Nadu,active,ORD100917,34360.06,Bed Sheet,Home & Kitchen,2025-01-31 17:15:19,fulfilled,no,SELL1020,Rastogi-Pathak Retail,Durgapur,4.7
CUST10087,Dayita Shetty,Karaikudi,Maharashtra,inactive,ORD101067,25839.83,Football,Sports,2025-04-13 07:46:09,returned,no,SELL1017,Kakar PLC Retail,Rajpur Sonarpur,4.4
CUST10520,Siddharth Bava,North Dumdum,Uttar Pradesh,active,ORD101117,4400.74,Formal Shoes,Footwear,2024-07-02 16:00:37,fulfilled,no,SELL1007,Rai Inc Retail,Hapur,3.6
CUST10621,Tejas Shroff,Arrah,Goa,active,ORD100072,21086.48,Exam Guide,Books,2025-09-03 03:25:15,returned,yes,SELL1005,Ahuja-Dutta Retail,Mau,4.5
CUST10682,Eshana Saini,Anantapur,Haryana,active,ORD100947,36108.99,Self Help Book,Books,2026-01-15 13:54:51,returned,yes,SELL1011,Kaul Inc Retail,Alwar,4.3
CUST10448,Hamsini Bhasin,Raurkela Industrial Township,Rajasthan,inactive,ORD100746,29282.65,Bed Sheet,Home & Kitchen,2024-09-17 02:00:36,fulfilled,no,SELL1021,"Tak, Chand and Batta Retail",Jamnagar,4.5
CUST10348,Amara Rana,Raiganj,Tripura,dormant,ORD100715,3258.79,Water Bottle,Home & Kitchen,2026-03-21 16:38:27,fulfilled,yes,SELL1000,"Choudhury, Bakshi and Maharaj Retail",Rajahmundry,4.5
CUST10607,Vrishti Parmer,Dehradun,Uttar Pradesh,inactive,ORD100557,1302.36,Laptop,Electronics,2025-03-29 20:31:40,fulfilled,yes,SELL1018,"Tata, Randhawa and Shanker Retail",Bilaspur,4.7
CUST10193,Reva Nadig,Visakhapatnam,Himachal Pradesh,dormant,ORD101081,42706.51,Saree,Fashion,2026-03-24 12:27:37,fulfilled,no,SELL1012,Patla-Gaba Retail,Raichur,3.5
CUST10106,Upma Soni,Guna,Arunachal Pradesh,active,ORD101045,20596.69,Yoga Mat,Sports,2025-03-20 12:42:15,fulfilled,yes,SELL1003,Tiwari PLC Retail,Kishanganj,3.8
CUST10386,Netra Sanghvi,Yamunanagar,Andhra Pradesh,inactive,ORD100552,16628.13,Saree,Fashion,2024-06-18 20:00:48,fulfilled,no,SELL1008,"Lalla, Bassi and Sharaf Retail",Burhanpur,4.1
CUST10742,Sachi Rai,Motihari,Himachal Pradesh,new,ORD100561,28157.19,Screen Guard,Mobile Accessories,2025-05-24 00:09:04,processing,yes,SELL1005,Ahuja-Dutta Retail,Mau,4.5
CUST10076,Harshil Munshi,Dewas,Chhattisgarh,new,ORD100424,13481.71,Football,Sports,2025-03-13 19:11:59,fulfilled,no,SELL1003,Tiwari PLC Retail,Kishanganj,3.8
CUST10102,Omisha Sharma,Bhiwandi,Uttarakhand,new,ORD101013,8410.35,Headphones,Electronics,2024-08-30 11:06:25,fulfilled,no,SELL1012,Patla-Gaba Retail,Raichur,3.5
CUST10663,Odika Mital,Ghaziabad,Nagaland,active,ORD100325,5187.92,Hair Oil,Beauty,2025-08-23 02:14:13,fulfilled,no,SELL1005,Ahuja-Dutta Retail,Mau,4.5
CUST10121,Madhavi Chhabra,Morbi,Assam,active,ORD100923,4280.13,Yoga Mat,Sports,2026-04-08 02:21:01,returned,no,SELL1018,"Tata, Randhawa and Shanker Retail",Bilaspur,4.7
CUST10201,Saumya Purohit,Jodhpur,Sikkim,dormant,ORD100316,32523.93,Bracelet,Jewelry,2025-10-16 13:28:10,fulfilled,no,SELL1019,Koshy Ltd Retail,Bhimavaram,3.5
CUST10397,Qarin Nadkarni,Ludhiana,Tripura,new,ORD100803,6778.02,Running Shoes,Footwear,2025-01-23 01:31:37,fulfilled,yes,SELL1005,Ahuja-Dutta Retail,Mau,4.5
CUST10135,Jalsa Korpal,Bettiah,Maharashtra,new,ORD101162,12920.96,Perfume,Beauty,2026-01-21 23:31:39,returned,yes,SELL1003,Tiwari PLC Retail,Kishanganj,3.8
CUST10234,Rushil Mahal,Madhyamgram,Mizoram,new,ORD100528,2724.84,Fiction Novel,Books,2025-03-24 20:18:10,fulfilled,no,SELL1018,"Tata, Randhawa and Shanker Retail",Bilaspur,4.7
CUST10095,Kai Taneja,Kumbakonam,Uttar Pradesh,new,ORD100836,27902.85,Perfume,Beauty,2024-10-07 06:28:34,fulfilled,yes,SELL1011,Kaul Inc Retail,Alwar,4.3
CUST10592,Fariq Edwin,Ambattur,Karnataka,new,ORD100714,25552.5,Cricket Bat,Sports,2025-01-21 15:48:03,returned,no,SELL1006,Dugal-Kale Retail,Kota,4.8
CUST10616,Charles Ganesh,Silchar,Meghalaya,inactive,ORD100900,37119.69,Water Bottle,Home & Kitchen,2025-01-09 14:39:10,fulfilled,yes,SELL1021,"Tak, Chand and Batta Retail",Jamnagar,4.5
CUST10797,Matthew Kashyap,Jamnagar,Tamil Nadu,dormant,ORD100060,20417.57,Hair Oil,Beauty,2024-11-02 17:07:59,fulfilled,no,SELL1024,"Yadav, Loke and Oak Retail",Durg,4.9
CUST10342,Eshana Soni,Panvel,Himachal Pradesh,dormant,ORD100722,482.72,Tablet,Electronics,2025-07-20 14:23:15,lost_parcel,yes,SELL1002,Balay-Balan Retail,Bellary,3.9
CUST10583,Jonathan Swaminathan,Ahmedabad,Odisha,active,ORD100092,13590.98,Running Shoes,Footwear,2024-12-27 09:13:54,fulfilled,yes,SELL1009,Memon Ltd Retail,Gangtok,3.5
CUST10782,Manthan Dugar,Raipur,Andhra Pradesh,new,ORD100857,6513.06,Bracelet,Jewelry,2025-09-16 09:17:53,fulfilled,no,SELL1016,Balay LLC Retail,Agartala,3.8
CUST10193,Vidhi Bassi,Nellore,Karnataka,active,ORD100618,13024.34,Screen Guard,Mobile Accessories,2025-06-23 16:27:14,fulfilled,no,SELL1013,Loke Ltd Retail,Narasaraopet,3.8
CUST10592,Daksh Andra,Gwalior,Meghalaya,new,ORD100351,37332.97,Doll,Toys & Games,2026-03-08 02:51:07,fulfilled,no,SELL1004,Saini and Sons Retail,Giridih,4.6
CUST10325,Dev Jain,Naihati,Uttar Pradesh,dormant,ORD100932,41885.54,Gold Necklace,Jewelry,2026-02-28 18:59:32,fulfilled,yes,SELL1002,Balay-Balan Retail,Bellary,3.9
CUST10147,Manbir Kibe,Chapra,Tamil Nadu,inactive,ORD100280,26112.7,Yoga Mat,Sports,2024-08-13 21:21:48,fulfilled,no,SELL1009,Memon Ltd Retail,Gangtok,3.5
CUST10272,Vivaan Sanghvi,Bareilly,Andhra Pradesh,inactive,ORD100420,37028.1,Badminton Racket,Sports,2024-11-02 07:13:17,fulfilled,yes,SELL1000,"Choudhury, Bakshi and Maharaj Retail",Rajahmundry,4.5
CUST10211,Meera Prakash,North Dumdum,Chhattisgarh,active,ORD101114,38157.83,Football,Sports,2024-06-11 23:01:20,processing,yes,SELL1007,Rai Inc Retail,Hapur,3.6
CUST10672,Vedant Parekh,Bhiwani,Goa,active,ORD100359,2613.94,Self Help Book,Books,2025-10-30 11:11:34,returned,yes,SELL1013,Loke Ltd Retail,Narasaraopet,3.8
CUST10560,Abhiram Oza,Bhusawal,Tamil Nadu,dormant,ORD100422,39839.36,Silver Earrings,Jewelry,2024-08-31 04:41:09,fulfilled,no,SELL1011,Kaul Inc Retail,Alwar,4.3
CUST10789,Baljiwan Rajagopalan,Srikakulam,Rajasthan,inactive,ORD100678,38857.53,Self Help Book,Books,2025-06-29 05:00:35,fulfilled,yes,SELL1013,Loke Ltd Retail,Narasaraopet,3.8
CUST10435,Krishna Viswanathan,Malegaon,Gujarat,active,ORD100526,28323.54,Lipstick,Beauty,2026-03-31 07:18:37,fulfilled,no,SELL1021,"Tak, Chand and Batta Retail",Jamnagar,4.5
CUST10524,Eiravati Kanda,Parbhani,Arunachal Pradesh,active,ORD100477,28138.68,Bed Sheet,Home & Kitchen,2026-02-07 15:09:48,fulfilled,yes,SELL1003,Tiwari PLC Retail,Kishanganj,3.8
CUST10352,Rayaan Lata,Shimla,Madhya Pradesh,dormant,ORD101094,20958.35,Jacket,Fashion,2024-08-29 15:51:14,lost_parcel,no,SELL1012,Patla-Gaba Retail,Raichur,3.5
CUST10185,Laksh Kumer,Khammam,Bihar,inactive,ORD100182,23028.94,Headphones,Electronics,2024-05-26 12:51:30,fulfilled,no,SELL1009,Memon Ltd Retail,Gangtok,3.5
CUST10281,Om Bawa,Tadipatri,Maharashtra,new,ORD101091,17891.14,Laptop,Electronics,2025-08-29 20:53:39,fulfilled,yes,SELL1005,Ahuja-Dutta Retail,Mau,4.5
CUST10232,Kevin Ram,Ambarnath,Nagaland,new,ORD100432,2293.42,Silver Earrings,Jewelry,2025-11-01 23:43:30,fulfilled,yes,SELL1008,"Lalla, Bassi and Sharaf Retail",Burhanpur,4.1
CUST10520,Suhani Chakrabarti,Nizamabad,Karnataka,new,ORD100110,38921.87,Cookbook,Books,2024-08-18 13:41:51,returned,no,SELL1010,Boase Inc Retail,Ramagundam,3.8
CUST10075,Hredhaan Deshmukh,Chennai,Madhya Pradesh,active,ORD100370,16633.3,Bed Sheet,Home & Kitchen,2025-02-02 13:44:24,fulfilled,yes,SELL1024,"Yadav, Loke and Oak Retail",Durg,4.9
CUST10468,Falan Ravi,Anand,Uttar Pradesh,inactive,ORD100239,2038.49,Badminton Racket,Sports,2025-12-23 23:52:26,fulfilled,yes,SELL1016,Balay LLC Retail,Agartala,3.8
CUST10002,Mitali Chaudhary,Allahabad,Gujarat,active,ORD100708,39799.65,Hair Oil,Beauty,2026-02-11 15:25:51,fulfilled,yes,SELL1006,Dugal-Kale Retail,Kota,4.8
CUST10487,Jatin Barman,Chapra,Punjab,inactive,ORD100629,698.17,Tablet,Electronics,2025-03-22 14:58:40,fulfilled,yes,SELL1022,"Dutta, Sami and Bhatt Retail",Eluru,4.0
CUST10104,Chakradhar Dasgupta,Berhampore,Sikkim,new,ORD100593,827.36,Perfume,Beauty,2025-08-21 06:24:43,fulfilled,no,SELL1018,"Tata, Randhawa and Shanker Retail",Bilaspur,4.7
CUST10279,Lucky Choudhry,Srinagar,Kerala,dormant,ORD100485,8473.45,Doll,Toys & Games,2025-11-18 18:18:10,fulfilled,no,SELL1014,"Garg, Walla and Konda Retail",Surendranagar Dudhrej,4.5
CUST10190,Diya Anand,Bhagalpur,Madhya Pradesh,inactive,ORD100700,28003.16,Power Bank,Mobile Accessories,2025-08-14 19:32:26,fulfilled,no,SELL1001,Chaudry Ltd Retail,Gudivada,3.5
CUST10489,Harini Dhawan,Imphal,Telangana,new,ORD100261,4176.27,Jeans,Fashion,2026-03-20 02:48:56,processing,yes,SELL1004,Saini and Sons Retail,Giridih,4.6
CUST10213,Amaira Walla,Muzaffarnagar,Odisha,dormant,ORD100479,13501.49,Tablet,Electronics,2026-03-09 00:45:39,fulfilled,yes,SELL1015,Madan-Kanda Retail,Pimpri-Chinchwad,4.3
CUST10036,Balveer Naik,Saharsa,Rajasthan,new,ORD100649,20302.69,Board Game,Toys & Games,2026-02-23 22:30:23,fulfilled,yes,SELL1023,"Sidhu, Wadhwa and Krishnamurthy Retail",Raipur,3.7
CUST10711,Chakrika Dua,Ozhukarai,Haryana,inactive,ORD100339,19209.26,Bracelet,Jewelry,2025-03-11 13:29:20,fulfilled,no,SELL1017,Kakar PLC Retail,Rajpur Sonarpur,4.4
CUST10716,Bhanumati Rege,Maheshtala,Andhra Pradesh,active,ORD100668,24830.91,Formal Shoes,Footwear,2025-11-22 08:15:17,fulfilled,yes,SELL1022,"Dutta, Sami and Bhatt Retail",Eluru,4.0
CUST10270,Nathan Suri,Bikaner,Punjab,inactive,ORD100551,4913.26,Screen Guard,Mobile Accessories,2025-04-22 09:43:45,fulfilled,no,SELL1023,"Sidhu, Wadhwa and Krishnamurthy Retail",Raipur,3.7
CUST10398,Meera Borde,Raebareli,Sikkim,active,ORD100458,44886.87,Cookbook,Books,2024-08-30 01:20:29,fulfilled,yes,SELL1012,Patla-Gaba Retail,Raichur,3.5
CUST10303,Qushi Gill,Nadiad,Nagaland,active,ORD100183,8881.83,Cookware Set,Home & Kitchen,2025-11-18 02:08:44,fulfilled,yes,SELL1002,Balay-Balan Retail,Bellary,3.9
CUST10034,Chakrika Bains,Panipat,Andhra Pradesh,new,ORD100137,37565.91,Running Shoes,Footwear,2025-08-03 02:26:38,fulfilled,no,SELL1008,"Lalla, Bassi and Sharaf Retail",Burhanpur,4.1
CUST10164,Saksham Sarna,Chennai,Haryana,active,ORD101160,38597.87,Puzzle,Toys & Games,2026-02-27 22:48:41,fulfilled,no,SELL1021,"Tak, Chand and Batta Retail",Jamnagar,4.5
CUST10624,Urvashi Andra,Bidar,Meghalaya,new,ORD100706,21919.22,Sandals,Footwear,2024-09-01 23:29:46,fulfilled,no,SELL1013,Loke Ltd Retail,Narasaraopet,3.8
CUST10264,Advay Dugar,Shimla,West Bengal,new,ORD100581,22791.16,Cricket Bat,Sports,2024-09-26 00:06:51,fulfilled,no,SELL1016,Balay LLC Retail,Agartala,3.8
CUST10500,Arya Seshadri,Madhyamgram,Odisha,inactive,ORD100080,15336.27,Silver Earrings,Jewelry,2025-09-06 14:10:12,fulfilled,no,SELL1005,Ahuja-Dutta Retail,Mau,4.5
CUST10095,Bakhshi Mane,Kadapa,Chhattisgarh,active,ORD100768,11559.01,Smartphone,Electronics,2026-04-12 01:36:54,processing,yes,SELL1019,Koshy Ltd Retail,Bhimavaram,3.5
CUST10291,Chasmum Walia,Rewa,Odisha,dormant,ORD100869,3975.57,Gold Necklace,Jewelry,2025-04-06 15:52:41,fulfilled,no,SELL1012,Patla-Gaba Retail,Raichur,3.5
CUST10476,Banjeet Bobal,Solapur,Gujarat,dormant,ORD100761,34069.89,T-Shirt,Fashion,2025-06-28 00:40:11,fulfilled,no,SELL1005,Ahuja-Dutta Retail,Mau,4.5
CUST10692,Nachiket Magar,Mahbubnagar,Gujarat,inactive,ORD100029,38354.86,Saree,Fashion,2025-11-28 22:01:23,fulfilled,yes,SELL1002,Balay-Balan Retail,Bellary,3.9
CUST10138,Ranveer Oza,Deoghar,Rajasthan,new,ORD100541,35418.79,Puzzle,Toys & Games,2026-01-20 04:18:14,lost_parcel,no,SELL1011,Kaul Inc Retail,Alwar,4.3
CUST10415,Hardik Contractor,Chinsurah,Manipur,dormant,ORD100165,41475.88,Badminton Racket,Sports,2026-04-10 07:58:44,fulfilled,no,SELL1018,"Tata, Randhawa and Shanker Retail",Bilaspur,4.7
CUST10213,Janaki Trivedi,Bhilai,Gujarat,dormant,ORD100248,42384.35,Exam Guide,Books,2026-01-25 17:56:12,fulfilled,no,SELL1022,"Dutta, Sami and Bhatt Retail",Eluru,4.0
CUST10335,Vanya Dua,Medininagar,Kerala,active,ORD100307,37788.6,Badminton Racket,Sports,2025-04-08 12:41:11,fulfilled,no,SELL1024,"Yadav, Loke and Oak Retail",Durg,4.9
CUST10204,Praneel Banik,Rajahmundry,Karnataka,new,ORD100447,1777.31,Headphones,Electronics,2024-11-29 08:43:25,fulfilled,no,SELL1022,"Dutta, Sami and Bhatt Retail",Eluru,4.0
CUST10357,Anay Wagle,Jorhat,Jharkhand,active,ORD100346,13606.89,Smart Watch,Electronics,2024-06-02 20:19:25,fulfilled,yes,SELL1008,"Lalla, Bassi and Sharaf Retail",Burhanpur,4.1
CUST10550,Chavvi Aurora,Jhansi,Telangana,inactive,ORD100334,9497.77,Saree,Fashion,2024-08-19 15:41:41,fulfilled,yes,SELL1003,Tiwari PLC Retail,Kishanganj,3.8
CUST10095,Umang Mishra,Dhule,Tamil Nadu,inactive,ORD100285,9388.36,Jacket,Fashion,2025-11-19 02:41:46,fulfilled,no,SELL1011,Kaul Inc Retail,Alwar,4.3
CUST10646,Keya Kannan,Chittoor,Odisha,dormant,ORD100949,36551.26,Formal Shoes,Footwear,2025-05-31 18:46:36,fulfilled,no,SELL1013,Loke Ltd Retail,Narasaraopet,3.8
CUST10128,Dalaja Bhasin,Dhule,Rajasthan,dormant,ORD100097,2964.88,Exam Guide,Books,2024-10-31 10:33:26,fulfilled,no,SELL1014,"Garg, Walla and Konda Retail",Surendranagar Dudhrej,4.5
CUST10440,Girindra Shere,Kolhapur,Bihar,dormant,ORD100467,6083.58,Doll,Toys & Games,2024-05-29 19:39:20,fulfilled,yes,SELL1012,Patla-Gaba Retail,Raichur,3.5
CUST10200,Manan Sha,Bhilai,Himachal Pradesh,new,ORD101036,24098.27,Cricket Bat,Sports,2025-06-04 14:44:49,fulfilled,yes,SELL1012,Patla-Gaba Retail,Raichur,3.5
CUST10454,Aradhana Bhatia,Munger,Karnataka,dormant,ORD100912,40671.03,Saree,Fashion,2024-07-06 04:20:12,fulfilled,no,SELL1007,Rai Inc Retail,Hapur,3.6
CUST10299,Ekantika Rout,Bhubaneswar,Bihar,active,ORD100755,26142.48,Sneakers,Footwear,2025-06-30 21:55:38,fulfilled,yes,SELL1021,"Tak, Chand and Batta Retail",Jamnagar,4.5
CUST10057,Chatura Patla,Bhagalpur,Maharashtra,active,ORD100944,9747.31,Headphones,Electronics,2024-12-01 18:51:30,fulfilled,no,SELL1010,Boase Inc Retail,Ramagundam,3.8
CUST10311,Ojasvi Yadav,Tiruchirappalli,Kerala,active,ORD100613,14061.02,Puzzle,Toys & Games,2024-11-08 08:11:36,fulfilled,yes,SELL1004,Saini and Sons Retail,Giridih,4.6
CUST10101,Lakshit Jain,Tirupati,Tamil Nadu,inactive,ORD100801,10583.06,Kurta,Fashion,2025-11-19 05:27:26,returned,yes,SELL1007,Rai Inc Retail,Hapur,3.6
CUST10606,Rehaan Chaudhary,Aurangabad,Rajasthan,inactive,ORD100757,933.89,Saree,Fashion,2026-03-01 02:30:56,fulfilled,no,SELL1005,Ahuja-Dutta Retail,Mau,4.5
CUST10041,Harinakshi Shanker,Dharmavaram,West Bengal,dormant,ORD100688,39536.64,Perfume,Beauty,2024-06-10 18:36:59,fulfilled,yes,SELL1023,"Sidhu, Wadhwa and Krishnamurthy Retail",Raipur,3.7
CUST10225,Lopa Nayar,Dehradun,Uttarakhand,new,ORD100065,38448.98,Remote Car,Toys & Games,2025-05-18 13:32:46,fulfilled,yes,SELL1015,Madan-Kanda Retail,Pimpri-Chinchwad,4.3
CUST10278,Vihaan Rai,Satna,Meghalaya,dormant,ORD100793,31248.11,Lipstick,Beauty,2026-03-24 18:34:39,fulfilled,yes,SELL1020,Rastogi-Pathak Retail,Durgapur,4.7
CUST10443,Tejas Chowdhury,Raebareli,Karnataka,dormant,ORD100743,5202.62,Fiction Novel,Books,2024-06-01 05:38:41,fulfilled,no,SELL1007,Rai Inc Retail,Hapur,3.6
CUST10536,Ganga Keer,Ahmedabad,Sikkim,active,ORD100567,11823.14,Smartphone,Electronics,2024-07-28 15:53:44,fulfilled,no,SELL1018,"Tata, Randhawa and Shanker Retail",Bilaspur,4.7
CUST10291,Naveen Lal,Nagercoil,Maharashtra,inactive,ORD101083,1498.71,Face Cream,Beauty,2025-08-31 05:01:01,fulfilled,yes,SELL1012,Patla-Gaba Retail,Raichur,3.5
CUST10688,Ekiya Rao,Yamunanagar,Tamil Nadu,active,ORD101098,24198.56,Remote Car,Toys & Games,2025-04-14 07:28:39,fulfilled,yes,SELL1002,Balay-Balan Retail,Bellary,3.9
CUST10044,Qasim Dey,North Dumdum,Haryana,inactive,ORD100302,29127.0,Cricket Bat,Sports,2024-05-25 20:05:06,fulfilled,no,SELL1016,Balay LLC Retail,Agartala,3.8
CUST10205,Nitesh Edwin,Kamarhati,Kerala,new,ORD100254,18488.17,Silver Earrings,Jewelry,2025-06-27 13:43:06,fulfilled,yes,SELL1020,Rastogi-Pathak Retail,Durgapur,4.7
CUST10634,Abdul Sahni,Thane,Meghalaya,new,ORD100958,39134.36,Running Shoes,Footwear,2025-12-11 05:45:06,fulfilled,no,SELL1009,Memon Ltd Retail,Gangtok,3.5
CUST10679,Akshay Wadhwa,Nellore,Jharkhand,new,ORD101023,28691.73,Silver Earrings,Jewelry,2024-09-30 22:51:06,fulfilled,no,SELL1007,Rai Inc Retail,Hapur,3.6
CUST10096,Tanmayi Bhardwaj,Aizawl,Telangana,new,ORD100312,4916.3,Kurta,Fashion,2024-06-06 10:35:35,lost_parcel,yes,SELL1017,Kakar PLC Retail,Rajpur Sonarpur,4.4
CUST10399,Azaan Khurana,Unnao,Punjab,active,ORD100529,28470.34,Puzzle,Toys & Games,2025-05-02 00:43:59,fulfilled,yes,SELL1000,"Choudhury, Bakshi and Maharaj Retail",Rajahmundry,4.5
CUST10057,Indrajit Mani,Barasat,Bihar,active,ORD100221,34619.61,Bed Sheet,Home & Kitchen,2024-06-26 14:52:36,fulfilled,no,SELL1016,Balay LLC Retail,Agartala,3.8
CUST10504,Qarin Grewal,Tenali,Andhra Pradesh,active,ORD100388,4945.63,Power Bank,Mobile Accessories,2025-12-14 06:40:40,processing,yes,SELL1013,Loke Ltd Retail,Narasaraopet,3.8
CUST10411,Zilmil Loke,Khandwa,Assam,active,ORD100235,32819.34,Puzzle,Toys & Games,2025-04-19 23:51:41,fulfilled,yes,SELL1001,Chaudry Ltd Retail,Gudivada,3.5
CUST10042,Nilima Aurora,Haridwar,Haryana,dormant,ORD100809,41144.75,Smart Watch,Electronics,2025-12-18 03:28:48,returned,yes,SELL1001,Chaudry Ltd Retail,Gudivada,3.5
CUST10041,Dayamai Gill,Agra,Assam,new,ORD100482,12105.65,Smartphone,Electronics,2024-07-03 03:48:34,fulfilled,no,SELL1005,Ahuja-Dutta Retail,Mau,4.5
CUST10037,Sanya Brar,Srikakulam,Jharkhand,inactive,ORD100712,15073.34,Badminton Racket,Sports,2025-05-15 17:43:40,fulfilled,no,SELL1015,Madan-Kanda Retail,Pimpri-Chinchwad,4.3
CUST10554,Damyanti Dutta,Ambala,Tamil Nadu,new,ORD100305,7560.69,Perfume,Beauty,2026-01-08 11:38:23,fulfilled,yes,SELL1021,"Tak, Chand and Batta Retail",Jamnagar,4.5
CUST10632,Isaiah Divan,Karnal,Assam,active,ORD101110,22802.38,Laptop,Electronics,2024-10-25 18:38:02,fulfilled,no,SELL1000,"Choudhury, Bakshi and Maharaj Retail",Rajahmundry,4.5
CUST10718,Jhalak Gopal,Burhanpur,Uttarakhand,new,ORD101089,33256.63,Cookbook,Books,2026-04-07 10:04:53,fulfilled,yes,SELL1011,Kaul Inc Retail,Alwar,4.3
CUST10800,Nachiket Devi,Ambarnath,Odisha,active,ORD100771,34690.12,Football,Sports,2024-11-30 14:25:58,fulfilled,yes,SELL1005,Ahuja-Dutta Retail,Mau,4.5
CUST10747,Ekavir Krishna,Surat,Meghalaya,new,ORD100916,22932.66,Badminton Racket,Sports,2024-09-13 03:36:26,fulfilled,yes,SELL1019,Koshy Ltd Retail,Bhimavaram,3.5
CUST10597,Rajata Yohannan,Chandigarh,Jharkhand,active,ORD101138,723.95,Fiction Novel,Books,2026-01-08 09:24:16,fulfilled,yes,SELL1021,"Tak, Chand and Batta Retail",Jamnagar,4.5
CUST10588,Warjas Tak,Karimnagar,Nagaland,dormant,ORD100249,25353.36,Exam Guide,Books,2025-08-08 00:47:11,lost_parcel,no,SELL1003,Tiwari PLC Retail,Kishanganj,3.8
CUST10771,Agastya Joshi,Vijayawada,Manipur,dormant,ORD100759,43540.32,Formal Shoes,Footwear,2026-02-01 16:51:23,returned,yes,SELL1015,Madan-Kanda Retail,Pimpri-Chinchwad,4.3
CUST10483,Wishi Agrawal,Begusarai,Maharashtra,new,ORD100594,8664.9,Self Help Book,Books,2026-03-03 01:25:41,fulfilled,no,SELL1008,"Lalla, Bassi and Sharaf Retail",Burhanpur,4.1
CUST10686,Ryan Bahri,Mathura,Chhattisgarh,active,ORD100071,28073.33,Lipstick,Beauty,2025-05-23 08:34:49,fulfilled,yes,SELL1015,Madan-Kanda Retail,Pimpri-Chinchwad,4.3
CUST10462,Ishaan Bhattacharyya,Pallavaram,Assam,dormant,ORD100094,24973.61,Mixer Grinder,Home & Kitchen,2025-08-11 17:12:59,fulfilled,yes,SELL1013,Loke Ltd Retail,Narasaraopet,3.8
CUST10794,Osha Narula,Bhilwara,Odisha,inactive,ORD100545,24592.62,Earphones,Mobile Accessories,2025-01-03 22:16:21,fulfilled,yes,SELL1020,Rastogi-Pathak Retail,Durgapur,4.7
CUST10251,Isaac Borra,Bongaigaon,Arunachal Pradesh,new,ORD100033,22912.55,Water Bottle,Home & Kitchen,2026-02-27 18:44:28,fulfilled,no,SELL1002,Balay-Balan Retail,Bellary,3.9
CUST10099,Hitesh Rajagopal,Chandigarh,Maharashtra,active,ORD100861,2233.73,Fiction Novel,Books,2025-03-20 22:37:13,processing,yes,SELL1024,"Yadav, Loke and Oak Retail",Durg,4.9
CUST10721,Advika Murthy,Loni,Tripura,active,ORD100578,18423.06,Face Cream,Beauty,2025-12-19 02:54:54,processing,no,SELL1023,"Sidhu, Wadhwa and Krishnamurthy Retail",Raipur,3.7
CUST10382,Ekaja Madan,Aurangabad,Kerala,dormant,ORD100448,22878.65,T-Shirt,Fashion,2024-08-21 06:33:25,fulfilled,yes,SELL1007,Rai Inc Retail,Hapur,3.6
CUST10528,Jack Kari,Varanasi,West Bengal,inactive,ORD100445,33419.97,Screen Guard,Mobile Accessories,2026-03-21 18:54:56,fulfilled,no,SELL1001,Chaudry Ltd Retail,Gudivada,3.5
CUST10736,Chasmum Subramanian,Machilipatnam,Jharkhand,inactive,ORD100259,15080.91,Bracelet,Jewelry,2025-05-07 19:26:16,fulfilled,no,SELL1008,"Lalla, Bassi and Sharaf Retail",Burhanpur,4.1
CUST10128,Dayita Puri,Warangal,Sikkim,new,ORD100204,13088.44,Headphones,Electronics,2025-11-17 10:28:46,fulfilled,no,SELL1008,"Lalla, Bassi and Sharaf Retail",Burhanpur,4.1
CUST10564,Onkar Narasimhan,Bahraich,Punjab,active,ORD100572,4781.55,Earphones,Mobile Accessories,2024-12-14 22:24:43,fulfilled,yes,SELL1010,Boase Inc Retail,Ramagundam,3.8
CUST10427,Sanaya Mani,Kochi,Chhattisgarh,inactive,ORD100823,7026.41,Face Cream,Beauty,2024-10-25 02:11:32,fulfilled,no,SELL1009,Memon Ltd Retail,Gangtok,3.5
CUST10767,Harshil Raval,Vadodara,Nagaland,new,ORD100585,11396.36,Jacket,Fashion,2025-07-21 00:42:21,fulfilled,yes,SELL1021,"Tak, Chand and Batta Retail",Jamnagar,4.5
CUST10748,Lekha Arora,Haridwar,Madhya Pradesh,dormant,ORD100365,40377.6,Mixer Grinder,Home & Kitchen,2026-01-15 17:31:38,fulfilled,no,SELL1018,"Tata, Randhawa and Shanker Retail",Bilaspur,4.7
CUST10136,Ekta Shankar,Purnia,Madhya Pradesh,new,ORD100811,25263.93,Smart Watch,Electronics,2026-01-13 10:27:13,fulfilled,yes,SELL1006,Dugal-Kale Retail,Kota,4.8
CUST10446,Osha Suri,Bhiwani,Kerala,inactive,ORD100077,28710.29,Bracelet,Jewelry,2025-09-26 04:55:39,returned,no,SELL1004,Saini and Sons Retail,Giridih,4.6
CUST10764,Vrinda Khosla,Pallavaram,Manipur,new,ORD100084,21454.22,Screen Guard,Mobile Accessories,2026-01-26 10:06:09,fulfilled,no,SELL1013,Loke Ltd Retail,Narasaraopet,3.8
CUST10366,Aradhana Lal,Maheshtala,Chhattisgarh,inactive,ORD100538,11504.99,Perfume,Beauty,2025-06-26 07:48:49,fulfilled,yes,SELL1010,Boase Inc Retail,Ramagundam,3.8
CUST10729,Isha Kuruvilla,Parbhani,Punjab,dormant,ORD100082,22138.92,Perfume,Beauty,2025-11-16 03:46:29,fulfilled,yes,SELL1020,Rastogi-Pathak Retail,Durgapur,4.7
CUST10328,Kashish Shanker,Amaravati,Bihar,inactive,ORD100457,40515.91,Running Shoes,Footwear,2025-06-17 02:37:08,returned,no,SELL1021,"Tak, Chand and Batta Retail",Jamnagar,4.5
CUST10600,Raghav Bala,Ongole,Rajasthan,inactive,ORD101137,5872.39,Kurta,Fashion,2024-09-10 06:37:57,fulfilled,yes,SELL1000,"Choudhury, Bakshi and Maharaj Retail",Rajahmundry,4.5
CUST10705,Garima Narula,Durg,Gujarat,dormant,ORD100614,15671.0,Bracelet,Jewelry,2025-12-26 03:16:53,processing,no,SELL1000,"Choudhury, Bakshi and Maharaj Retail",Rajahmundry,4.5
CUST10338,Kamya Mody,Avadi,Jharkhand,active,ORD101185,24056.25,Earphones,Mobile Accessories,2025-06-01 23:04:16,fulfilled,no,SELL1002,Balay-Balan Retail,Bellary,3.9
CUST10768,Vritti Walla,Gorakhpur,Karnataka,inactive,ORD101075,38986.2,Lipstick,Beauty,2025-07-18 10:11:14,fulfilled,no,SELL1023,"Sidhu, Wadhwa and Krishnamurthy Retail",Raipur,3.7
CUST10581,Hema Salvi,Panchkula,Kerala,new,ORD100736,3251.95,Perfume,Beauty,2025-05-15 16:28:02,fulfilled,yes,SELL1013,Loke Ltd Retail,Narasaraopet,3.8
CUST10130,Arunima Chacko,Vijayawada,Mizoram,active,ORD100436,8026.86,Cookware Set,Home & Kitchen,2026-05-05 20:02:46,fulfilled,no,SELL1006,Dugal-Kale Retail,Kota,4.8
CUST10659,Yuvraj Kara,Bijapur,Chhattisgarh,new,ORD100554,19962.91,Face Cream,Beauty,2024-08-08 07:22:57,fulfilled,yes,SELL1016,Balay LLC Retail,Agartala,3.8
CUST10602,Warjas Savant,Bangalore,Madhya Pradesh,active,ORD101079,30953.28,Puzzle,Toys & Games,2026-05-10 22:45:12,fulfilled,yes,SELL1010,Boase Inc Retail,Ramagundam,3.8
CUST10251,Zaitra Grover,Kakinada,Sikkim,active,ORD101061,31337.31,Badminton Racket,Sports,2026-02-19 11:31:14,returned,yes,SELL1020,Rastogi-Pathak Retail,Durgapur,4.7
CUST10136,Azad Chander,Nadiad,Madhya Pradesh,inactive,ORD100350,41368.88,Self Help Book,Books,2025-07-23 19:51:50,fulfilled,no,SELL1022,"Dutta, Sami and Bhatt Retail",Eluru,4.0
CUST10248,Faraj Chana,Surendranagar Dudhrej,Odisha,inactive,ORD100196,26973.83,Tablet,Electronics,2025-07-25 01:58:06,fulfilled,yes,SELL1018,"Tata, Randhawa and Shanker Retail",Bilaspur,4.7
CUST10584,Banjeet Kale,Siliguri,Assam,dormant,ORD100464,6439.36,Hair Oil,Beauty,2025-11-23 21:41:50,fulfilled,yes,SELL1013,Loke Ltd Retail,Narasaraopet,3.8
CUST10798,Januja Sethi,Jalandhar,Tripura,active,ORD100588,37621.67,Sandals,Footwear,2025-10-14 07:44:23,fulfilled,yes,SELL1004,Saini and Sons Retail,Giridih,4.6
CUST10705,Vaishnavi Gandhi,Dehri,West Bengal,inactive,ORD100005,7603.25,Puzzle,Toys & Games,2025-09-03 16:29:33,fulfilled,yes,SELL1020,Rastogi-Pathak Retail,Durgapur,4.7
CUST10094,Nitesh Narang,Bhiwandi,Sikkim,active,ORD100310,33362.33,Football,Sports,2024-10-27 01:43:25,processing,no,SELL1003,Tiwari PLC Retail,Kishanganj,3.8
CUST10586,Yasti Lalla,Tiruvottiyur,Manipur,inactive,ORD100661,25300.1,Silver Earrings,Jewelry,2025-08-26 20:57:01,fulfilled,yes,SELL1020,Rastogi-Pathak Retail,Durgapur,4.7
CUST10430,Chameli Bali,Firozabad,Kerala,inactive,ORD100404,3024.83,Cookbook,Books,2026-03-21 05:19:42,fulfilled,yes,SELL1004,Saini and Sons Retail,Giridih,4.6
CUST10694,Anirudh Maharaj,Sambalpur,Uttarakhand,inactive,ORD101195,25070.5,Gold Necklace,Jewelry,2025-11-19 14:25:47,fulfilled,yes,SELL1013,Loke Ltd Retail,Narasaraopet,3.8
CUST10099,Bachittar Goel,Dehradun,Meghalaya,dormant,ORD101043,25298.39,Cookbook,Books,2025-04-20 01:14:25,fulfilled,yes,SELL1012,Patla-Gaba Retail,Raichur,3.5
CUST10201,George Chandran,Darbhanga,Assam,active,ORD101057,32431.72,Yoga Mat,Sports,2025-08-03 11:45:04,fulfilled,no,SELL1005,Ahuja-Dutta Retail,Mau,4.5
CUST10556,Anita Tella,Bahraich,Assam,dormant,ORD100104,43667.23,Board Game,Toys & Games,2025-08-28 00:58:26,fulfilled,yes,SELL1021,"Tak, Chand and Batta Retail",Jamnagar,4.5
CUST10118,Harsh Amble,Kishanganj,Rajasthan,inactive,ORD100536,7493.82,Hair Oil,Beauty,2025-08-24 17:29:05,fulfilled,yes,SELL1006,Dugal-Kale Retail,Kota,4.8
CUST10602,Lopa Khanna,Nashik,Madhya Pradesh,dormant,ORD100605,12424.06,Silver Earrings,Jewelry,2025-03-17 13:18:17,fulfilled,yes,SELL1023,"Sidhu, Wadhwa and Krishnamurthy Retail",Raipur,3.7
CUST10157,Samuel Salvi,Bhimavaram,Tamil Nadu,inactive,ORD100062,6484.46,Perfume,Beauty,2024-06-04 16:51:52,fulfilled,no,SELL1022,"Dutta, Sami and Bhatt Retail",Eluru,4.0
CUST10696,Anirudh Sastry,Gurgaon,Chhattisgarh,dormant,ORD100281,3023.87,Formal Shoes,Footwear,2025-04-06 06:53:48,fulfilled,yes,SELL1020,Rastogi-Pathak Retail,Durgapur,4.7
CUST10298,Rajata Jaggi,Aurangabad,Uttarakhand,dormant,ORD101055,16296.89,Charger,Mobile Accessories,2026-03-12 00:08:33,fulfilled,no,SELL1004,Saini and Sons Retail,Giridih,4.6
CUST10617,Sanya Basak,Srikakulam,Maharashtra,dormant,ORD100238,25234.64,Yoga Mat,Sports,2024-12-19 18:50:43,fulfilled,yes,SELL1006,Dugal-Kale Retail,Kota,4.8
CUST10641,Amol Varma,Asansol,Jharkhand,new,ORD100223,9073.89,Screen Guard,Mobile Accessories,2025-04-18 22:21:19,fulfilled,yes,SELL1004,Saini and Sons Retail,Giridih,4.6
CUST10675,Suhani Pillay,Bhimavaram,Madhya Pradesh,new,ORD100145,20504.09,Face Cream,Beauty,2026-02-18 07:43:55,fulfilled,yes,SELL1023,"Sidhu, Wadhwa and Krishnamurthy Retail",Raipur,3.7
CUST10181,Lakshmi Chanda,Rohtak,Goa,inactive,ORD101118,14221.71,Lipstick,Beauty,2024-11-23 00:10:49,fulfilled,no,SELL1013,Loke Ltd Retail,Narasaraopet,3.8
CUST10335,Eiravati Manne,Ramgarh,Uttar Pradesh,dormant,ORD100373,3831.34,Lipstick,Beauty,2024-11-24 19:52:44,fulfilled,yes,SELL1017,Kakar PLC Retail,Rajpur Sonarpur,4.4
CUST10171,Ekaraj Majumdar,Mau,Uttar Pradesh,new,ORD100118,19697.96,T-Shirt,Fashion,2025-06-18 21:40:43,processing,yes,SELL1014,"Garg, Walla and Konda Retail",Surendranagar Dudhrej,4.5
CUST10600,Qushi Dhillon,Ratlam,Assam,dormant,ORD100802,17085.67,Face Cream,Beauty,2025-07-27 10:20:19,fulfilled,no,SELL1015,Madan-Kanda Retail,Pimpri-Chinchwad,4.3
CUST10295,Unni Dayal,Amritsar,Jharkhand,active,ORD100250,36881.29,Water Bottle,Home & Kitchen,2025-03-25 19:00:08,fulfilled,no,SELL1001,Chaudry Ltd Retail,Gudivada,3.5
CUST10697,Chandresh Sarma,Bhubaneswar,Bihar,dormant,ORD101156,14421.22,Self Help Book,Books,2026-01-17 15:49:09,fulfilled,no,SELL1015,Madan-Kanda Retail,Pimpri-Chinchwad,4.3
CUST10774,Daniel Karnik,Patna,West Bengal,active,ORD100009,16480.6,Bed Sheet,Home & Kitchen,2025-02-01 04:23:45,lost_parcel,yes,SELL1002,Balay-Balan Retail,Bellary,3.9
CUST10359,Praneel Kapoor,Rewa,Assam,new,ORD100449,43235.22,Bracelet,Jewelry,2026-04-01 17:03:50,fulfilled,no,SELL1017,Kakar PLC Retail,Rajpur Sonarpur,4.4
CUST10173,Gunbir Saxena,Aizawl,Madhya Pradesh,active,ORD100873,18207.31,Sneakers,Footwear,2024-07-13 14:20:34,fulfilled,yes,SELL1023,"Sidhu, Wadhwa and Krishnamurthy Retail",Raipur,3.7
CUST10533,Shivani Sanghvi,Kolkata,Tamil Nadu,dormant,ORD100389,32110.58,T-Shirt,Fashion,2024-11-03 08:51:07,returned,no,SELL1007,Rai Inc Retail,Hapur,3.6
CUST10500,Chaman Sandhu,Pudukkottai,Nagaland,dormant,ORD100965,33247.14,Sandals,Footwear,2025-08-10 07:48:54,fulfilled,no,SELL1001,Chaudry Ltd Retail,Gudivada,3.5
CUST10265,Eesha Sethi,Muzaffarpur,Assam,inactive,ORD100460,13431.44,Gold Necklace,Jewelry,2024-10-24 23:35:59,processing,no,SELL1023,"Sidhu, Wadhwa and Krishnamurthy Retail",Raipur,3.7
CUST10510,Saumya Sarin,Nanded,Jharkhand,active,ORD101146,32123.52,Charger,Mobile Accessories,2025-12-05 14:16:55,fulfilled,no,SELL1004,Saini and Sons Retail,Giridih,4.6
CUST10797,Mekhala Pau,Tenali,Andhra Pradesh,new,ORD100144,23815.55,Jacket,Fashion,2024-12-11 22:37:39,fulfilled,yes,SELL1014,"Garg, Walla and Konda Retail",Surendranagar Dudhrej,4.5
CUST10776,Baghyawati Mishra,Jalandhar,Arunachal Pradesh,dormant,ORD100501,9936.07,Hair Oil,Beauty,2025-03-21 16:59:26,fulfilled,yes,SELL1003,Tiwari PLC Retail,Kishanganj,3.8
CUST10730,Chatresh Gulati,Meerut,Haryana,inactive,ORD101107,18675.44,Running Shoes,Footwear,2024-10-09 18:45:51,fulfilled,yes,SELL1003,Tiwari PLC Retail,Kishanganj,3.8
CUST10326,Dakshesh Raval,Kolhapur,Telangana,dormant,ORD100539,4771.11,Sneakers,Footwear,2024-06-09 07:16:59,fulfilled,no,SELL1006,Dugal-Kale Retail,Kota,4.8
CUST10382,Ekta Chad,Bhatpara,Goa,new,ORD100177,44597.07,Power Bank,Mobile Accessories,2025-12-27 12:27:59,fulfilled,no,SELL1011,Kaul Inc Retail,Alwar,4.3
CUST10722,Janaki Dugar,Mango,Tripura,dormant,ORD101158,28508.78,Perfume,Beauty,2025-06-17 11:21:32,fulfilled,no,SELL1009,Memon Ltd Retail,Gangtok,3.5
CUST10207,Frado Bhatti,Raipur,Karnataka,active,ORD101050,19165.56,Lipstick,Beauty,2024-09-29 09:40:37,fulfilled,no,SELL1020,Rastogi-Pathak Retail,Durgapur,4.7
CUST10649,Kritika Rau,Vijayawada,Manipur,inactive,ORD100583,21843.55,Fiction Novel,Books,2025-04-30 13:02:35,fulfilled,yes,SELL1012,Patla-Gaba Retail,Raichur,3.5
CUST10590,Ranbir Soni,Jamshedpur,Sikkim,active,ORD101194,3727.26,Face Cream,Beauty,2026-05-17 16:27:22,fulfilled,no,SELL1005,Ahuja-Dutta Retail,Mau,4.5
CUST10470,Raksha Varughese,Jamshedpur,Haryana,inactive,ORD100007,9803.62,Silver Earrings,Jewelry,2024-11-11 01:25:28,fulfilled,yes,SELL1020,Rastogi-Pathak Retail,Durgapur,4.7
CUST10446,Kashish Oommen,Raipur,Madhya Pradesh,active,ORD100573,36255.11,Bed Sheet,Home & Kitchen,2025-03-27 09:58:02,fulfilled,yes,SELL1019,Koshy Ltd Retail,Bhimavaram,3.5
CUST10213,Varenya Som,Bhavnagar,Meghalaya,new,ORD100842,6537.82,Sneakers,Footwear,2024-09-18 05:22:22,fulfilled,no,SELL1004,Saini and Sons Retail,Giridih,4.6
CUST10706,Chatresh Chaudhari,Ahmednagar,Uttarakhand,inactive,ORD100357,20024.92,Smart Watch,Electronics,2024-07-18 13:50:43,lost_parcel,no,SELL1006,Dugal-Kale Retail,Kota,4.8
CUST10488,Ubika Bhardwaj,Erode,Nagaland,active,ORD100329,20652.82,Perfume,Beauty,2025-07-06 04:31:33,fulfilled,no,SELL1011,Kaul Inc Retail,Alwar,4.3
CUST10138,Shravya Gole,Ramgarh,Sikkim,active,ORD100704,37995.78,Kurta,Fashion,2024-11-14 01:33:19,fulfilled,no,SELL1015,Madan-Kanda Retail,Pimpri-Chinchwad,4.3
CUST10244,Garima Chahal,Moradabad,Maharashtra,active,ORD100829,8447.12,Cookware Set,Home & Kitchen,2024-10-05 23:33:12,fulfilled,no,SELL1005,Ahuja-Dutta Retail,Mau,4.5
CUST10517,Shivansh Saha,Mehsana,Rajasthan,dormant,ORD100258,13019.19,Earphones,Mobile Accessories,2025-07-18 07:03:50,fulfilled,yes,SELL1004,Saini and Sons Retail,Giridih,4.6
CUST10101,Chatresh Oza,Nandyal,Manipur,dormant,ORD100890,17184.25,Puzzle,Toys & Games,2025-06-22 17:29:43,fulfilled,yes,SELL1018,"Tata, Randhawa and Shanker Retail",Bilaspur,4.7
CUST10723,Forum Vyas,Loni,Gujarat,new,ORD100833,490.96,Screen Guard,Mobile Accessories,2025-11-11 23:57:52,fulfilled,no,SELL1020,Rastogi-Pathak Retail,Durgapur,4.7
CUST10540,Tanveer Goswami,Delhi,Bihar,new,ORD101187,17224.24,T-Shirt,Fashion,2025-07-19 19:35:51,fulfilled,no,SELL1005,Ahuja-Dutta Retail,Mau,4.5
CUST10373,Gautami Madan,Navi Mumbai,Himachal Pradesh,active,ORD100904,14330.86,Fiction Novel,Books,2025-10-10 18:36:19,fulfilled,yes,SELL1013,Loke Ltd Retail,Narasaraopet,3.8
CUST10085,Daksh Varma,Amritsar,Jharkhand,active,ORD100525,40453.09,Hair Oil,Beauty,2025-11-22 16:05:41,fulfilled,yes,SELL1016,Balay LLC Retail,Agartala,3.8
CUST10642,Ikbal Seth,Kalyan-Dombivli,Haryana,dormant,ORD100813,34800.8,Remote Car,Toys & Games,2025-06-27 10:04:50,returned,yes,SELL1011,Kaul Inc Retail,Alwar,4.3
CUST10265,Bhavani Wali,Haridwar,Gujarat,new,ORD100731,21332.87,Lipstick,Beauty,2026-03-14 10:49:14,fulfilled,no,SELL1019,Koshy Ltd Retail,Bhimavaram,3.5
CUST10566,Agastya Swamy,Tenali,Manipur,inactive,ORD101031,5258.42,Cookbook,Books,2025-06-30 11:53:43,fulfilled,yes,SELL1005,Ahuja-Dutta Retail,Mau,4.5
CUST10370,Sai Sundaram,Jaipur,West Bengal,dormant,ORD101140,16873.47,Football,Sports,2025-05-04 16:21:11,fulfilled,yes,SELL1007,Rai Inc Retail,Hapur,3.6
CUST10498,Jagdish Arora,Hyderabad,Goa,dormant,ORD100440,39541.72,Cookbook,Books,2025-06-10 02:34:12,fulfilled,no,SELL1020,Rastogi-Pathak Retail,Durgapur,4.7
CUST10784,Gautam Mane,Kharagpur,Arunachal Pradesh,dormant,ORD100531,13254.99,Fiction Novel,Books,2024-09-24 01:34:35,fulfilled,yes,SELL1009,Memon Ltd Retail,Gangtok,3.5
CUST10015,Pavani Wali,Nangloi Jat,Uttar Pradesh,inactive,ORD100959,36267.25,Jeans,Fashion,2026-01-30 08:53:13,fulfilled,yes,SELL1004,Saini and Sons Retail,Giridih,4.6
CUST10148,Kiaan Basu,Bongaigaon,Karnataka,new,ORD100228,21945.51,Hair Oil,Beauty,2026-02-11 09:40:00,lost_parcel,no,SELL1019,Koshy Ltd Retail,Bhimavaram,3.5
CUST10615,Unnati Jaggi,Mehsana,Meghalaya,dormant,ORD101040,23528.99,Face Cream,Beauty,2025-06-16 14:49:07,returned,no,SELL1024,"Yadav, Loke and Oak Retail",Durg,4.9
CUST10543,Lavanya Thakkar,Nanded,Uttarakhand,new,ORD100212,20143.53,Saree,Fashion,2024-10-22 15:23:52,fulfilled,no,SELL1004,Saini and Sons Retail,Giridih,4.6
CUST10250,Udyati Sarin,North Dumdum,West Bengal,dormant,ORD100079,37433.51,Kurta,Fashion,2024-11-27 05:07:26,fulfilled,no,SELL1014,"Garg, Walla and Konda Retail",Surendranagar Dudhrej,4.5
CUST10518,Logan Bath,Avadi,Meghalaya,dormant,ORD100148,17325.81,Sandals,Footwear,2024-08-18 17:24:18,fulfilled,yes,SELL1014,"Garg, Walla and Konda Retail",Surendranagar Dudhrej,4.5
CUST10539,Hredhaan Kumar,Maheshtala,Bihar,dormant,ORD100591,18084.61,Formal Shoes,Footwear,2026-05-13 01:15:01,fulfilled,yes,SELL1001,Chaudry Ltd Retail,Gudivada,3.5
CUST10747,Vidhi Mital,Kishanganj,West Bengal,dormant,ORD100707,41741.54,Running Shoes,Footwear,2025-08-04 13:57:54,fulfilled,yes,SELL1016,Balay LLC Retail,Agartala,3.8
CUST10783,Aarnav Om,Jalna,Nagaland,active,ORD100589,30508.48,Bracelet,Jewelry,2025-06-29 23:16:11,returned,no,SELL1000,"Choudhury, Bakshi and Maharaj Retail",Rajahmundry,4.5
CUST10635,Aadhya Andra,Tumkur,Sikkim,new,ORD100133,5142.18,Perfume,Beauty,2025-07-19 02:05:25,processing,yes,SELL1000,"Choudhury, Bakshi and Maharaj Retail",Rajahmundry,4.5
CUST10648,Krishna Srivastava,Morbi,Madhya Pradesh,dormant,ORD100781,40371.69,Badminton Racket,Sports,2025-10-09 03:33:16,returned,yes,SELL1002,Balay-Balan Retail,Bellary,3.9
CUST10247,Brinda Mann,Kottayam,Sikkim,new,ORD100408,43836.87,Jeans,Fashion,2026-02-12 16:50:09,fulfilled,yes,SELL1021,"Tak, Chand and Batta Retail",Jamnagar,4.5
CUST10301,Lakshit Natt,Panvel,Bihar,dormant,ORD100969,26567.93,Badminton Racket,Sports,2025-10-06 15:42:54,processing,no,SELL1004,Saini and Sons Retail,Giridih,4.6
CUST10215,Udyati Lall,Agartala,Odisha,new,ORD100507,32120.5,Power Bank,Mobile Accessories,2024-07-07 09:48:13,fulfilled,yes,SELL1006,Dugal-Kale Retail,Kota,4.8
CUST10787,Sanya Hayre,Ratlam,Jharkhand,dormant,ORD100876,44442.27,Screen Guard,Mobile Accessories,2025-08-06 11:29:06,fulfilled,no,SELL1004,Saini and Sons Retail,Giridih,4.6
CUST10397,Finn Solanki,Aizawl,Uttar Pradesh,new,ORD100504,31223.94,Cookware Set,Home & Kitchen,2025-03-25 06:05:27,fulfilled,no,SELL1003,Tiwari PLC Retail,Kishanganj,3.8
CUST10384,Girish Bhatt,Motihari,Arunachal Pradesh,active,ORD100718,9960.67,Self Help Book,Books,2024-06-10 00:14:24,returned,yes,SELL1003,Tiwari PLC Retail,Kishanganj,3.8
CUST10603,Praneel Chhabra,Loni,Chhattisgarh,new,ORD100347,34970.51,Lipstick,Beauty,2024-11-23 16:44:49,lost_parcel,no,SELL1023,"Sidhu, Wadhwa and Krishnamurthy Retail",Raipur,3.7
CUST10007,Arin Oza,Dehradun,Telangana,dormant,ORD100386,33040.84,Power Bank,Mobile Accessories,2024-11-25 23:37:45,fulfilled,no,SELL1004,Saini and Sons Retail,Giridih,4.6
CUST10368,Nakul Setty,Firozabad,Mizoram,new,ORD100000,15345.11,Jacket,Fashion,2026-01-02 08:46:02,fulfilled,yes,SELL1003,Tiwari PLC Retail,Kishanganj,3.8
CUST10232,Frederick Merchant,Srinagar,Assam,dormant,ORD100360,9839.14,Jeans,Fashion,2024-12-14 16:07:23,fulfilled,no,SELL1018,"Tata, Randhawa and Shanker Retail",Bilaspur,4.7
CUST10296,Aashi Cherian,Deoghar,Andhra Pradesh,dormant,ORD101133,34886.11,Doll,Toys & Games,2024-05-25 01:45:35,fulfilled,no,SELL1020,Rastogi-Pathak Retail,Durgapur,4.7
CUST10390,Zaid Bahl,Secunderabad,Meghalaya,active,ORD100475,2455.16,Jacket,Fashion,2025-07-17 11:18:36,fulfilled,no,SELL1014,"Garg, Walla and Konda Retail",Surendranagar Dudhrej,4.5
CUST10414,Mason Narain,Jamnagar,Arunachal Pradesh,active,ORD100777,23337.14,Silver Earrings,Jewelry,2025-10-25 18:14:00,fulfilled,yes,SELL1013,Loke Ltd Retail,Narasaraopet,3.8
CUST10752,Anirudh Patla,Pondicherry,Telangana,new,ORD100753,21257.9,Earphones,Mobile Accessories,2024-07-08 17:32:18,fulfilled,no,SELL1018,"Tata, Randhawa and Shanker Retail",Bilaspur,4.7
CUST10647,Ishwar Mallick,Haldia,West Bengal,new,ORD100172,7046.95,Jacket,Fashion,2025-07-30 05:55:15,returned,yes,SELL1014,"Garg, Walla and Konda Retail",Surendranagar Dudhrej,4.5
CUST10396,Barkha Mukhopadhyay,Chandigarh,Nagaland,active,ORD100450,33778.31,Kurta,Fashion,2025-05-10 07:07:42,fulfilled,yes,SELL1000,"Choudhury, Bakshi and Maharaj Retail",Rajahmundry,4.5
CUST10580,Nimrat Dubey,Nandyal,Uttar Pradesh,active,ORD100125,1279.72,Puzzle,Toys & Games,2024-12-12 09:08:42,processing,no,SELL1000,"Choudhury, Bakshi and Maharaj Retail",Rajahmundry,4.5
CUST10260,Damyanti Chatterjee,Phagwara,Goa,dormant,ORD100930,21350.15,Cricket Bat,Sports,2026-02-28 08:51:19,fulfilled,no,SELL1000,"Choudhury, Bakshi and Maharaj Retail",Rajahmundry,4.5
CUST10075,Urvi Palla,Ujjain,Uttarakhand,new,ORD100530,34091.19,Sneakers,Footwear,2026-04-15 07:18:01,processing,yes,SELL1022,"Dutta, Sami and Bhatt Retail",Eluru,4.0
CUST10577,Harish Hari,Ambattur,Kerala,new,ORD100090,26092.42,Laptop,Electronics,2024-10-06 21:47:43,fulfilled,yes,SELL1004,Saini and Sons Retail,Giridih,4.6
CUST10401,Harita Mangat,Guwahati,Himachal Pradesh,dormant,ORD101161,19182.38,Silver Earrings,Jewelry,2025-03-05 19:28:45,fulfilled,no,SELL1024,"Yadav, Loke and Oak Retail",Durg,4.9
CUST10720,Thomas Rana,Chennai,Gujarat,active,ORD100181,29063.79,Yoga Mat,Sports,2025-01-09 15:37:35,fulfilled,no,SELL1021,"Tak, Chand and Batta Retail",Jamnagar,4.5
CUST10688,Yoshita Kari,Gorakhpur,Tripura,dormant,ORD101026,35492.33,Saree,Fashion,2025-01-19 15:22:17,fulfilled,no,SELL1000,"Choudhury, Bakshi and Maharaj Retail",Rajahmundry,4.5
CUST10313,Ryan Grewal,Ramagundam,Nagaland,new,ORD100999,2099.65,Mixer Grinder,Home & Kitchen,2025-06-05 13:56:28,fulfilled,no,SELL1011,Kaul Inc Retail,Alwar,4.3
CUST10552,Nirja Rout,Cuttack,Karnataka,new,ORD100251,29621.61,Gold Necklace,Jewelry,2025-10-01 10:49:18,processing,no,SELL1006,Dugal-Kale Retail,Kota,4.8
CUST10768,Zayyan Bumb,Surat,Telangana,active,ORD100069,11575.79,Jacket,Fashion,2025-07-13 12:15:44,processing,no,SELL1000,"Choudhury, Bakshi and Maharaj Retail",Rajahmundry,4.5
CUST10375,Onkar Gill,Phagwara,West Bengal,active,ORD100131,6590.98,Perfume,Beauty,2025-03-13 15:54:18,returned,yes,SELL1017,Kakar PLC Retail,Rajpur Sonarpur,4.4
CUST10083,Chakrika Hans,Phagwara,West Bengal,active,ORD100300,44563.41,Hair Oil,Beauty,2025-09-28 15:28:27,fulfilled,no,SELL1021,"Tak, Chand and Batta Retail",Jamnagar,4.5
CUST10173,Shivani Lanka,Gaya,Gujarat,dormant,ORD101132,33767.98,Puzzle,Toys & Games,2024-10-11 07:02:29,fulfilled,yes,SELL1000,"Choudhury, Bakshi and Maharaj Retail",Rajahmundry,4.5
CUST10011,Prisha Tandon,Hapur,Rajasthan,active,ORD100326,43516.42,Badminton Racket,Sports,2025-10-23 23:29:39,fulfilled,yes,SELL1003,Tiwari PLC Retail,Kishanganj,3.8
CUST10172,Upasna Dani,Varanasi,Assam,active,ORD101019,43261.78,Sandals,Footwear,2025-01-09 19:50:52,fulfilled,no,SELL1020,Rastogi-Pathak Retail,Durgapur,4.7
CUST10109,Azaan Sankar,Medininagar,Maharashtra,active,ORD100499,37395.64,Exam Guide,Books,2024-09-19 13:23:21,lost_parcel,no,SELL1022,"Dutta, Sami and Bhatt Retail",Eluru,4.0
CUST10746,Aarav Sankar,Uluberia,West Bengal,active,ORD100665,9225.13,Yoga Mat,Sports,2024-06-23 06:30:38,fulfilled,yes,SELL1024,"Yadav, Loke and Oak Retail",Durg,4.9
CUST10256,Aarush Varma,Morena,Maharashtra,inactive,ORD100918,14322.68,T-Shirt,Fashion,2025-03-30 06:14:30,returned,no,SELL1005,Ahuja-Dutta Retail,Mau,4.5
CUST10423,Indali Prashad,Nangloi Jat,Uttar Pradesh,active,ORD100495,44135.96,Smartphone,Electronics,2026-03-22 15:50:07,fulfilled,yes,SELL1012,Patla-Gaba Retail,Raichur,3.5
CUST10398,Odika Bath,Ulhasnagar,Andhra Pradesh,dormant,ORD100338,5526.73,Yoga Mat,Sports,2024-12-09 01:56:39,fulfilled,no,SELL1016,Balay LLC Retail,Agartala,3.8
CUST10207,Suhani Sheth,Machilipatnam,Goa,new,ORD100963,1176.38,Bracelet,Jewelry,2026-01-24 00:47:45,fulfilled,no,SELL1007,Rai Inc Retail,Hapur,3.6
CUST10407,Lakshmi Wali,Malda,Mizoram,active,ORD100164,24105.96,Hair Oil,Beauty,2025-09-02 18:44:09,fulfilled,no,SELL1002,Balay-Balan Retail,Bellary,3.9
CUST10162,Abhiram Mistry,Guntur,Himachal Pradesh,active,ORD100028,2540.41,Bracelet,Jewelry,2024-08-18 04:30:31,processing,yes,SELL1016,Balay LLC Retail,Agartala,3.8
CUST10753,Isaiah Sachdeva,Siliguri,Odisha,active,ORD100516,44260.35,Jeans,Fashion,2025-08-20 04:38:56,fulfilled,no,SELL1005,Ahuja-Dutta Retail,Mau,4.5
CUST10778,Ekantika Mutti,Gandhidham,Assam,dormant,ORD100193,2011.19,Bracelet,Jewelry,2025-05-19 18:05:06,fulfilled,yes,SELL1004,Saini and Sons Retail,Giridih,4.6
CUST10426,Edhitha Wali,Ajmer,Himachal Pradesh,active,ORD101103,35922.31,Cookware Set,Home & Kitchen,2024-08-19 06:51:22,returned,no,SELL1001,Chaudry Ltd Retail,Gudivada,3.5
CUST10661,Kalpit Bhasin,Bhilai,Maharashtra,inactive,ORD100169,40794.65,Football,Sports,2025-02-19 04:18:30,fulfilled,yes,SELL1023,"Sidhu, Wadhwa and Krishnamurthy Retail",Raipur,3.7
CUST10671,Prisha Kadakia,Solapur,Rajasthan,active,ORD101058,41005.92,Laptop,Electronics,2026-02-19 08:22:10,fulfilled,yes,SELL1012,Patla-Gaba Retail,Raichur,3.5
CUST10463,Amara Balakrishnan,Darbhanga,Tamil Nadu,active,ORD100173,16031.17,Kurta,Fashion,2026-01-02 17:06:21,fulfilled,no,SELL1014,"Garg, Walla and Konda Retail",Surendranagar Dudhrej,4.5
CUST10331,Aishani Rajagopal,Aurangabad,Punjab,active,ORD100518,32022.82,Mixer Grinder,Home & Kitchen,2025-05-22 22:59:26,returned,no,SELL1004,Saini and Sons Retail,Giridih,4.6
CUST10353,Jeevika Gill,Kishanganj,Tamil Nadu,dormant,ORD100968,1229.09,Self Help Book,Books,2026-01-11 09:15:18,fulfilled,yes,SELL1015,Madan-Kanda Retail,Pimpri-Chinchwad,4.3
CUST10306,Eshana Pathak,Gaya,Nagaland,new,ORD100701,1940.47,Tablet,Electronics,2024-12-10 16:37:25,processing,yes,SELL1019,Koshy Ltd Retail,Bhimavaram,3.5
CUST10628,Lohit Narula,Patiala,Kerala,active,ORD100491,21841.74,Remote Car,Toys & Games,2025-01-23 17:01:20,fulfilled,yes,SELL1017,Kakar PLC Retail,Rajpur Sonarpur,4.4
CUST10320,Nihal Mukhopadhyay,Adoni,Andhra Pradesh,dormant,ORD100073,43422.98,Saree,Fashion,2026-05-12 00:28:27,fulfilled,yes,SELL1000,"Choudhury, Bakshi and Maharaj Retail",Rajahmundry,4.5
CUST10681,Damini Garg,Ambattur,Meghalaya,inactive,ORD100980,12190.16,Puzzle,Toys & Games,2025-03-05 09:31:26,fulfilled,no,SELL1020,Rastogi-Pathak Retail,Durgapur,4.7
CUST10248,Udant Sha,Karaikudi,Tripura,new,ORD100587,22604.77,Lipstick,Beauty,2025-09-13 21:53:18,fulfilled,yes,SELL1023,"Sidhu, Wadhwa and Krishnamurthy Retail",Raipur,3.7
CUST10009,Libni Nori,Mehsana,Tamil Nadu,active,ORD100234,22421.27,Silver Earrings,Jewelry,2025-06-10 23:16:14,fulfilled,no,SELL1017,Kakar PLC Retail,Rajpur Sonarpur,4.4
CUST10627,Zaitra Dash,Gwalior,Tripura,new,ORD100214,12000.68,Cookbook,Books,2024-09-22 01:12:03,fulfilled,no,SELL1006,Dugal-Kale Retail,Kota,4.8
CUST10771,Ayush Sundaram,Madurai,Haryana,inactive,ORD100946,7582.61,Puzzle,Toys & Games,2025-12-01 20:41:26,fulfilled,no,SELL1020,Rastogi-Pathak Retail,Durgapur,4.7
CUST10689,Widisha Dhar,Surendranagar Dudhrej,Rajasthan,new,ORD100132,12120.56,Jacket,Fashion,2024-12-03 19:14:35,fulfilled,no,SELL1011,Kaul Inc Retail,Alwar,4.3
CUST10405,Chakradhar Loke,Kottayam,Punjab,active,ORD101155,23532.41,Formal Shoes,Footwear,2025-10-22 12:53:02,fulfilled,no,SELL1003,Tiwari PLC Retail,Kishanganj,3.8
CUST10031,Qabil Deshpande,Bhubaneswar,Rajasthan,active,ORD100732,35558.2,Badminton Racket,Sports,2025-05-09 04:58:17,fulfilled,no,SELL1015,Madan-Kanda Retail,Pimpri-Chinchwad,4.3
CUST10079,Pranit Tata,Barasat,Kerala,inactive,ORD100940,23812.41,Formal Shoes,Footwear,2025-04-10 19:29:49,returned,yes,SELL1013,Loke Ltd Retail,Narasaraopet,3.8
CUST10693,Rajata Bahl,Solapur,West Bengal,inactive,ORD100185,32536.6,Smart Watch,Electronics,2025-01-18 16:38:08,processing,no,SELL1011,Kaul Inc Retail,Alwar,4.3
CUST10182,Yashodhara Ratta,Bhopal,Bihar,dormant,ORD100041,43830.49,Cookware Set,Home & Kitchen,2026-04-01 17:56:36,fulfilled,no,SELL1005,Ahuja-Dutta Retail,Mau,4.5
CUST10734,Nilima Nath,Vasai-Virar,West Bengal,new,ORD100108,20926.18,Jeans,Fashion,2024-09-22 10:45:18,fulfilled,no,SELL1015,Madan-Kanda Retail,Pimpri-Chinchwad,4.3
CUST10371,Watika Khanna,Bidhannagar,Uttarakhand,dormant,ORD100848,22338.84,Saree,Fashion,2025-01-10 14:10:13,fulfilled,no,SELL1023,"Sidhu, Wadhwa and Krishnamurthy Retail",Raipur,3.7
CUST10110,Wakeeta Dixit,Sasaram,Assam,inactive,ORD100568,29557.87,Badminton Racket,Sports,2025-12-03 12:57:57,fulfilled,no,SELL1011,Kaul Inc Retail,Alwar,4.3
CUST10228,Adya Ghosh,Burhanpur,Kerala,inactive,ORD100650,44705.51,Fiction Novel,Books,2025-08-19 23:53:23,lost_parcel,yes,SELL1009,Memon Ltd Retail,Gangtok,3.5
CUST10432,Chasmum Modi,Karaikudi,Telangana,active,ORD101000,1549.63,Cookware Set,Home & Kitchen,2025-05-15 12:07:51,processing,no,SELL1018,"Tata, Randhawa and Shanker Retail",Bilaspur,4.7
CUST10152,Frado Nigam,Rewa,Tripura,dormant,ORD101165,16490.85,Sneakers,Footwear,2024-09-25 03:59:47,processing,no,SELL1021,"Tak, Chand and Batta Retail",Jamnagar,4.5
CUST10047,Theodore Bahri,Mumbai,Karnataka,active,ORD100483,19341.41,T-Shirt,Fashion,2026-05-03 11:35:15,lost_parcel,yes,SELL1024,"Yadav, Loke and Oak Retail",Durg,4.9
CUST10776,Tristan De,Rewa,Kerala,inactive,ORD100468,24159.62,Cricket Bat,Sports,2025-11-04 14:02:49,fulfilled,yes,SELL1010,Boase Inc Retail,Ramagundam,3.8
CUST10772,Advika Jayaraman,Mathura,Himachal Pradesh,inactive,ORD100024,2560.35,Charger,Mobile Accessories,2025-03-23 22:44:43,fulfilled,no,SELL1002,Balay-Balan Retail,Bellary,3.9
CUST10715,Onkar Kanda,Ghaziabad,Chhattisgarh,inactive,ORD100660,4102.12,Earphones,Mobile Accessories,2026-01-27 17:28:46,returned,no,SELL1024,"Yadav, Loke and Oak Retail",Durg,4.9
CUST10326,Dakshesh Gill,Bahraich,Andhra Pradesh,inactive,ORD100679,14491.4,Charger,Mobile Accessories,2024-10-24 04:51:28,returned,no,SELL1005,Ahuja-Dutta Retail,Mau,4.5
CUST10055,Jeevika Setty,Guna,Madhya Pradesh,new,ORD100752,30877.79,Screen Guard,Mobile Accessories,2025-12-11 09:08:02,fulfilled,yes,SELL1019,Koshy Ltd Retail,Bhimavaram,3.5
CUST10084,Jalsa Rao,Purnia,Kerala,active,ORD100993,20607.09,Bed Sheet,Home & Kitchen,2025-03-16 10:25:24,fulfilled,yes,SELL1013,Loke Ltd Retail,Narasaraopet,3.8
CUST10661,Xavier Verma,Nadiad,Goa,active,ORD100366,14357.63,Cookware Set,Home & Kitchen,2024-09-05 08:55:43,fulfilled,no,SELL1008,"Lalla, Bassi and Sharaf Retail",Burhanpur,4.1
CUST10734,Advay Jaggi,Rohtak,Uttar Pradesh,dormant,ORD100839,40907.49,Badminton Racket,Sports,2024-07-12 05:19:06,fulfilled,no,SELL1004,Saini and Sons Retail,Giridih,4.6
CUST10508,Amara Bahri,Giridih,Andhra Pradesh,inactive,ORD101052,14988.6,Jacket,Fashion,2025-01-21 09:01:02,processing,yes,SELL1001,Chaudry Ltd Retail,Gudivada,3.5
CUST10071,Ojasvi Chada,Ajmer,Kerala,dormant,ORD100383,8315.87,Charger,Mobile Accessories,2025-01-17 18:49:11,lost_parcel,no,SELL1012,Patla-Gaba Retail,Raichur,3.5
CUST10105,Aditya Nayak,Gandhinagar,West Bengal,active,ORD100454,13805.19,Earphones,Mobile Accessories,2025-12-14 19:37:13,fulfilled,no,SELL1018,"Tata, Randhawa and Shanker Retail",Bilaspur,4.7
CUST10121,Gunbir Bedi,Yamunanagar,West Bengal,new,ORD100264,18421.53,Screen Guard,Mobile Accessories,2025-09-10 12:13:46,fulfilled,yes,SELL1022,"Dutta, Sami and Bhatt Retail",Eluru,4.0
CUST10752,Jalsa Sagar,Howrah,Uttarakhand,new,ORD100760,29831.49,Cookware Set,Home & Kitchen,2025-09-11 17:13:59,fulfilled,no,SELL1018,"Tata, Randhawa and Shanker Retail",Bilaspur,4.7
CUST10350,Vedika Wagle,Berhampore,Jharkhand,new,ORD100979,34683.87,Laptop,Electronics,2025-08-04 03:05:59,fulfilled,yes,SELL1015,Madan-Kanda Retail,Pimpri-Chinchwad,4.3
CUST10453,Xalak Ganesan,Sangli-Miraj & Kupwad,Himachal Pradesh,inactive,ORD100444,12342.34,Board Game,Toys & Games,2026-01-11 04:39:32,processing,no,SELL1006,Dugal-Kale Retail,Kota,4.8
CUST10312,Lohit Vaidya,Gurgaon,Punjab,active,ORD100395,38405.81,Jeans,Fashion,2024-09-04 14:47:42,fulfilled,no,SELL1021,"Tak, Chand and Batta Retail",Jamnagar,4.5
CUST10353,Urvashi Ramachandran,North Dumdum,Goa,active,ORD100741,13697.47,Cookbook,Books,2025-09-21 05:14:03,fulfilled,no,SELL1022,"Dutta, Sami and Bhatt Retail",Eluru,4.0
CUST10662,Krisha Saini,Mau,Goa,inactive,ORD100176,20437.83,Cricket Bat,Sports,2025-03-03 23:03:07,fulfilled,no,SELL1016,Balay LLC Retail,Agartala,3.8
CUST10236,Daniel Gala,Delhi,Madhya Pradesh,inactive,ORD100018,3161.02,Tablet,Electronics,2024-12-12 12:30:20,fulfilled,yes,SELL1017,Kakar PLC Retail,Rajpur Sonarpur,4.4
CUST10577,Eshana Kari,Patiala,Telangana,dormant,ORD100948,22185.64,Doll,Toys & Games,2025-04-06 00:05:57,fulfilled,no,SELL1008,"Lalla, Bassi and Sharaf Retail",Burhanpur,4.1
CUST10341,Balveer Ram,Jhansi,Jharkhand,active,ORD100814,38758.96,Jacket,Fashion,2025-04-26 22:38:26,fulfilled,no,SELL1022,"Dutta, Sami and Bhatt Retail",Eluru,4.0
CUST10411,Yashoda Goel,Warangal,Bihar,new,ORD100595,19249.67,Puzzle,Toys & Games,2025-03-17 10:31:33,fulfilled,yes,SELL1011,Kaul Inc Retail,Alwar,4.3
CUST10344,Oeshi Reddy,Hosur,Manipur,new,ORD100061,19961.74,Self Help Book,Books,2025-04-08 11:21:21,lost_parcel,yes,SELL1008,"Lalla, Bassi and Sharaf Retail",Burhanpur,4.1
CUST10294,Jagat Dave,Singrauli,Kerala,dormant,ORD100272,42075.79,Jacket,Fashion,2026-01-27 22:43:14,fulfilled,yes,SELL1001,Chaudry Ltd Retail,Gudivada,3.5
CUST10580,Warhi Vyas,Ramagundam,Manipur,inactive,ORD101125,18572.21,Smartphone,Electronics,2025-04-25 05:39:37,fulfilled,no,SELL1012,Patla-Gaba Retail,Raichur,3.5
CUST10046,Omaja Morar,Kavali,Meghalaya,dormant,ORD100278,27020.58,Laptop,Electronics,2024-12-12 18:36:30,fulfilled,yes,SELL1023,"Sidhu, Wadhwa and Krishnamurthy Retail",Raipur,3.7
CUST10168,Harita Randhawa,Akola,Gujarat,dormant,ORD100841,33446.03,Doll,Toys & Games,2025-02-01 06:00:19,returned,no,SELL1009,Memon Ltd Retail,Gangtok,3.5
CUST10116,Anya Sama,Karawal Nagar,Uttar Pradesh,inactive,ORD100368,29183.44,Perfume,Beauty,2024-07-19 06:40:50,fulfilled,yes,SELL1012,Patla-Gaba Retail,Raichur,3.5
CUST10641,Wishi Khalsa,Bulandshahr,Nagaland,new,ORD100886,37710.79,Cricket Bat,Sports,2025-08-11 04:44:56,fulfilled,no,SELL1024,"Yadav, Loke and Oak Retail",Durg,4.9
CUST10246,Varsha Pall,Mirzapur,Chhattisgarh,inactive,ORD101014,11828.92,T-Shirt,Fashion,2026-02-14 03:28:04,fulfilled,no,SELL1006,Dugal-Kale Retail,Kota,4.8
CUST10708,Yash Garg,Bijapur,Punjab,active,ORD100859,5902.01,Mixer Grinder,Home & Kitchen,2026-04-13 13:22:46,fulfilled,no,SELL1013,Loke Ltd Retail,Narasaraopet,3.8
CUST10336,Dayamai Karnik,Anantapuram,Manipur,inactive,ORD100720,33039.85,Screen Guard,Mobile Accessories,2025-09-19 03:12:32,returned,yes,SELL1024,"Yadav, Loke and Oak Retail",Durg,4.9
CUST10593,Wakeeta Khanna,Giridih,Sikkim,new,ORD100825,37621.99,Screen Guard,Mobile Accessories,2025-05-25 00:40:36,fulfilled,no,SELL1013,Loke Ltd Retail,Narasaraopet,3.8
CUST10527,Urmi Hayer,Eluru,Mizoram,inactive,ORD100547,29921.39,Formal Shoes,Footwear,2025-01-07 06:31:00,fulfilled,yes,SELL1024,"Yadav, Loke and Oak Retail",Durg,4.9
CUST10207,Jagrati Choudhary,Ludhiana,Haryana,new,ORD100879,34279.42,Earphones,Mobile Accessories,2025-04-20 20:31:21,fulfilled,no,SELL1014,"Garg, Walla and Konda Retail",Surendranagar Dudhrej,4.5
CUST10650,Shivansh Pai,Bilaspur,Tripura,inactive,ORD100899,38032.1,Puzzle,Toys & Games,2026-02-16 01:55:40,returned,no,SELL1002,Balay-Balan Retail,Bellary,3.9
CUST10672,Ati Chander,Ahmednagar,West Bengal,new,ORD100456,44479.72,Football,Sports,2025-06-28 05:46:35,fulfilled,yes,SELL1008,"Lalla, Bassi and Sharaf Retail",Burhanpur,4.1
CUST10109,Tanvi Gera,Srikakulam,Odisha,inactive,ORD100393,6383.34,Sneakers,Footwear,2024-07-25 08:39:13,fulfilled,no,SELL1004,Saini and Sons Retail,Giridih,4.6
CUST10350,Harish Kala,Sonipat,Uttar Pradesh,dormant,ORD100675,42502.85,Self Help Book,Books,2025-07-22 04:14:49,fulfilled,yes,SELL1004,Saini and Sons Retail,Giridih,4.6
CUST10394,Sudiksha Malhotra,North Dumdum,Himachal Pradesh,new,ORD100911,31173.2,Hair Oil,Beauty,2024-09-23 08:01:41,fulfilled,no,SELL1017,Kakar PLC Retail,Rajpur Sonarpur,4.4
CUST10731,Ucchal Agarwal,Kharagpur,Tamil Nadu,dormant,ORD100964,2575.27,Smartphone,Electronics,2025-02-03 02:34:57,processing,no,SELL1020,Rastogi-Pathak Retail,Durgapur,4.7
CUST10683,Pranit Bala,Bhagalpur,Manipur,inactive,ORD100375,20565.17,Sneakers,Footwear,2026-01-30 02:41:54,fulfilled,yes,SELL1009,Memon Ltd Retail,Gangtok,3.5
CUST10540,Girik Rau,Arrah,Manipur,dormant,ORD100412,2809.76,Formal Shoes,Footwear,2025-06-03 14:34:15,fulfilled,yes,SELL1000,"Choudhury, Bakshi and Maharaj Retail",Rajahmundry,4.5
CUST10792,Keya Ranganathan,Aurangabad,Odisha,new,ORD100074,3696.12,Face Cream,Beauty,2025-11-07 22:44:53,lost_parcel,yes,SELL1022,"Dutta, Sami and Bhatt Retail",Eluru,4.0
CUST10551,Dayita Deep,Jalandhar,Uttarakhand,inactive,ORD101121,19404.09,Kurta,Fashion,2025-03-01 22:39:15,fulfilled,yes,SELL1019,Koshy Ltd Retail,Bhimavaram,3.5
CUST10360,Sanaya Parekh,Thoothukudi,Uttarakhand,active,ORD100862,26565.44,Lipstick,Beauty,2024-10-21 10:29:34,fulfilled,no,SELL1021,"Tak, Chand and Batta Retail",Jamnagar,4.5
CUST10626,Harrison Narula,Jhansi,Maharashtra,inactive,ORD100500,6577.22,Board Game,Toys & Games,2025-11-13 01:27:03,fulfilled,no,SELL1008,"Lalla, Bassi and Sharaf Retail",Burhanpur,4.1
CUST10697,Warinder Handa,Bettiah,Bihar,active,ORD100941,39965.22,Headphones,Electronics,2025-09-13 06:17:06,fulfilled,yes,SELL1021,"Tak, Chand and Batta Retail",Jamnagar,4.5
CUST10256,Balveer Nagi,Raipur,Madhya Pradesh,inactive,ORD100616,18704.01,Earphones,Mobile Accessories,2024-12-05 19:57:25,returned,no,SELL1012,Patla-Gaba Retail,Raichur,3.5
CUST10451,Nathan Mukhopadhyay,Suryapet,Maharashtra,active,ORD100114,5942.33,Sandals,Footwear,2024-07-31 22:18:28,fulfilled,no,SELL1003,Tiwari PLC Retail,Kishanganj,3.8
CUST10790,Ridhi Shan,Haldia,Gujarat,active,ORD100417,5991.6,Tablet,Electronics,2025-11-06 09:02:43,fulfilled,no,SELL1012,Patla-Gaba Retail,Raichur,3.5
CUST10292,Bhavika Sami,Nagaon,Bihar,new,ORD100601,26084.94,Power Bank,Mobile Accessories,2024-06-09 03:52:09,fulfilled,no,SELL1024,"Yadav, Loke and Oak Retail",Durg,4.9
CUST10325,Samar Bali,Bidhannagar,Bihar,new,ORD100604,3835.38,Yoga Mat,Sports,2025-09-11 01:51:48,returned,no,SELL1010,Boase Inc Retail,Ramagundam,3.8
CUST10117,Rehaan Kalita,Bally,Telangana,active,ORD100089,15528.9,Headphones,Electronics,2025-08-21 11:27:32,fulfilled,yes,SELL1015,Madan-Kanda Retail,Pimpri-Chinchwad,4.3
CUST10733,Upadhriti Deep,Pali,Maharashtra,active,ORD101148,33970.14,T-Shirt,Fashion,2026-02-26 14:30:47,fulfilled,no,SELL1013,Loke Ltd Retail,Narasaraopet,3.8
CUST10100,Naveen Borde,Sonipat,Punjab,inactive,ORD100498,32334.33,Badminton Racket,Sports,2025-09-09 03:55:45,fulfilled,no,SELL1003,Tiwari PLC Retail,Kishanganj,3.8
CUST10660,Aadi Din,Bidhannagar,Nagaland,dormant,ORD100875,34487.09,Sandals,Footwear,2025-01-01 22:46:37,fulfilled,no,SELL1024,"Yadav, Loke and Oak Retail",Durg,4.9
CUST10185,Shivani Babu,Sonipat,Arunachal Pradesh,dormant,ORD100926,27123.3,Self Help Book,Books,2025-02-06 20:17:36,returned,yes,SELL1013,Loke Ltd Retail,Narasaraopet,3.8
CUST10419,Oeshi Gill,Tezpur,Tripura,active,ORD100998,42499.85,Cricket Bat,Sports,2026-05-01 03:12:53,fulfilled,no,SELL1019,Koshy Ltd Retail,Bhimavaram,3.5
CUST10274,Urvashi Kibe,Vellore,Gujarat,new,ORD100011,30708.35,Saree,Fashion,2024-08-01 19:07:22,fulfilled,no,SELL1024,"Yadav, Loke and Oak Retail",Durg,4.9
CUST10526,Pallavi Grewal,Siwan,Tamil Nadu,active,ORD100396,6929.22,Hair Oil,Beauty,2026-05-04 11:09:55,fulfilled,no,SELL1012,Patla-Gaba Retail,Raichur,3.5
CUST10312,Ranveer Viswanathan,Suryapet,Chhattisgarh,new,ORD100754,13226.91,Tablet,Electronics,2025-09-08 16:38:32,fulfilled,no,SELL1023,"Sidhu, Wadhwa and Krishnamurthy Retail",Raipur,3.7
CUST10236,Yahvi Mohan,Amritsar,Uttarakhand,dormant,ORD100555,7333.03,Sneakers,Footwear,2024-06-25 01:00:51,returned,yes,SELL1021,"Tak, Chand and Batta Retail",Jamnagar,4.5
CUST10164,Pranav Lanka,Moradabad,Punjab,active,ORD100042,35272.46,Remote Car,Toys & Games,2025-04-23 01:37:05,fulfilled,yes,SELL1008,"Lalla, Bassi and Sharaf Retail",Burhanpur,4.1
CUST10081,Dhriti Sane,Rohtak,Kerala,dormant,ORD100167,11175.49,Running Shoes,Footwear,2024-09-16 02:09:29,lost_parcel,no,SELL1016,Balay LLC Retail,Agartala,3.8
CUST10682,Chakradhar Chaudhary,Pune,Bihar,inactive,ORD100416,31910.78,Screen Guard,Mobile Accessories,2026-05-12 10:38:49,fulfilled,no,SELL1007,Rai Inc Retail,Hapur,3.6
CUST10035,Raksha Golla,Secunderabad,Punjab,inactive,ORD100576,38320.22,Screen Guard,Mobile Accessories,2024-06-11 21:56:09,fulfilled,yes,SELL1006,Dugal-Kale Retail,Kota,4.8
CUST10561,Gautam Ramaswamy,New Delhi,Gujarat,inactive,ORD100267,3790.27,Sneakers,Footwear,2025-08-16 15:05:05,fulfilled,yes,SELL1001,Chaudry Ltd Retail,Gudivada,3.5
CUST10606,Krish Thakkar,Dindigul,Goa,dormant,ORD100807,4164.49,Earphones,Mobile Accessories,2026-03-13 09:36:23,returned,no,SELL1006,Dugal-Kale Retail,Kota,4.8
CUST10055,Indali Kala,Bulandshahr,Punjab,active,ORD100426,42427.11,Bed Sheet,Home & Kitchen,2025-11-04 19:17:00,fulfilled,yes,SELL1005,Ahuja-Dutta Retail,Mau,4.5
CUST10475,Victor Mutti,Nagercoil,Mizoram,dormant,ORD100690,13459.86,Tablet,Electronics,2025-07-10 14:02:16,fulfilled,yes,SELL1004,Saini and Sons Retail,Giridih,4.6
CUST10415,Gautami Chakraborty,Raichur,Haryana,inactive,ORD100544,38276.4,Tablet,Electronics,2025-12-19 13:50:27,processing,no,SELL1018,"Tata, Randhawa and Shanker Retail",Bilaspur,4.7
CUST10291,Vrishti Sehgal,Fatehpur,Himachal Pradesh,dormant,ORD101122,11800.2,Silver Earrings,Jewelry,2025-07-31 20:54:25,fulfilled,no,SELL1014,"Garg, Walla and Konda Retail",Surendranagar Dudhrej,4.5
CUST10641,Mitali Devi,Berhampur,Manipur,new,ORD100674,44820.95,Screen Guard,Mobile Accessories,2026-01-18 18:58:37,lost_parcel,yes,SELL1001,Chaudry Ltd Retail,Gudivada,3.5
CUST10793,Jackson Kuruvilla,Eluru,Rajasthan,new,ORD100689,8785.5,Silver Earrings,Jewelry,2026-01-23 02:22:34,fulfilled,no,SELL1009,Memon Ltd Retail,Gangtok,3.5
CUST10189,Gayathri Taneja,Rourkela,Punjab,active,ORD101054,36384.83,Remote Car,Toys & Games,2025-01-08 04:14:12,fulfilled,yes,SELL1012,Patla-Gaba Retail,Raichur,3.5
CUST10519,Zinal Kota,Khammam,Mizoram,new,ORD101176,25443.14,Smartphone,Electronics,2025-08-15 20:54:30,fulfilled,yes,SELL1003,Tiwari PLC Retail,Kishanganj,3.8
CUST10266,Jagdish Dhar,Rewa,Tamil Nadu,inactive,ORD101032,3220.69,Mixer Grinder,Home & Kitchen,2025-08-22 05:32:49,lost_parcel,no,SELL1004,Saini and Sons Retail,Giridih,4.6
CUST10417,Jason Kaul,Panchkula,Himachal Pradesh,new,ORD101034,28950.83,Headphones,Electronics,2026-01-04 13:59:05,fulfilled,no,SELL1013,Loke Ltd Retail,Narasaraopet,3.8
CUST10618,Geetika Barman,Jodhpur,Arunachal Pradesh,active,ORD100257,39490.3,Headphones,Electronics,2025-09-30 18:19:36,processing,no,SELL1018,"Tata, Randhawa and Shanker Retail",Bilaspur,4.7
CUST10655,Xavier Jayaraman,Mathura,Nagaland,new,ORD100335,20751.96,Cookbook,Books,2025-01-25 08:06:02,fulfilled,no,SELL1016,Balay LLC Retail,Agartala,3.8
CUST10498,Qadim Mallick,Kulti,West Bengal,active,ORD100015,39546.91,T-Shirt,Fashion,2026-05-07 15:40:50,processing,yes,SELL1023,"Sidhu, Wadhwa and Krishnamurthy Retail",Raipur,3.7
CUST10476,Vivaan Raghavan,Bhalswa Jahangir Pur,Himachal Pradesh,dormant,ORD100901,7002.46,Laptop,Electronics,2024-09-10 06:33:05,fulfilled,no,SELL1009,Memon Ltd Retail,Gangtok,3.5
CUST10038,Ekani Khalsa,Asansol,Sikkim,new,ORD100324,26325.89,Earphones,Mobile Accessories,2025-06-29 09:35:11,returned,yes,SELL1017,Kakar PLC Retail,Rajpur Sonarpur,4.4
CUST10056,Umang Pillai,Jammu,Jharkhand,active,ORD100607,4903.62,Jacket,Fashion,2025-05-04 03:16:44,returned,yes,SELL1017,Kakar PLC Retail,Rajpur Sonarpur,4.4
CUST10245,Madhavi Naidu,Unnao,Bihar,dormant,ORD101053,31286.65,Bracelet,Jewelry,2025-11-08 03:24:00,returned,no,SELL1006,Dugal-Kale Retail,Kota,4.8
CUST10379,Aadhya Garde,Anantapuram,Gujarat,inactive,ORD100790,6612.43,Remote Car,Toys & Games,2026-01-23 12:18:08,fulfilled,yes,SELL1022,"Dutta, Sami and Bhatt Retail",Eluru,4.0
CUST10532,Oni Shankar,Bhubaneswar,Uttarakhand,new,ORD100222,7659.34,Yoga Mat,Sports,2026-04-23 13:55:24,returned,no,SELL1011,Kaul Inc Retail,Alwar,4.3
CUST10084,Oeshi Mahajan,Anand,Bihar,inactive,ORD100179,13000.65,Formal Shoes,Footwear,2025-02-12 15:15:03,processing,no,SELL1010,Boase Inc Retail,Ramagundam,3.8
CUST10691,Aarnav Rege,Hindupur,Meghalaya,active,ORD100099,27285.6,Smartphone,Electronics,2025-01-01 18:13:45,processing,no,SELL1007,Rai Inc Retail,Hapur,3.6
CUST10301,Amruta Pradhan,Naihati,Uttarakhand,inactive,ORD100521,39787.72,Football,Sports,2026-01-26 23:30:33,processing,no,SELL1011,Kaul Inc Retail,Alwar,4.3
CUST10197,Ekapad Bir,Sambhal,Bihar,inactive,ORD100022,3008.45,Cricket Bat,Sports,2026-04-12 00:55:15,fulfilled,yes,SELL1007,Rai Inc Retail,Hapur,3.6
CUST10642,Garima Rajagopalan,Vijayawada,Mizoram,dormant,ORD100356,35536.96,Smartphone,Electronics,2025-12-20 13:04:47,fulfilled,yes,SELL1003,Tiwari PLC Retail,Kishanganj,3.8
CUST10357,Anita Swamy,Pondicherry,Andhra Pradesh,inactive,ORD100733,21695.23,Water Bottle,Home & Kitchen,2024-09-15 17:01:52,fulfilled,no,SELL1024,"Yadav, Loke and Oak Retail",Durg,4.9
CUST10462,Radhika Setty,Kochi,Haryana,inactive,ORD101093,34066.0,Screen Guard,Mobile Accessories,2025-11-25 18:33:15,fulfilled,yes,SELL1013,Loke Ltd Retail,Narasaraopet,3.8
CUST10141,Pranit Ganguly,Phusro,Sikkim,new,ORD101111,34148.64,Sneakers,Footwear,2025-08-18 10:34:50,fulfilled,yes,SELL1001,Chaudry Ltd Retail,Gudivada,3.5
CUST10612,Charan Mitra,Chapra,Nagaland,dormant,ORD100611,43638.51,Power Bank,Mobile Accessories,2025-02-22 15:57:42,fulfilled,no,SELL1018,"Tata, Randhawa and Shanker Retail",Bilaspur,4.7
CUST10547,Ekantika Mutti,Gopalpur,Sikkim,new,ORD101009,35467.83,Perfume,Beauty,2025-11-13 15:49:11,fulfilled,yes,SELL1002,Balay-Balan Retail,Bellary,3.9
CUST10635,Xalak Nazareth,Unnao,Telangana,active,ORD100340,13210.2,Water Bottle,Home & Kitchen,2025-09-30 22:48:50,lost_parcel,yes,SELL1014,"Garg, Walla and Konda Retail",Surendranagar Dudhrej,4.5
CUST10380,Wridesh Tata,Dehri,Andhra Pradesh,dormant,ORD100431,4372.91,Earphones,Mobile Accessories,2025-02-25 00:07:15,fulfilled,no,SELL1005,Ahuja-Dutta Retail,Mau,4.5
CUST10309,Niharika Kamdar,Secunderabad,Jharkhand,dormant,ORD100961,37941.25,Power Bank,Mobile Accessories,2024-11-22 05:12:30,fulfilled,no,SELL1002,Balay-Balan Retail,Bellary,3.9
CUST10206,Warinder Raju,Dindigul,Haryana,inactive,ORD100217,35778.02,Power Bank,Mobile Accessories,2024-06-11 10:12:59,fulfilled,no,SELL1003,Tiwari PLC Retail,Kishanganj,3.8
CUST10485,Inaya Mukherjee,Bikaner,Punjab,new,ORD100203,14406.45,Cookbook,Books,2025-11-22 02:23:10,fulfilled,yes,SELL1017,Kakar PLC Retail,Rajpur Sonarpur,4.4
CUST10681,Triya Khurana,Saharsa,Karnataka,new,ORD100905,10850.28,Sneakers,Footwear,2025-10-28 22:20:40,fulfilled,yes,SELL1016,Balay LLC Retail,Agartala,3.8
CUST10633,Samaksh Goda,Yamunanagar,Sikkim,dormant,ORD100922,9161.7,Mixer Grinder,Home & Kitchen,2024-10-15 21:19:10,fulfilled,yes,SELL1012,Patla-Gaba Retail,Raichur,3.5
CUST10677,Varenya Sastry,Udaipur,Arunachal Pradesh,active,ORD100093,42657.23,Lipstick,Beauty,2024-12-02 15:18:02,fulfilled,yes,SELL1008,"Lalla, Bassi and Sharaf Retail",Burhanpur,4.1
CUST10661,Indrajit Gour,Durg,Manipur,active,ORD100910,16525.37,Football,Sports,2025-10-15 12:57:42,returned,yes,SELL1000,"Choudhury, Bakshi and Maharaj Retail",Rajahmundry,4.5
CUST10389,Suhani Narain,Nadiad,Himachal Pradesh,new,ORD100068,9760.43,Football,Sports,2025-12-25 15:14:29,returned,no,SELL1024,"Yadav, Loke and Oak Retail",Durg,4.9
CUST10215,Arunima Krishnan,Tadepalligudem,Himachal Pradesh,new,ORD100894,3306.03,Earphones,Mobile Accessories,2024-12-20 07:10:52,returned,no,SELL1013,Loke Ltd Retail,Narasaraopet,3.8
CUST10427,Irya Lalla,Nellore,Haryana,inactive,ORD100284,36318.0,Tablet,Electronics,2024-12-23 05:49:07,fulfilled,no,SELL1013,Loke Ltd Retail,Narasaraopet,3.8
CUST10642,Abeer Basak,Serampore,Punjab,inactive,ORD100696,19054.72,Cookbook,Books,2025-01-20 12:33:35,fulfilled,yes,SELL1009,Memon Ltd Retail,Gangtok,3.5
CUST10739,Girik Menon,Machilipatnam,Tamil Nadu,inactive,ORD100085,12409.24,Self Help Book,Books,2024-11-25 12:17:58,fulfilled,yes,SELL1003,Tiwari PLC Retail,Kishanganj,3.8
CUST10704,Tanveer Baral,Sikar,Mizoram,dormant,ORD100434,25045.56,Doll,Toys & Games,2024-12-29 01:16:55,fulfilled,yes,SELL1017,Kakar PLC Retail,Rajpur Sonarpur,4.4
CUST10789,Andrew Palan,Raichur,Rajasthan,inactive,ORD100796,27965.38,Power Bank,Mobile Accessories,2025-01-10 08:31:53,fulfilled,yes,SELL1014,"Garg, Walla and Konda Retail",Surendranagar Dudhrej,4.5
CUST10615,Jason Sha,Rajpur Sonarpur,Rajasthan,new,ORD100153,16105.19,Board Game,Toys & Games,2025-09-29 05:46:28,fulfilled,yes,SELL1009,Memon Ltd Retail,Gangtok,3.5
CUST10546,Harsh Mitra,Buxar,Uttar Pradesh,dormant,ORD100075,35891.15,Sneakers,Footwear,2024-06-21 10:20:47,fulfilled,yes,SELL1011,Kaul Inc Retail,Alwar,4.3
CUST10309,Leela Sengupta,Gandhinagar,Manipur,dormant,ORD101042,35284.07,Smart Watch,Electronics,2025-05-12 13:22:33,fulfilled,yes,SELL1001,Chaudry Ltd Retail,Gudivada,3.5
CUST10180,Vasatika Pal,Jalgaon,Uttarakhand,dormant,ORD100580,20627.18,Board Game,Toys & Games,2026-02-21 10:40:48,fulfilled,yes,SELL1008,"Lalla, Bassi and Sharaf Retail",Burhanpur,4.1
CUST10198,Yash Batra,Bharatpur,Madhya Pradesh,inactive,ORD100446,6362.68,Charger,Mobile Accessories,2026-05-05 07:01:43,returned,yes,SELL1005,Ahuja-Dutta Retail,Mau,4.5
CUST10378,Shivansh Saini,Bharatpur,West Bengal,dormant,ORD100703,41937.08,Kurta,Fashion,2025-03-27 16:20:59,returned,no,SELL1010,Boase Inc Retail,Ramagundam,3.8
CUST10205,Yagnesh Sarin,Loni,Assam,inactive,ORD100188,35081.92,Earphones,Mobile Accessories,2025-03-23 22:23:18,lost_parcel,yes,SELL1005,Ahuja-Dutta Retail,Mau,4.5
CUST10434,Janani Mani,Kharagpur,Mizoram,new,ORD100271,33637.21,Sneakers,Footwear,2025-05-05 07:58:35,returned,yes,SELL1001,Chaudry Ltd Retail,Gudivada,3.5
CUST10517,Chaaya Nagi,Vijayawada,Karnataka,dormant,ORD100236,16504.18,Fiction Novel,Books,2025-10-15 21:11:23,returned,no,SELL1012,Patla-Gaba Retail,Raichur,3.5
CUST10695,Vidhi Nadig,Kishanganj,Tamil Nadu,dormant,ORD100487,4935.08,Running Shoes,Footwear,2026-04-11 12:06:44,fulfilled,no,SELL1018,"Tata, Randhawa and Shanker Retail",Bilaspur,4.7
CUST10754,Hardik Dube,Thanjavur,Uttarakhand,active,ORD101159,7124.94,Lipstick,Beauty,2024-09-04 13:01:38,processing,yes,SELL1022,"Dutta, Sami and Bhatt Retail",Eluru,4.0
CUST10746,Jatin Peri,Gandhinagar,Rajasthan,new,ORD100559,27090.88,Sneakers,Footwear,2024-12-05 05:01:05,processing,yes,SELL1023,"Sidhu, Wadhwa and Krishnamurthy Retail",Raipur,3.7
CUST10241,Maanav Rajagopal,Khora ,Mizoram,new,ORD100117,39295.39,Tablet,Electronics,2025-12-21 04:39:49,processing,yes,SELL1002,Balay-Balan Retail,Bellary,3.9
CUST10537,Yatin Kant,Bally,Uttarakhand,dormant,ORD100637,29725.2,Earphones,Mobile Accessories,2025-02-23 18:04:02,returned,yes,SELL1006,Dugal-Kale Retail,Kota,4.8
CUST10036,Yuvraj Virk,Sagar,Odisha,new,ORD101127,41715.31,Lipstick,Beauty,2024-06-26 14:28:55,fulfilled,yes,SELL1015,Madan-Kanda Retail,Pimpri-Chinchwad,4.3
CUST10494,Ranveer Grover,North Dumdum,Telangana,active,ORD100750,25695.85,Cricket Bat,Sports,2025-05-19 08:16:22,fulfilled,no,SELL1018,"Tata, Randhawa and Shanker Retail",Bilaspur,4.7
CUST10663,Oliver Kakar,Cuttack,Arunachal Pradesh,dormant,ORD100512,4879.96,Power Bank,Mobile Accessories,2025-04-14 09:02:33,fulfilled,no,SELL1023,"Sidhu, Wadhwa and Krishnamurthy Retail",Raipur,3.7
CUST10449,Bina Bhavsar,Navi Mumbai,Gujarat,new,ORD100633,11505.37,Smart Watch,Electronics,2025-12-05 02:43:35,fulfilled,no,SELL1022,"Dutta, Sami and Bhatt Retail",Eluru,4.0
CUST10670,Madhav Sastry,Muzaffarpur,Gujarat,active,ORD100785,41639.19,Laptop,Electronics,2025-11-03 20:47:04,fulfilled,yes,SELL1015,Madan-Kanda Retail,Pimpri-Chinchwad,4.3
CUST10791,Madhav Nagarajan,Bhavnagar,Kerala,new,ORD101006,39007.99,Tablet,Electronics,2024-09-24 09:03:36,fulfilled,yes,SELL1020,Rastogi-Pathak Retail,Durgapur,4.7
CUST10771,Zaitra Deo,Vadodara,Manipur,inactive,ORD100852,23269.35,Mixer Grinder,Home & Kitchen,2025-03-17 13:55:49,fulfilled,no,SELL1019,Koshy Ltd Retail,Bhimavaram,3.5
CUST10361,Mitali Buch,Deoghar,Madhya Pradesh,inactive,ORD100126,37527.73,Self Help Book,Books,2025-01-21 11:45:15,fulfilled,no,SELL1019,Koshy Ltd Retail,Bhimavaram,3.5
CUST10691,Yashodhara Mahajan,Karawal Nagar,Meghalaya,dormant,ORD100116,15433.03,Board Game,Toys & Games,2024-11-25 20:14:09,processing,no,SELL1010,Boase Inc Retail,Ramagundam,3.8
CUST10174,Manthan Banerjee,Sagar,Meghalaya,active,ORD100473,9739.41,Tablet,Electronics,2025-04-05 12:51:13,fulfilled,yes,SELL1016,Balay LLC Retail,Agartala,3.8
CUST10592,Bahadurjit Issac,Bareilly,Mizoram,dormant,ORD100740,20547.41,Cookbook,Books,2025-10-19 20:02:57,fulfilled,no,SELL1019,Koshy Ltd Retail,Bhimavaram,3.5
CUST10336,Gagan Vala,Jammu,Meghalaya,inactive,ORD100992,32231.2,Power Bank,Mobile Accessories,2025-01-22 08:11:50,returned,no,SELL1003,Tiwari PLC Retail,Kishanganj,3.8
CUST10531,Vaishnavi Sengupta,Shahjahanpur,Uttarakhand,dormant,ORD100057,35095.17,Lipstick,Beauty,2025-09-27 19:37:59,fulfilled,yes,SELL1022,"Dutta, Sami and Bhatt Retail",Eluru,4.0
CUST10628,Bhavini Krishna,Ghaziabad,Tamil Nadu,dormant,ORD100603,39110.99,Badminton Racket,Sports,2026-01-19 18:14:39,returned,yes,SELL1020,Rastogi-Pathak Retail,Durgapur,4.7
CUST10648,Nachiket Chada,Meerut,Haryana,active,ORD100786,11147.15,Mixer Grinder,Home & Kitchen,2025-09-14 21:05:13,processing,yes,SELL1005,Ahuja-Dutta Retail,Mau,4.5
CUST10708,Shaurya Kar,Nagercoil,Himachal Pradesh,active,ORD100970,35879.77,Cookware Set,Home & Kitchen,2025-06-15 15:54:45,fulfilled,yes,SELL1009,Memon Ltd Retail,Gangtok,3.5
CUST10797,Varenya Kade,Bulandshahr,Andhra Pradesh,dormant,ORD100656,33720.98,Sneakers,Footwear,2024-11-25 19:06:22,fulfilled,yes,SELL1020,Rastogi-Pathak Retail,Durgapur,4.7
CUST10280,Advik Mani,Eluru,Sikkim,inactive,ORD100902,19163.68,Laptop,Electronics,2025-01-20 17:37:29,fulfilled,no,SELL1005,Ahuja-Dutta Retail,Mau,4.5
CUST10024,Jasmit Warrior,Jodhpur,Uttarakhand,inactive,ORD100921,42530.59,Formal Shoes,Footwear,2025-05-12 13:03:39,processing,no,SELL1000,"Choudhury, Bakshi and Maharaj Retail",Rajahmundry,4.5
CUST10453,Rachana Naidu,Indore,Assam,active,ORD100105,23473.76,Running Shoes,Footwear,2024-11-14 08:13:22,fulfilled,yes,SELL1020,Rastogi-Pathak Retail,Durgapur,4.7
CUST10270,Rishi Nadkarni,Hospet,Karnataka,new,ORD100635,3377.85,Bed Sheet,Home & Kitchen,2025-09-11 06:13:05,fulfilled,no,SELL1009,Memon Ltd Retail,Gangtok,3.5
CUST10136,Zayan Koshy,Hindupur,Punjab,dormant,ORD100369,23913.93,Headphones,Electronics,2024-10-19 10:02:44,lost_parcel,no,SELL1010,Boase Inc Retail,Ramagundam,3.8
CUST10697,Chanakya Bedi,Shimla,Punjab,inactive,ORD100268,7653.98,Earphones,Mobile Accessories,2026-04-05 20:45:44,returned,no,SELL1003,Tiwari PLC Retail,Kishanganj,3.8
CUST10427,Victor Sachdeva,Raipur,Meghalaya,active,ORD100655,41507.58,Football,Sports,2025-10-26 23:57:04,lost_parcel,yes,SELL1013,Loke Ltd Retail,Narasaraopet,3.8
CUST10272,Charita Tripathi,Alappuzha,Karnataka,active,ORD100046,39503.49,Self Help Book,Books,2025-03-29 02:02:57,fulfilled,no,SELL1018,"Tata, Randhawa and Shanker Retail",Bilaspur,4.7
CUST10274,Tripti Kohli,Dewas,Sikkim,active,ORD100349,14766.64,Exam Guide,Books,2026-02-22 16:57:30,fulfilled,no,SELL1018,"Tata, Randhawa and Shanker Retail",Bilaspur,4.7
CUST10661,Faras Nair,Malegaon,Meghalaya,dormant,ORD100773,44080.14,Perfume,Beauty,2026-02-20 21:01:25,fulfilled,no,SELL1005,Ahuja-Dutta Retail,Mau,4.5
CUST10430,Triya Seth,Howrah,Kerala,dormant,ORD100195,10921.76,T-Shirt,Fashion,2026-02-25 12:42:41,fulfilled,no,SELL1007,Rai Inc Retail,Hapur,3.6
CUST10711,Amaira Dhar,Allahabad,Goa,dormant,ORD100102,30254.64,Water Bottle,Home & Kitchen,2026-01-26 04:25:47,fulfilled,no,SELL1013,Loke Ltd Retail,Narasaraopet,3.8
CUST10651,Frederick Sunder,Katihar,Tripura,inactive,ORD100004,9664.17,Fiction Novel,Books,2024-08-26 05:06:30,fulfilled,yes,SELL1019,Koshy Ltd Retail,Bhimavaram,3.5
CUST10279,Gopal Ganesh,Amritsar,Gujarat,dormant,ORD100619,5232.04,Bracelet,Jewelry,2025-10-23 04:42:53,fulfilled,yes,SELL1014,"Garg, Walla and Konda Retail",Surendranagar Dudhrej,4.5
CUST10775,Ishanvi Chanda,Pimpri-Chinchwad,Punjab,active,ORD100990,28326.06,Cricket Bat,Sports,2025-09-30 15:41:48,fulfilled,yes,SELL1001,Chaudry Ltd Retail,Gudivada,3.5
CUST10453,Aryan Batra,Fatehpur,Punjab,dormant,ORD100052,35423.21,Sandals,Footwear,2026-03-11 13:01:16,fulfilled,no,SELL1014,"Garg, Walla and Konda Retail",Surendranagar Dudhrej,4.5
CUST10684,Wyatt Shukla,Shimoga,Manipur,active,ORD100263,11990.69,Yoga Mat,Sports,2024-11-29 02:18:19,fulfilled,yes,SELL1001,Chaudry Ltd Retail,Gudivada,3.5
CUST10781,Manthan Chakraborty,Tirunelveli,Odisha,active,ORD101092,31502.26,Perfume,Beauty,2024-08-19 16:20:05,processing,yes,SELL1013,Loke Ltd Retail,Narasaraopet,3.8
CUST10308,Adya Bose,Sirsa,Mizoram,dormant,ORD100443,38662.95,Jeans,Fashion,2025-02-24 05:57:30,returned,no,SELL1004,Saini and Sons Retail,Giridih,4.6
CUST10426,Aradhana Bhagat,Serampore,Kerala,dormant,ORD100971,8045.29,Bed Sheet,Home & Kitchen,2025-05-06 22:18:29,fulfilled,yes,SELL1003,Tiwari PLC Retail,Kishanganj,3.8
CUST10501,Yatin Kibe,Shimoga,Tripura,dormant,ORD100782,1894.75,Tablet,Electronics,2025-04-19 13:46:07,fulfilled,no,SELL1007,Rai Inc Retail,Hapur,3.6
CUST10308,Keya Warrior,Aurangabad,Punjab,dormant,ORD100846,10335.28,Laptop,Electronics,2025-03-19 02:48:15,fulfilled,no,SELL1008,"Lalla, Bassi and Sharaf Retail",Burhanpur,4.1
CUST10424,Adya Kothari,Tiruchirappalli,Madhya Pradesh,new,ORD100691,8334.96,Formal Shoes,Footwear,2025-10-25 19:24:06,fulfilled,yes,SELL1012,Patla-Gaba Retail,Raichur,3.5
CUST10730,Advika Parsa,Ghaziabad,Sikkim,dormant,ORD100304,998.93,Lipstick,Beauty,2024-08-20 08:38:00,processing,no,SELL1024,"Yadav, Loke and Oak Retail",Durg,4.9
CUST10518,Triveni Ganguly,Gulbarga,Chhattisgarh,dormant,ORD100341,21961.5,Perfume,Beauty,2025-12-01 00:22:47,fulfilled,no,SELL1017,Kakar PLC Retail,Rajpur Sonarpur,4.4
CUST10690,Sudiksha Sura,Amritsar,Meghalaya,active,ORD100866,16680.26,Formal Shoes,Footwear,2024-08-16 05:07:47,fulfilled,no,SELL1014,"Garg, Walla and Konda Retail",Surendranagar Dudhrej,4.5
CUST10573,Aachal Aggarwal,Adoni,Assam,inactive,ORD100313,13344.87,Board Game,Toys & Games,2024-06-24 17:01:32,fulfilled,yes,SELL1023,"Sidhu, Wadhwa and Krishnamurthy Retail",Raipur,3.7
CUST10463,Wahab Yogi,Munger,Manipur,inactive,ORD100149,38419.69,Power Bank,Mobile Accessories,2025-03-04 16:55:06,fulfilled,no,SELL1013,Loke Ltd Retail,Narasaraopet,3.8
CUST10391,Harish Sarraf,Hajipur,Manipur,new,ORD100124,44972.0,Gold Necklace,Jewelry,2024-06-01 10:51:44,fulfilled,no,SELL1007,Rai Inc Retail,Hapur,3.6
CUST10254,Amrita Walia,Buxar,Telangana,active,ORD101062,38493.12,Self Help Book,Books,2025-09-19 08:23:14,fulfilled,no,SELL1010,Boase Inc Retail,Ramagundam,3.8
CUST10394,Anita Rajan,Bidar,Rajasthan,dormant,ORD100574,16875.7,Sneakers,Footwear,2026-04-08 19:18:32,fulfilled,no,SELL1023,"Sidhu, Wadhwa and Krishnamurthy Retail",Raipur,3.7
CUST10260,Anvi Swaminathan,Sasaram,Himachal Pradesh,active,ORD100697,43231.35,Tablet,Electronics,2025-03-25 13:46:26,fulfilled,no,SELL1024,"Yadav, Loke and Oak Retail",Durg,4.9
CUST10150,Balvan Wali,Tiruchirappalli,Meghalaya,dormant,ORD100664,44448.03,Running Shoes,Footwear,2025-10-14 16:43:54,fulfilled,yes,SELL1019,Koshy Ltd Retail,Bhimavaram,3.5
CUST10431,Omkaar Chad,Kottayam,Sikkim,dormant,ORD100050,14879.7,Self Help Book,Books,2025-09-24 03:38:06,fulfilled,yes,SELL1006,Dugal-Kale Retail,Kota,4.8
CUST10291,Advaith Acharya,Hapur,Jharkhand,inactive,ORD100726,24856.19,Self Help Book,Books,2025-05-19 23:14:46,fulfilled,no,SELL1022,"Dutta, Sami and Bhatt Retail",Eluru,4.0
CUST10162,Gagan Raja,Erode,Haryana,active,ORD100799,2235.33,Tablet,Electronics,2025-08-08 12:21:56,fulfilled,yes,SELL1005,Ahuja-Dutta Retail,Mau,4.5
CUST10003,Anika Batra,Parbhani,Nagaland,active,ORD100353,20624.35,Silver Earrings,Jewelry,2025-08-01 05:20:51,returned,no,SELL1018,"Tata, Randhawa and Shanker Retail",Bilaspur,4.7
CUST10092,Andrew Parmer,Raurkela Industrial Township,Sikkim,new,ORD101152,11880.76,Fiction Novel,Books,2024-09-20 17:22:57,returned,yes,SELL1003,Tiwari PLC Retail,Kishanganj,3.8
CUST10113,Jasmit Wali,Dehradun,Himachal Pradesh,active,ORD100142,44442.46,Screen Guard,Mobile Accessories,2026-04-30 11:52:11,fulfilled,no,SELL1005,Ahuja-Dutta Retail,Mau,4.5
CUST10047,Kabir Chanda,Bhilai,Arunachal Pradesh,new,ORD100470,22798.64,Self Help Book,Books,2025-05-13 14:19:50,processing,no,SELL1002,Balay-Balan Retail,Bellary,3.9
CUST10333,Ria Gandhi,Solapur,Mizoram,dormant,ORD100653,25736.77,Face Cream,Beauty,2025-10-02 08:02:35,fulfilled,yes,SELL1023,"Sidhu, Wadhwa and Krishnamurthy Retail",Raipur,3.7
CUST10266,Yashasvi Talwar,Pallavaram,Maharashtra,active,ORD100399,16938.49,Saree,Fashion,2025-11-23 02:46:32,fulfilled,yes,SELL1018,"Tata, Randhawa and Shanker Retail",Bilaspur,4.7
CUST10131,Yahvi Balay,Naihati,Maharashtra,new,ORD101153,33584.16,Saree,Fashion,2024-08-17 01:18:14,processing,yes,SELL1011,Kaul Inc Retail,Alwar,4.3
CUST10366,Amol Sur,Chennai,Andhra Pradesh,dormant,ORD100937,5485.39,Gold Necklace,Jewelry,2024-10-06 21:15:37,fulfilled,yes,SELL1014,"Garg, Walla and Konda Retail",Surendranagar Dudhrej,4.5
CUST10117,Ranbir Chowdhury,Gurgaon,Punjab,inactive,ORD100320,14866.44,Cookbook,Books,2026-01-05 13:02:02,fulfilled,yes,SELL1011,Kaul Inc Retail,Alwar,4.3
CUST10527,Bhavika Sampath,Bhatpara,Gujarat,inactive,ORD100019,10532.93,Headphones,Electronics,2025-01-05 23:47:50,fulfilled,no,SELL1002,Balay-Balan Retail,Bellary,3.9
CUST10423,Aradhana Kara,Malda,Madhya Pradesh,inactive,ORD100684,10413.63,Board Game,Toys & Games,2025-08-10 01:48:02,returned,yes,SELL1008,"Lalla, Bassi and Sharaf Retail",Burhanpur,4.1
CUST10110,Ishita Kade,Kota,Kerala,inactive,ORD100035,42270.11,Water Bottle,Home & Kitchen,2026-01-16 11:10:59,fulfilled,yes,SELL1003,Tiwari PLC Retail,Kishanganj,3.8
CUST10065,Zehaan Arora,Mehsana,West Bengal,active,ORD100824,20139.99,Headphones,Electronics,2025-06-11 20:07:39,lost_parcel,yes,SELL1006,Dugal-Kale Retail,Kota,4.8
CUST10408,Vrinda Lanka,Tinsukia,Madhya Pradesh,new,ORD100505,19013.73,Formal Shoes,Footwear,2024-10-11 03:11:53,processing,no,SELL1008,"Lalla, Bassi and Sharaf Retail",Burhanpur,4.1
CUST10381,Arunima Johal,Udaipur,Chhattisgarh,new,ORD100827,7975.82,Self Help Book,Books,2024-07-02 07:13:43,returned,yes,SELL1015,Madan-Kanda Retail,Pimpri-Chinchwad,4.3
CUST10661,Dipta Misra,Vellore,Kerala,active,ORD101070,1403.93,Gold Necklace,Jewelry,2025-10-24 05:38:14,fulfilled,yes,SELL1008,"Lalla, Bassi and Sharaf Retail",Burhanpur,4.1
CUST10543,Indali Walia,Kavali,Nagaland,new,ORD100407,1608.89,Fiction Novel,Books,2024-09-28 07:32:38,returned,yes,SELL1015,Madan-Kanda Retail,Pimpri-Chinchwad,4.3
CUST10727,Pranit Deshmukh,Haridwar,Karnataka,inactive,ORD100817,16640.4,Mixer Grinder,Home & Kitchen,2025-05-05 17:53:02,fulfilled,no,SELL1017,Kakar PLC Retail,Rajpur Sonarpur,4.4
CUST10563,Chanchal Chokshi,Rajkot,Karnataka,active,ORD100537,38356.88,Earphones,Mobile Accessories,2024-12-21 06:47:01,fulfilled,yes,SELL1020,Rastogi-Pathak Retail,Durgapur,4.7
CUST10186,Vrishti Vora,Dhanbad,Kerala,active,ORD100758,36410.29,Self Help Book,Books,2024-11-07 23:20:00,fulfilled,yes,SELL1015,Madan-Kanda Retail,Pimpri-Chinchwad,4.3
CUST10043,Saksham Dutta,Bhavnagar,Andhra Pradesh,dormant,ORD101068,20168.83,Yoga Mat,Sports,2024-12-07 05:37:43,fulfilled,no,SELL1018,"Tata, Randhawa and Shanker Retail",Bilaspur,4.7
CUST10295,Daksha Lad,Bhalswa Jahangir Pur,Odisha,new,ORD100892,9317.81,Saree,Fashion,2024-09-28 20:37:40,fulfilled,no,SELL1006,Dugal-Kale Retail,Kota,4.8
CUST10438,Lavanya Barad,Korba,Gujarat,active,ORD100038,7521.88,Bracelet,Jewelry,2026-02-13 19:02:24,fulfilled,yes,SELL1022,"Dutta, Sami and Bhatt Retail",Eluru,4.0
CUST10620,Ekaraj Dhar,Mysore,Telangana,dormant,ORD100175,20402.55,Formal Shoes,Footwear,2025-07-06 13:40:35,fulfilled,yes,SELL1010,Boase Inc Retail,Ramagundam,3.8
CUST10745,Sanaya Kala,Pallavaram,Gujarat,active,ORD100245,22730.83,Running Shoes,Footwear,2024-08-23 18:53:23,returned,yes,SELL1023,"Sidhu, Wadhwa and Krishnamurthy Retail",Raipur,3.7
CUST10101,Samarth Bhatti,Bahraich,West Bengal,dormant,ORD100810,19328.11,Doll,Toys & Games,2025-09-11 19:34:57,fulfilled,yes,SELL1022,"Dutta, Sami and Bhatt Retail",Eluru,4.0
CUST10335,Sudiksha Bala,Udaipur,Rajasthan,dormant,ORD101084,20622.92,Cricket Bat,Sports,2025-04-29 22:25:48,fulfilled,yes,SELL1005,Ahuja-Dutta Retail,Mau,4.5
CUST10384,Darika Bail,Meerut,Tamil Nadu,inactive,ORD101077,9667.65,Bracelet,Jewelry,2026-05-03 03:24:21,fulfilled,yes,SELL1000,"Choudhury, Bakshi and Maharaj Retail",Rajahmundry,4.5
CUST10550,Ekani Padmanabhan,Farrukhabad,Goa,inactive,ORD100784,18425.61,Perfume,Beauty,2025-02-16 03:56:55,returned,yes,SELL1021,"Tak, Chand and Batta Retail",Jamnagar,4.5
CUST10619,Jai Pingle,Thane,Mizoram,inactive,ORD101184,14440.62,Doll,Toys & Games,2024-09-16 14:33:56,fulfilled,yes,SELL1000,"Choudhury, Bakshi and Maharaj Retail",Rajahmundry,4.5
CUST10065,Joshua Goel,Chapra,Madhya Pradesh,new,ORD100489,5347.42,Doll,Toys & Games,2026-03-12 08:01:18,fulfilled,yes,SELL1001,Chaudry Ltd Retail,Gudivada,3.5
CUST10359,Chandresh Nath,Cuttack,Uttar Pradesh,new,ORD100154,7215.59,Gold Necklace,Jewelry,2025-08-02 01:15:31,fulfilled,no,SELL1003,Tiwari PLC Retail,Kishanganj,3.8
CUST10330,Garima Srinivasan,Amroha,Kerala,active,ORD100638,27702.47,Badminton Racket,Sports,2026-01-12 07:27:55,fulfilled,yes,SELL1020,Rastogi-Pathak Retail,Durgapur,4.7
CUST10702,Victor Radhakrishnan,Mira-Bhayandar,Bihar,active,ORD100662,11130.73,Cookbook,Books,2024-06-02 09:30:44,fulfilled,no,SELL1010,Boase Inc Retail,Ramagundam,3.8
CUST10715,Aayush Mukhopadhyay,Hindupur,West Bengal,new,ORD100853,37258.77,Exam Guide,Books,2024-07-27 03:58:29,fulfilled,no,SELL1021,"Tak, Chand and Batta Retail",Jamnagar,4.5
CUST10760,Bhavna Dara,Tenali,Uttarakhand,active,ORD100287,13851.81,Laptop,Electronics,2025-02-12 14:32:20,returned,no,SELL1006,Dugal-Kale Retail,Kota,4.8
CUST10753,Dev Bath,Secunderabad,Mizoram,active,ORD100625,11347.4,Laptop,Electronics,2024-08-10 23:16:20,fulfilled,yes,SELL1014,"Garg, Walla and Konda Retail",Surendranagar Dudhrej,4.5
CUST10256,Bhavika Dhawan,Rohtak,Tripura,active,ORD101199,7919.8,Kurta,Fashion,2024-07-29 03:33:36,fulfilled,no,SELL1021,"Tak, Chand and Batta Retail",Jamnagar,4.5
CUST10632,Advika Gill,Guna,Bihar,dormant,ORD100685,34172.37,Jeans,Fashion,2025-07-28 10:23:37,fulfilled,no,SELL1014,"Garg, Walla and Konda Retail",Surendranagar Dudhrej,4.5
CUST10675,Faras Sur,Guntakal,Punjab,active,ORD100872,30342.34,Doll,Toys & Games,2025-05-15 02:00:04,fulfilled,no,SELL1016,Balay LLC Retail,Agartala,3.8
CUST10375,Aahana Kashyap,Sagar,Himachal Pradesh,new,ORD100569,11979.5,Earphones,Mobile Accessories,2025-05-16 03:31:11,processing,no,SELL1018,"Tata, Randhawa and Shanker Retail",Bilaspur,4.7
CUST10330,Balhaar Sura,Shivpuri,Mizoram,active,ORD101143,23316.17,Face Cream,Beauty,2025-08-22 14:31:59,fulfilled,yes,SELL1020,Rastogi-Pathak Retail,Durgapur,4.7
CUST10666,Anthony Grewal,Ichalkaranji,Himachal Pradesh,active,ORD100734,36844.43,Kurta,Fashion,2024-08-25 15:39:43,returned,no,SELL1017,Kakar PLC Retail,Rajpur Sonarpur,4.4
CUST10668,Jagvi Chokshi,Jalna,West Bengal,new,ORD100792,582.83,Mixer Grinder,Home & Kitchen,2026-04-06 16:34:30,fulfilled,no,SELL1022,"Dutta, Sami and Bhatt Retail",Eluru,4.0
CUST10530,Warjas Ganesan,Shivpuri,Meghalaya,dormant,ORD100017,32168.53,Puzzle,Toys & Games,2024-11-02 13:18:03,fulfilled,yes,SELL1014,"Garg, Walla and Konda Retail",Surendranagar Dudhrej,4.5
CUST10662,Balendra Biswas,Tumkur,Haryana,active,ORD100127,30595.75,Mixer Grinder,Home & Kitchen,2025-12-21 13:29:47,fulfilled,no,SELL1020,Rastogi-Pathak Retail,Durgapur,4.7
CUST10512,Chanakya Konda,Rewa,Manipur,inactive,ORD100322,37458.13,Jacket,Fashion,2024-11-18 13:09:47,fulfilled,yes,SELL1021,"Tak, Chand and Batta Retail",Jamnagar,4.5
CUST10548,Farhan Krishna,Suryapet,Himachal Pradesh,active,ORD100255,40884.69,Saree,Fashion,2024-08-25 18:06:21,processing,yes,SELL1007,Rai Inc Retail,Hapur,3.6
CUST10672,Isaiah Dixit,Mehsana,Goa,dormant,ORD100943,26860.52,Headphones,Electronics,2024-09-21 14:53:49,fulfilled,yes,SELL1001,Chaudry Ltd Retail,Gudivada,3.5
CUST10193,Sanaya Brahmbhatt,Hajipur,Madhya Pradesh,inactive,ORD101179,31050.17,Laptop,Electronics,2025-08-20 10:20:26,fulfilled,yes,SELL1001,Chaudry Ltd Retail,Gudivada,3.5
CUST10094,Yashvi Hari,Etawah,Telangana,inactive,ORD100190,12493.04,Power Bank,Mobile Accessories,2026-02-15 15:04:15,returned,no,SELL1013,Loke Ltd Retail,Narasaraopet,3.8
CUST10159,Ishaan Shenoy,Jamnagar,Meghalaya,active,ORD100115,985.05,Bed Sheet,Home & Kitchen,2026-05-14 22:40:32,fulfilled,no,SELL1020,Rastogi-Pathak Retail,Durgapur,4.7
CUST10550,Kashish Lad,Amravati,Arunachal Pradesh,dormant,ORD101173,18417.68,Smart Watch,Electronics,2025-12-29 04:03:43,fulfilled,yes,SELL1017,Kakar PLC Retail,Rajpur Sonarpur,4.4
CUST10346,Fariq Dhar,Kirari Suleman Nagar,Mizoram,inactive,ORD100888,26785.76,Kurta,Fashion,2024-07-20 07:09:40,fulfilled,no,SELL1003,Tiwari PLC Retail,Kishanganj,3.8
CUST10258,Dhriti Bhagat,Chandrapur,Gujarat,active,ORD100606,38483.12,Cookware Set,Home & Kitchen,2025-09-14 12:52:15,fulfilled,no,SELL1021,"Tak, Chand and Batta Retail",Jamnagar,4.5
CUST10726,Indrajit Mander,Hajipur,Sikkim,active,ORD100180,43556.0,Remote Car,Toys & Games,2025-01-15 02:07:00,fulfilled,no,SELL1019,Koshy Ltd Retail,Bhimavaram,3.5
CUST10010,Prisha Varma,Chandigarh,Madhya Pradesh,inactive,ORD100301,17158.86,Gold Necklace,Jewelry,2025-10-22 08:35:45,fulfilled,no,SELL1020,Rastogi-Pathak Retail,Durgapur,4.7
CUST10576,Nicholas Seth,Visakhapatnam,Jharkhand,inactive,ORD100496,37217.95,Sandals,Footwear,2024-06-05 03:02:36,fulfilled,no,SELL1016,Balay LLC Retail,Agartala,3.8
CUST10061,Zayyan Pandya,Sikar,Assam,new,ORD100348,7718.54,Cookware Set,Home & Kitchen,2025-03-06 06:56:52,fulfilled,yes,SELL1006,Dugal-Kale Retail,Kota,4.8
CUST10230,Mugdha Parekh,Madanapalle,Madhya Pradesh,active,ORD101035,22451.69,Charger,Mobile Accessories,2025-05-31 21:06:34,fulfilled,no,SELL1023,"Sidhu, Wadhwa and Krishnamurthy Retail",Raipur,3.7
CUST10011,Bhavika Gopal,Jamnagar,Goa,active,ORD100982,42485.13,Gold Necklace,Jewelry,2024-11-21 07:38:21,fulfilled,no,SELL1024,"Yadav, Loke and Oak Retail",Durg,4.9
CUST10178,Anya Dar,Latur,Andhra Pradesh,dormant,ORD100744,18449.07,Remote Car,Toys & Games,2024-06-22 03:34:32,fulfilled,no,SELL1021,"Tak, Chand and Batta Retail",Jamnagar,4.5
CUST10658,Harrison Sagar,Avadi,Haryana,dormant,ORD101151,29085.84,Doll,Toys & Games,2024-10-30 04:52:31,returned,yes,SELL1020,Rastogi-Pathak Retail,Durgapur,4.7
CUST10599,Hitesh Chaudhuri,Jorhat,Kerala,new,ORD100517,12775.6,Self Help Book,Books,2026-04-02 09:53:04,fulfilled,no,SELL1005,Ahuja-Dutta Retail,Mau,4.5
CUST10550,Charita Nagi,Nangloi Jat,Karnataka,inactive,ORD100372,19233.24,Board Game,Toys & Games,2024-10-05 12:09:40,fulfilled,no,SELL1020,Rastogi-Pathak Retail,Durgapur,4.7
CUST10550,Januja Sankar,Bathinda,Punjab,new,ORD100045,15995.58,Earphones,Mobile Accessories,2025-01-19 08:34:27,processing,yes,SELL1021,"Tak, Chand and Batta Retail",Jamnagar,4.5
CUST10431,Hemangini Thakkar,Munger,Himachal Pradesh,active,ORD100476,31673.21,Face Cream,Beauty,2024-10-07 04:46:24,fulfilled,no,SELL1009,Memon Ltd Retail,Gangtok,3.5
CUST10544,Imaran Bal,Kanpur,Kerala,inactive,ORD100157,3409.54,Smartphone,Electronics,2026-01-24 03:08:38,fulfilled,no,SELL1023,"Sidhu, Wadhwa and Krishnamurthy Retail",Raipur,3.7
CUST10522,Warda Purohit,Anantapuram,Karnataka,new,ORD101046,26801.62,Lipstick,Beauty,2024-07-07 05:47:18,fulfilled,no,SELL1020,Rastogi-Pathak Retail,Durgapur,4.7
CUST10579,Mohammed Subramaniam,Moradabad,Kerala,new,ORD100171,21038.17,Running Shoes,Footwear,2026-03-08 03:39:54,lost_parcel,no,SELL1021,"Tak, Chand and Batta Retail",Jamnagar,4.5
CUST10272,Saanvi Chaudhari,Panvel,Uttarakhand,dormant,ORD100016,6038.23,Bracelet,Jewelry,2024-05-31 23:52:07,processing,yes,SELL1005,Ahuja-Dutta Retail,Mau,4.5
CUST10772,Yadavi Varughese,Jamshedpur,Tripura,active,ORD100511,6844.5,Headphones,Electronics,2025-05-04 07:28:11,fulfilled,no,SELL1006,Dugal-Kale Retail,Kota,4.8
CUST10552,Charvi Ravi,Avadi,Jharkhand,inactive,ORD100048,11685.35,Board Game,Toys & Games,2024-10-30 18:51:06,fulfilled,yes,SELL1016,Balay LLC Retail,Agartala,3.8
CUST10515,Warinder Chauhan,Bardhaman,Gujarat,new,ORD100191,41892.03,Board Game,Toys & Games,2024-10-02 07:01:07,fulfilled,yes,SELL1012,Patla-Gaba Retail,Raichur,3.5
CUST10476,Jacob Singhal,Ballia,Odisha,active,ORD100546,40147.15,Sandals,Footwear,2025-09-14 14:36:16,fulfilled,yes,SELL1004,Saini and Sons Retail,Giridih,4.6
CUST10743,Zinal Shanker,Dharmavaram,Mizoram,inactive,ORD100515,34053.07,Power Bank,Mobile Accessories,2026-01-17 16:26:21,fulfilled,yes,SELL1024,"Yadav, Loke and Oak Retail",Durg,4.9
CUST10519,Ansh Manne,Rajkot,Andhra Pradesh,dormant,ORD100977,7318.51,Cookbook,Books,2026-03-28 16:10:29,returned,yes,SELL1024,"Yadav, Loke and Oak Retail",Durg,4.9
CUST10096,Bhanumati Saha,Cuttack,Gujarat,inactive,ORD100938,38108.82,Mixer Grinder,Home & Kitchen,2024-09-08 16:06:48,lost_parcel,yes,SELL1011,Kaul Inc Retail,Alwar,4.3
CUST10634,Balhaar Dhillon,Gangtok,Uttarakhand,inactive,ORD100828,6929.87,Cookbook,Books,2025-09-01 02:49:07,returned,no,SELL1005,Ahuja-Dutta Retail,Mau,4.5
CUST10403,Benjamin Nadig,Gandhidham,Himachal Pradesh,active,ORD100983,18253.2,Bed Sheet,Home & Kitchen,2025-03-03 15:57:02,fulfilled,yes,SELL1001,Chaudry Ltd Retail,Gudivada,3.5
CUST10686,Isha Ghose,Patiala,Odisha,dormant,ORD100480,868.91,T-Shirt,Fashion,2025-01-22 12:47:36,fulfilled,yes,SELL1018,"Tata, Randhawa and Shanker Retail",Bilaspur,4.7
CUST10467,Chakradev Varghese,Sasaram,Maharashtra,inactive,ORD101128,31476.67,Water Bottle,Home & Kitchen,2025-04-06 08:00:08,fulfilled,yes,SELL1019,Koshy Ltd Retail,Bhimavaram,3.5
CUST10231,Ekta Sridhar,Satara,Goa,new,ORD100283,8518.57,Earphones,Mobile Accessories,2025-05-12 13:30:42,lost_parcel,yes,SELL1007,Rai Inc Retail,Hapur,3.6
CUST10227,Tanmayi Muni,Kamarhati,Nagaland,inactive,ORD101029,8859.76,Sandals,Footwear,2025-04-01 21:03:12,processing,no,SELL1022,"Dutta, Sami and Bhatt Retail",Eluru,4.0
CUST10181,Yachana Majumdar,Bardhaman,Madhya Pradesh,inactive,ORD100797,5335.87,Bed Sheet,Home & Kitchen,2026-04-12 03:03:37,fulfilled,yes,SELL1015,Madan-Kanda Retail,Pimpri-Chinchwad,4.3
CUST10680,Shravya Sabharwal,Akola,Punjab,inactive,ORD100939,37622.26,Screen Guard,Mobile Accessories,2025-11-08 18:29:32,fulfilled,yes,SELL1018,"Tata, Randhawa and Shanker Retail",Bilaspur,4.7
CUST10657,Jalsa Bir,Pali,West Bengal,new,ORD100225,37187.89,Smartphone,Electronics,2025-05-20 16:42:56,fulfilled,no,SELL1001,Chaudry Ltd Retail,Gudivada,3.5
CUST10714,Ethan Yogi,Guna,Himachal Pradesh,dormant,ORD100026,41715.28,Silver Earrings,Jewelry,2024-08-31 09:55:54,fulfilled,no,SELL1013,Loke Ltd Retail,Narasaraopet,3.8
CUST10427,Nirja Thaker,Ghaziabad,Tamil Nadu,dormant,ORD100282,43761.35,Puzzle,Toys & Games,2024-09-04 18:48:23,fulfilled,no,SELL1022,"Dutta, Sami and Bhatt Retail",Eluru,4.0
CUST10264,Urmi Edwin,Ichalkaranji,Tamil Nadu,dormant,ORD101149,40648.29,Self Help Book,Books,2025-12-23 11:52:30,processing,yes,SELL1023,"Sidhu, Wadhwa and Krishnamurthy Retail",Raipur,3.7
CUST10745,Nachiket Yadav,Katni,Odisha,active,ORD100437,9324.99,Water Bottle,Home & Kitchen,2025-09-25 04:51:51,fulfilled,no,SELL1010,Boase Inc Retail,Ramagundam,3.8
CUST10445,Oni Ratti,Satara,Kerala,inactive,ORD101167,5544.52,Screen Guard,Mobile Accessories,2024-05-26 16:04:14,fulfilled,no,SELL1018,"Tata, Randhawa and Shanker Retail",Bilaspur,4.7
CUST10704,Harshil Bal,Raichur,Nagaland,dormant,ORD100364,28374.81,Bed Sheet,Home & Kitchen,2024-07-31 19:36:21,lost_parcel,yes,SELL1019,Koshy Ltd Retail,Bhimavaram,3.5
CUST10779,Ucchal Srinivas,Bhavnagar,Assam,new,ORD100229,33118.46,Badminton Racket,Sports,2025-11-27 16:48:35,fulfilled,yes,SELL1004,Saini and Sons Retail,Giridih,4.6
CUST10004,Gaurangi Sabharwal,Shimoga,Goa,new,ORD100037,4424.83,Puzzle,Toys & Games,2026-01-22 02:29:13,returned,no,SELL1001,Chaudry Ltd Retail,Gudivada,3.5
CUST10714,Jacob Venkatesh,Gandhinagar,Rajasthan,new,ORD100669,11718.15,Headphones,Electronics,2024-10-27 02:02:40,fulfilled,yes,SELL1006,Dugal-Kale Retail,Kota,4.8
CUST10591,Zashil Baral,Bahraich,Nagaland,new,ORD100749,32131.92,Cookbook,Books,2025-01-04 10:38:26,fulfilled,yes,SELL1017,Kakar PLC Retail,Rajpur Sonarpur,4.4
CUST10368,Aishani Tara,Gandhidham,Tamil Nadu,new,ORD101180,43096.76,Formal Shoes,Footwear,2026-05-13 16:31:26,fulfilled,no,SELL1018,"Tata, Randhawa and Shanker Retail",Bilaspur,4.7
CUST10251,Krisha Mand,Bharatpur,Bihar,active,ORD100374,14163.89,Remote Car,Toys & Games,2026-05-14 11:45:12,processing,yes,SELL1001,Chaudry Ltd Retail,Gudivada,3.5
CUST10353,Aashi Borde,Amritsar,Gujarat,new,ORD100469,28312.53,Lipstick,Beauty,2026-04-21 12:30:31,fulfilled,no,SELL1022,"Dutta, Sami and Bhatt Retail",Eluru,4.0
CUST10169,Omisha Dube,Cuttack,Chhattisgarh,dormant,ORD100882,1767.87,Screen Guard,Mobile Accessories,2024-05-29 13:03:12,fulfilled,no,SELL1022,"Dutta, Sami and Bhatt Retail",Eluru,4.0
CUST10666,Omaja Gaba,Dibrugarh,Chhattisgarh,inactive,ORD101181,3622.95,Exam Guide,Books,2025-06-01 01:25:33,fulfilled,yes,SELL1012,Patla-Gaba Retail,Raichur,3.5
CUST10112,Zashil Savant,Phusro,Meghalaya,dormant,ORD100687,27633.88,Sneakers,Footwear,2026-01-08 13:59:28,fulfilled,yes,SELL1016,Balay LLC Retail,Agartala,3.8
CUST10637,Adweta Edwin,Suryapet,Tamil Nadu,active,ORD100032,20737.4,T-Shirt,Fashion,2025-04-17 17:25:28,fulfilled,yes,SELL1014,"Garg, Walla and Konda Retail",Surendranagar Dudhrej,4.5
CUST10185,Gopal Warrior,Asansol,Andhra Pradesh,dormant,ORD101010,22268.34,Headphones,Electronics,2024-09-03 21:41:06,fulfilled,no,SELL1013,Loke Ltd Retail,Narasaraopet,3.8
CUST10589,Inaya Mistry,Chapra,Sikkim,inactive,ORD101175,36082.73,T-Shirt,Fashion,2024-09-06 06:01:12,fulfilled,yes,SELL1004,Saini and Sons Retail,Giridih,4.6
CUST10154,Chavvi Maharaj,Nagercoil,Mizoram,dormant,ORD100194,40791.74,Headphones,Electronics,2024-07-17 03:46:35,fulfilled,no,SELL1006,Dugal-Kale Retail,Kota,4.8
CUST10412,Barkha Lall,Hazaribagh,Karnataka,new,ORD101105,5032.18,Yoga Mat,Sports,2025-04-24 00:12:14,fulfilled,yes,SELL1000,"Choudhury, Bakshi and Maharaj Retail",Rajahmundry,4.5
CUST10425,Girindra Narasimhan,Anantapuram,Sikkim,new,ORD101113,6300.87,Cricket Bat,Sports,2025-10-31 04:48:02,returned,yes,SELL1016,Balay LLC Retail,Agartala,3.8
CUST10745,Sai Patla,Siliguri,Haryana,active,ORD101063,39316.33,Earphones,Mobile Accessories,2024-09-14 09:46:33,returned,yes,SELL1006,Dugal-Kale Retail,Kota,4.8
CUST10600,Varsha Iyengar,Indore,Gujarat,dormant,ORD100503,24006.82,Tablet,Electronics,2024-09-30 05:18:19,processing,yes,SELL1013,Loke Ltd Retail,Narasaraopet,3.8
CUST10433,Tejas Cherian,Rampur,Bihar,active,ORD100915,21357.25,Puzzle,Toys & Games,2024-06-16 14:37:00,returned,no,SELL1022,"Dutta, Sami and Bhatt Retail",Eluru,4.0
CUST10172,Chaaya Saha,Bhalswa Jahangir Pur,Kerala,active,ORD100976,37115.2,Tablet,Electronics,2025-04-11 20:33:10,lost_parcel,no,SELL1003,Tiwari PLC Retail,Kishanganj,3.8
CUST10209,Kai Varghese,Rajpur Sonarpur,Manipur,active,ORD101182,42529.84,Remote Car,Toys & Games,2025-05-23 04:44:59,fulfilled,no,SELL1017,Kakar PLC Retail,Rajpur Sonarpur,4.4
CUST10207,Nirja Nagarajan,Morena,West Bengal,active,ORD101087,26560.48,Earphones,Mobile Accessories,2025-12-12 13:21:50,processing,no,SELL1008,"Lalla, Bassi and Sharaf Retail",Burhanpur,4.1
CUST10594,Pooja Muni,Sultan Pur Majra,Nagaland,new,ORD100800,3466.49,Perfume,Beauty,2024-08-30 21:10:23,fulfilled,no,SELL1018,"Tata, Randhawa and Shanker Retail",Bilaspur,4.7
CUST10284,Hamsini Venkataraman,Bhiwani,Sikkim,inactive,ORD100579,32758.13,Screen Guard,Mobile Accessories,2025-12-05 22:32:13,fulfilled,yes,SELL1011,Kaul Inc Retail,Alwar,4.3
CUST10221,Siya Thakur,Srikakulam,Arunachal Pradesh,active,ORD100160,22008.56,Silver Earrings,Jewelry,2025-12-06 09:33:16,fulfilled,yes,SELL1008,"Lalla, Bassi and Sharaf Retail",Burhanpur,4.1
CUST10454,Robert Bandi,Srikakulam,Goa,new,ORD100680,39641.78,Doll,Toys & Games,2025-10-26 01:29:15,fulfilled,yes,SELL1009,Memon Ltd Retail,Gangtok,3.5
CUST10460,Arin Oak,Bokaro,Maharashtra,inactive,ORD101197,11216.16,Charger,Mobile Accessories,2024-06-08 05:12:58,fulfilled,yes,SELL1019,Koshy Ltd Retail,Bhimavaram,3.5
CUST10309,Hritik Swaminathan,Srinagar,Assam,inactive,ORD100162,44304.71,Smartphone,Electronics,2025-01-25 17:21:43,returned,no,SELL1006,Dugal-Kale Retail,Kota,4.8
CUST10090,Lajita Bassi,Thanjavur,Odisha,active,ORD100821,36055.5,Jeans,Fashion,2026-03-28 07:04:20,fulfilled,yes,SELL1014,"Garg, Walla and Konda Retail",Surendranagar Dudhrej,4.5
CUST10215,Anamika Keer,Eluru,Gujarat,active,ORD100705,15014.95,Remote Car,Toys & Games,2024-09-10 19:29:12,fulfilled,yes,SELL1022,"Dutta, Sami and Bhatt Retail",Eluru,4.0
CUST10675,Faraj Varkey,South Dumdum,Tripura,inactive,ORD101008,33849.72,Charger,Mobile Accessories,2024-08-01 22:31:53,processing,no,SELL1003,Tiwari PLC Retail,Kishanganj,3.8
CUST10102,Radhika Padmanabhan,Ballia,Andhra Pradesh,active,ORD100877,22173.05,Lipstick,Beauty,2025-09-07 11:46:34,returned,no,SELL1000,"Choudhury, Bakshi and Maharaj Retail",Rajahmundry,4.5
CUST10553,Akshay Choudhury,Gudivada,Telangana,new,ORD100895,22856.89,Cookbook,Books,2024-09-14 22:08:04,fulfilled,no,SELL1021,"Tak, Chand and Batta Retail",Jamnagar,4.5
CUST10775,Alka Gokhale,Coimbatore,Meghalaya,inactive,ORD100913,41759.51,Exam Guide,Books,2026-05-11 18:51:56,fulfilled,yes,SELL1002,Balay-Balan Retail,Bellary,3.9
CUST10362,Lavanya Kurian,Raipur,Bihar,active,ORD101198,8113.37,Yoga Mat,Sports,2025-07-15 08:15:36,fulfilled,no,SELL1016,Balay LLC Retail,Agartala,3.8
CUST10576,Hardik Pillai,Ghaziabad,Madhya Pradesh,new,ORD100152,36585.9,Charger,Mobile Accessories,2024-12-20 19:33:55,fulfilled,no,SELL1018,"Tata, Randhawa and Shanker Retail",Bilaspur,4.7
CUST10126,Zinal Nayak,Adoni,Karnataka,inactive,ORD100978,7196.17,Football,Sports,2025-10-11 21:01:27,fulfilled,no,SELL1004,Saini and Sons Retail,Giridih,4.6
CUST10587,Jeet Mani,Mangalore,Meghalaya,new,ORD101002,3319.2,Smart Watch,Electronics,2026-04-24 20:36:46,fulfilled,no,SELL1015,Madan-Kanda Retail,Pimpri-Chinchwad,4.3
CUST10014,Darsh Ram,Jorhat,Sikkim,active,ORD100509,30438.36,Screen Guard,Mobile Accessories,2026-03-24 20:50:17,fulfilled,yes,SELL1013,Loke Ltd Retail,Narasaraopet,3.8
CUST10458,Yoshita Agarwal,Haridwar,Arunachal Pradesh,dormant,ORD100111,32754.2,Running Shoes,Footwear,2024-10-13 05:33:16,fulfilled,no,SELL1004,Saini and Sons Retail,Giridih,4.6
CUST10559,Lila Prakash,Pune,Kerala,new,ORD100226,27929.06,Smart Watch,Electronics,2026-01-22 23:50:27,fulfilled,no,SELL1020,Rastogi-Pathak Retail,Durgapur,4.7
CUST10287,Nicholas Walla,Bhilai,Andhra Pradesh,inactive,ORD100985,32553.05,Football,Sports,2025-03-30 18:21:03,returned,no,SELL1000,"Choudhury, Bakshi and Maharaj Retail",Rajahmundry,4.5
CUST10297,Harini Sule,Khammam,Chhattisgarh,new,ORD100851,12487.64,Puzzle,Toys & Games,2026-01-08 04:56:07,fulfilled,yes,SELL1001,Chaudry Ltd Retail,Gudivada,3.5
CUST10091,Bhavya Sarna,Bhind,Tamil Nadu,new,ORD100103,36666.22,Charger,Mobile Accessories,2025-01-11 17:25:59,fulfilled,yes,SELL1014,"Garg, Walla and Konda Retail",Surendranagar Dudhrej,4.5
CUST10396,Faras Deo,Kadapa,Sikkim,dormant,ORD100421,15965.86,T-Shirt,Fashion,2025-05-01 05:24:37,returned,yes,SELL1001,Chaudry Ltd Retail,Gudivada,3.5
CUST10328,Fitan Prabhu,Faridabad,Madhya Pradesh,inactive,ORD100419,15102.56,Jeans,Fashion,2025-09-18 10:52:17,fulfilled,yes,SELL1011,Kaul Inc Retail,Alwar,4.3
CUST10732,Rachita Mutti,Pali,Sikkim,inactive,ORD100624,36830.92,Smartphone,Electronics,2024-08-20 10:08:30,fulfilled,no,SELL1024,"Yadav, Loke and Oak Retail",Durg,4.9
CUST10276,Gavin Modi,Sirsa,Karnataka,inactive,ORD100586,21601.51,Yoga Mat,Sports,2025-02-26 17:57:25,processing,yes,SELL1018,"Tata, Randhawa and Shanker Retail",Bilaspur,4.7
CUST10134,Neelima Krishnamurthy,Motihari,Goa,inactive,ORD101060,39563.81,T-Shirt,Fashion,2026-04-04 17:51:53,fulfilled,no,SELL1004,Saini and Sons Retail,Giridih,4.6
CUST10753,Upkaar Aggarwal,Ongole,Bihar,inactive,ORD100919,35730.9,Badminton Racket,Sports,2025-08-04 02:57:17,fulfilled,no,SELL1015,Madan-Kanda Retail,Pimpri-Chinchwad,4.3
CUST10543,Mekhala Jani,Suryapet,Uttar Pradesh,new,ORD100672,25362.29,Smartphone,Electronics,2025-07-27 14:29:02,fulfilled,no,SELL1007,Rai Inc Retail,Hapur,3.6
CUST10384,Aarnav Mandal,Dharmavaram,Odisha,dormant,ORD100119,14798.87,Headphones,Electronics,2025-10-15 02:56:59,fulfilled,no,SELL1011,Kaul Inc Retail,Alwar,4.3
CUST10528,Tamanna Sachdeva,Yamunanagar,Meghalaya,new,ORD100053,35779.77,Mixer Grinder,Home & Kitchen,2025-03-26 22:49:54,fulfilled,yes,SELL1009,Memon Ltd Retail,Gangtok,3.5
CUST10088,Bachittar Prabhakar,Raiganj,Manipur,active,ORD100151,31000.59,Gold Necklace,Jewelry,2024-11-19 22:13:15,fulfilled,no,SELL1002,Balay-Balan Retail,Bellary,3.9
CUST10303,Benjamin Sastry,Khandwa,Bihar,dormant,ORD100403,27750.18,Formal Shoes,Footwear,2025-12-13 04:35:10,fulfilled,no,SELL1020,Rastogi-Pathak Retail,Durgapur,4.7
CUST10278,Ekansh Basu,Ongole,Odisha,active,ORD101188,4569.76,Football,Sports,2025-01-16 02:01:26,lost_parcel,yes,SELL1017,Kakar PLC Retail,Rajpur Sonarpur,4.4
CUST10457,Faras Merchant,Guna,Tripura,dormant,ORD100207,4885.23,Football,Sports,2025-07-13 18:49:07,fulfilled,no,SELL1009,Memon Ltd Retail,Gangtok,3.5
CUST10187,Jackson Arya,Morena,Manipur,active,ORD101134,8631.27,Cookware Set,Home & Kitchen,2025-11-08 20:57:55,fulfilled,yes,SELL1015,Madan-Kanda Retail,Pimpri-Chinchwad,4.3
CUST10443,Daksh Ganesan,Bokaro,Mizoram,new,ORD100658,43705.47,Sneakers,Footwear,2025-03-31 11:00:57,returned,yes,SELL1007,Rai Inc Retail,Hapur,3.6
CUST10673,Madhav Balakrishnan,Firozabad,Haryana,inactive,ORD101096,21968.22,T-Shirt,Fashion,2025-09-12 07:09:24,returned,no,SELL1017,Kakar PLC Retail,Rajpur Sonarpur,4.4
CUST10479,Rayaan Mangal,Nashik,West Bengal,dormant,ORD100232,8784.77,Bed Sheet,Home & Kitchen,2025-10-11 20:28:52,lost_parcel,no,SELL1016,Balay LLC Retail,Agartala,3.8
CUST10599,Hamsini Bail,Giridih,Haryana,dormant,ORD100008,33600.75,Screen Guard,Mobile Accessories,2024-05-26 02:48:34,lost_parcel,no,SELL1023,"Sidhu, Wadhwa and Krishnamurthy Retail",Raipur,3.7
CUST10084,Ishaan Bhatt,Sultan Pur Majra,Tripura,new,ORD100159,7335.38,Sneakers,Footwear,2025-02-25 17:39:29,fulfilled,no,SELL1021,"Tak, Chand and Batta Retail",Jamnagar,4.5
CUST10501,Mohammed Khalsa,Belgaum,Maharashtra,new,ORD100036,32376.98,Hair Oil,Beauty,2024-06-08 18:48:49,processing,yes,SELL1016,Balay LLC Retail,Agartala,3.8
CUST10009,Ucchal Pillay,Thiruvananthapuram,Telangana,inactive,ORD100452,21491.62,Cookware Set,Home & Kitchen,2026-04-19 22:14:31,fulfilled,no,SELL1019,Koshy Ltd Retail,Bhimavaram,3.5
CUST10039,Zansi Krishnamurthy,Rajahmundry,Mizoram,dormant,ORD100651,34786.85,Self Help Book,Books,2025-03-31 18:12:34,fulfilled,yes,SELL1003,Tiwari PLC Retail,Kishanganj,3.8
CUST10698,Kai Sant,Amravati,Mizoram,inactive,ORD100253,4777.95,Badminton Racket,Sports,2024-09-16 09:10:39,fulfilled,yes,SELL1003,Tiwari PLC Retail,Kishanganj,3.8
CUST10578,Leela Keer,Shimoga,Karnataka,active,ORD100303,12417.22,Kurta,Fashion,2025-01-10 01:26:27,fulfilled,no,SELL1017,Kakar PLC Retail,Rajpur Sonarpur,4.4
CUST10782,Kala Gill,Noida,Meghalaya,inactive,ORD100896,11530.79,Earphones,Mobile Accessories,2024-10-07 23:17:24,lost_parcel,yes,SELL1021,"Tak, Chand and Batta Retail",Jamnagar,4.5
CUST10598,Harita Rai,Haldia,Kerala,inactive,ORD101048,26427.73,Screen Guard,Mobile Accessories,2025-02-22 02:32:56,fulfilled,no,SELL1009,Memon Ltd Retail,Gangtok,3.5
CUST10560,Eesha Raja,Eluru,Maharashtra,active,ORD100880,22863.83,Screen Guard,Mobile Accessories,2025-07-17 22:30:47,processing,yes,SELL1017,Kakar PLC Retail,Rajpur Sonarpur,4.4
CUST10122,Pooja D’Alia,Ranchi,Andhra Pradesh,inactive,ORD100571,26120.58,Remote Car,Toys & Games,2026-03-13 07:10:11,fulfilled,yes,SELL1021,"Tak, Chand and Batta Retail",Jamnagar,4.5
CUST10482,Vedant Kuruvilla,Munger,Manipur,inactive,ORD100623,2803.97,Board Game,Toys & Games,2025-09-22 00:51:49,fulfilled,no,SELL1017,Kakar PLC Retail,Rajpur Sonarpur,4.4
CUST10622,Vincent Bhat,Bhusawal,Odisha,dormant,ORD101144,43640.98,Badminton Racket,Sports,2025-01-20 20:38:09,fulfilled,yes,SELL1007,Rai Inc Retail,Hapur,3.6
CUST10621,Priya Gulati,Fatehpur,Sikkim,inactive,ORD101030,1943.82,Bracelet,Jewelry,2025-03-01 22:21:59,fulfilled,no,SELL1022,"Dutta, Sami and Bhatt Retail",Eluru,4.0
CUST10103,Amrita Sahni,Bhiwandi,Meghalaya,dormant,ORD101145,15869.88,Bracelet,Jewelry,2025-09-16 04:40:12,fulfilled,yes,SELL1022,"Dutta, Sami and Bhatt Retail",Eluru,4.0
CUST10274,Mohini De,Kottayam,Nagaland,new,ORD100262,11956.36,Perfume,Beauty,2024-08-11 00:10:28,fulfilled,yes,SELL1024,"Yadav, Loke and Oak Retail",Durg,4.9
CUST10554,Abdul Narayanan,Bhatpara,Arunachal Pradesh,new,ORD100610,38758.35,Badminton Racket,Sports,2024-09-16 22:00:04,fulfilled,yes,SELL1014,"Garg, Walla and Konda Retail",Surendranagar Dudhrej,4.5
CUST10018,Gautami Mane,Tinsukia,Mizoram,new,ORD100297,594.58,Earphones,Mobile Accessories,2025-06-08 03:57:26,fulfilled,no,SELL1000,"Choudhury, Bakshi and Maharaj Retail",Rajahmundry,4.5
CUST10114,Darika Bakshi,Tadipatri,Uttarakhand,active,ORD100989,11087.13,Cookbook,Books,2024-11-07 16:39:36,returned,no,SELL1016,Balay LLC Retail,Agartala,3.8
CUST10383,Tejas Sanghvi,Shimla,Himachal Pradesh,dormant,ORD100414,34913.96,Screen Guard,Mobile Accessories,2025-01-26 07:24:18,fulfilled,no,SELL1002,Balay-Balan Retail,Bellary,3.9
CUST10321,Mohammed Sachdeva,Unnao,Punjab,new,ORD100150,18122.64,Kurta,Fashion,2025-04-02 12:35:38,fulfilled,yes,SELL1013,Loke Ltd Retail,Narasaraopet,3.8
CUST10790,Sudiksha Bassi,Faridabad,Nagaland,dormant,ORD100945,4436.12,Self Help Book,Books,2024-10-04 03:32:42,fulfilled,yes,SELL1007,Rai Inc Retail,Hapur,3.6
CUST10020,Orinder Pandya,Gaya,Himachal Pradesh,inactive,ORD100472,16357.87,Lipstick,Beauty,2024-12-23 21:37:46,fulfilled,yes,SELL1012,Patla-Gaba Retail,Raichur,3.5
CUST10047,Samaksh Nayak,Patna,Tamil Nadu,active,ORD100952,13507.32,Tablet,Electronics,2025-08-05 05:27:43,fulfilled,no,SELL1002,Balay-Balan Retail,Bellary,3.9
CUST10743,Chakrika Som,Chapra,Sikkim,inactive,ORD100987,4066.44,Screen Guard,Mobile Accessories,2024-09-11 18:35:49,fulfilled,no,SELL1012,Patla-Gaba Retail,Raichur,3.5
CUST10549,Sanaya Thaman,Korba,Maharashtra,new,ORD100778,17483.13,Gold Necklace,Jewelry,2024-12-31 14:42:34,fulfilled,no,SELL1018,"Tata, Randhawa and Shanker Retail",Bilaspur,4.7
CUST10639,Logan Yohannan,Firozabad,Telangana,new,ORD100640,1721.26,Doll,Toys & Games,2026-04-08 23:15:35,fulfilled,yes,SELL1016,Balay LLC Retail,Agartala,3.8
CUST10760,Geetika Purohit,Medininagar,Chhattisgarh,dormant,ORD101189,14513.76,Remote Car,Toys & Games,2026-01-02 08:33:46,fulfilled,yes,SELL1011,Kaul Inc Retail,Alwar,4.3
CUST10717,Rachana Sagar,Adoni,Punjab,inactive,ORD101142,1446.94,Saree,Fashion,2025-12-09 09:03:15,fulfilled,no,SELL1008,"Lalla, Bassi and Sharaf Retail",Burhanpur,4.1
CUST10466,Dhriti Bhardwaj,Bidhannagar,Himachal Pradesh,active,ORD100550,23448.99,Badminton Racket,Sports,2024-10-30 03:55:57,fulfilled,no,SELL1015,Madan-Kanda Retail,Pimpri-Chinchwad,4.3
CUST10207,Vidhi Chopra,Medininagar,Assam,active,ORD100639,2255.89,Cookware Set,Home & Kitchen,2026-03-05 08:55:16,fulfilled,yes,SELL1001,Chaudry Ltd Retail,Gudivada,3.5
CUST10674,Ojasvi Ganguly,Begusarai,Goa,dormant,ORD100935,33237.79,Gold Necklace,Jewelry,2025-04-26 06:00:00,fulfilled,yes,SELL1017,Kakar PLC Retail,Rajpur Sonarpur,4.4
CUST10710,Viraj Bora,Ajmer,Meghalaya,dormant,ORD100928,4131.6,Gold Necklace,Jewelry,2025-10-10 09:03:56,fulfilled,no,SELL1010,Boase Inc Retail,Ramagundam,3.8
CUST10745,Udant Gill,Aizawl,Telangana,inactive,ORD100488,35128.42,Sneakers,Footwear,2025-11-06 07:18:13,fulfilled,no,SELL1021,"Tak, Chand and Batta Retail",Jamnagar,4.5
CUST10056,Nihal Dasgupta,Raipur,Tamil Nadu,active,ORD100819,14624.05,Cookbook,Books,2025-05-04 14:09:22,fulfilled,no,SELL1008,"Lalla, Bassi and Sharaf Retail",Burhanpur,4.1
CUST10070,Aarini Padmanabhan,Bulandshahr,Bihar,new,ORD100710,804.0,Hair Oil,Beauty,2025-02-17 05:33:48,fulfilled,no,SELL1008,"Lalla, Bassi and Sharaf Retail",Burhanpur,4.1
CUST10645,Charvi Chana,Bihar Sharif,Gujarat,dormant,ORD101080,41519.77,Water Bottle,Home & Kitchen,2026-03-19 01:27:05,processing,yes,SELL1018,"Tata, Randhawa and Shanker Retail",Bilaspur,4.7
CUST10152,Timothy Bhatnagar,Barasat,Rajasthan,active,ORD100147,3584.11,Kurta,Fashion,2025-04-02 15:56:56,fulfilled,no,SELL1019,Koshy Ltd Retail,Bhimavaram,3.5
CUST10703,Hritik Kaur,Nagpur,Punjab,active,ORD100146,3017.96,Silver Earrings,Jewelry,2026-04-07 08:05:40,fulfilled,no,SELL1013,Loke Ltd Retail,Narasaraopet,3.8
CUST10614,Saumya Misra,Malda,Karnataka,inactive,ORD101174,33981.57,Face Cream,Beauty,2024-11-19 21:56:08,fulfilled,no,SELL1005,Ahuja-Dutta Retail,Mau,4.5
CUST10720,Amol Srinivasan,Nanded,Tamil Nadu,dormant,ORD100962,1274.23,Cookware Set,Home & Kitchen,2025-05-12 06:24:54,processing,no,SELL1023,"Sidhu, Wadhwa and Krishnamurthy Retail",Raipur,3.7
CUST10436,Vinaya Babu,Katihar,Nagaland,active,ORD100345,34271.94,Bracelet,Jewelry,2025-04-05 00:40:05,returned,yes,SELL1006,Dugal-Kale Retail,Kota,4.8
CUST10287,Tanvi Tandon,Chapra,Bihar,dormant,ORD100402,8023.66,Lipstick,Beauty,2024-12-14 14:34:25,lost_parcel,yes,SELL1008,"Lalla, Bassi and Sharaf Retail",Burhanpur,4.1
CUST10184,Hitesh Comar,Hindupur,Uttar Pradesh,new,ORD100931,30305.08,Mixer Grinder,Home & Kitchen,2025-09-10 16:54:36,fulfilled,no,SELL1018,"Tata, Randhawa and Shanker Retail",Bilaspur,4.7
CUST10403,Hemal Kannan,Mahbubnagar,Goa,active,ORD100954,5392.03,Gold Necklace,Jewelry,2026-01-23 18:59:04,fulfilled,no,SELL1005,Ahuja-Dutta Retail,Mau,4.5
CUST10383,Girik Baria,Madhyamgram,Sikkim,dormant,ORD101124,22267.47,Doll,Toys & Games,2024-11-10 16:42:59,fulfilled,yes,SELL1023,"Sidhu, Wadhwa and Krishnamurthy Retail",Raipur,3.7
CUST10764,Bhanumati Chada,Sultan Pur Majra,Punjab,active,ORD100659,6207.98,Jacket,Fashion,2025-05-21 16:32:46,fulfilled,no,SELL1018,"Tata, Randhawa and Shanker Retail",Bilaspur,4.7
CUST10391,Alka Dar,Sangli-Miraj & Kupwad,Uttar Pradesh,new,ORD100463,21407.69,Face Cream,Beauty,2025-11-04 09:45:06,fulfilled,yes,SELL1021,"Tak, Chand and Batta Retail",Jamnagar,4.5
CUST10245,Nidhi Sahni,Raipur,Madhya Pradesh,new,ORD100186,33931.64,Gold Necklace,Jewelry,2024-06-05 17:33:24,processing,no,SELL1017,Kakar PLC Retail,Rajpur Sonarpur,4.4
CUST10671,Falan Grover,Kottayam,Bihar,dormant,ORD100608,4944.7,Formal Shoes,Footwear,2025-03-09 12:14:49,fulfilled,yes,SELL1002,Balay-Balan Retail,Bellary,3.9
CUST10179,Chakrika Nigam,Bhind,Assam,new,ORD100143,35612.1,Hair Oil,Beauty,2024-09-06 20:39:48,fulfilled,no,SELL1000,"Choudhury, Bakshi and Maharaj Retail",Rajahmundry,4.5
CUST10091,Naveen Biswas,Hospet,Jharkhand,inactive,ORD100751,21082.12,Saree,Fashion,2026-02-15 23:49:53,fulfilled,yes,SELL1019,Koshy Ltd Retail,Bhimavaram,3.5
CUST10420,Champak Divan,Anantapuram,Manipur,dormant,ORD100981,35488.33,Bed Sheet,Home & Kitchen,2024-09-26 17:59:41,processing,no,SELL1013,Loke Ltd Retail,Narasaraopet,3.8
CUST10681,Shivani Guha,Mahbubnagar,Meghalaya,active,ORD100197,27781.6,Perfume,Beauty,2025-06-13 22:55:35,fulfilled,no,SELL1005,Ahuja-Dutta Retail,Mau,4.5
CUST10692,Amol Dhawan,Junagadh,Chhattisgarh,dormant,ORD100883,32292.54,Gold Necklace,Jewelry,2024-07-25 07:00:12,fulfilled,no,SELL1018,"Tata, Randhawa and Shanker Retail",Bilaspur,4.7
CUST10297,Charan Srinivasan,Loni,Rajasthan,inactive,ORD100279,34020.8,Laptop,Electronics,2025-12-01 16:35:05,returned,no,SELL1016,Balay LLC Retail,Agartala,3.8
CUST10751,Niharika Soni,Kollam,Tripura,new,ORD100293,43502.89,Silver Earrings,Jewelry,2024-12-29 15:23:53,fulfilled,no,SELL1005,Ahuja-Dutta Retail,Mau,4.5
CUST10337,Abha Ghose,Ichalkaranji,Gujarat,dormant,ORD101088,3158.52,Remote Car,Toys & Games,2024-07-25 02:04:22,fulfilled,yes,SELL1016,Balay LLC Retail,Agartala,3.8
CUST10340,Vrinda Ganesh,Buxar,Andhra Pradesh,active,ORD100400,9138.64,Gold Necklace,Jewelry,2026-01-28 17:03:27,fulfilled,no,SELL1002,Balay-Balan Retail,Bellary,3.9
CUST10560,Nirja Bassi,Bhalswa Jahangir Pur,Tamil Nadu,inactive,ORD100122,40481.11,Silver Earrings,Jewelry,2026-04-30 00:20:05,fulfilled,no,SELL1021,"Tak, Chand and Batta Retail",Jamnagar,4.5
CUST10207,Bhanumati Krishnan,Thoothukudi,Assam,active,ORD100202,32306.93,Gold Necklace,Jewelry,2025-08-16 03:48:51,returned,yes,SELL1009,Memon Ltd Retail,Gangtok,3.5
CUST10565,Prisha Nadig,Hajipur,Odisha,active,ORD100835,33004.06,Laptop,Electronics,2025-09-16 14:52:31,fulfilled,no,SELL1021,"Tak, Chand and Batta Retail",Jamnagar,4.5
CUST10322,Ethan Seth,Raiganj,Assam,inactive,ORD100246,25371.2,Bracelet,Jewelry,2026-02-09 01:49:26,fulfilled,no,SELL1012,Patla-Gaba Retail,Raichur,3.5
CUST10485,Manbir Som,Lucknow,Bihar,new,ORD101139,17091.64,Screen Guard,Mobile Accessories,2024-09-26 13:11:35,fulfilled,no,SELL1015,Madan-Kanda Retail,Pimpri-Chinchwad,4.3
CUST10378,Tamanna Jhaveri,Karnal,Meghalaya,inactive,ORD100384,14929.68,Earphones,Mobile Accessories,2024-08-04 08:35:15,fulfilled,no,SELL1000,"Choudhury, Bakshi and Maharaj Retail",Rajahmundry,4.5
CUST10289,Unni Batra,Saharsa,Tripura,new,ORD100854,37102.0,Laptop,Electronics,2025-10-14 09:07:11,returned,no,SELL1016,Balay LLC Retail,Agartala,3.8
CUST10421,Liam Singh,Tadepalligudem,Andhra Pradesh,dormant,ORD100219,3238.01,Doll,Toys & Games,2026-04-24 03:10:12,returned,yes,SELL1016,Balay LLC Retail,Agartala,3.8
CUST10672,Faqid Bahl,Amaravati,Odisha,dormant,ORD100641,27385.73,T-Shirt,Fashion,2025-03-31 05:00:58,processing,yes,SELL1006,Dugal-Kale Retail,Kota,4.8
CUST10081,Yashica Cherian,Guna,Punjab,new,ORD100001,32918.74,Charger,Mobile Accessories,2024-10-22 00:44:03,returned,no,SELL1012,Patla-Gaba Retail,Raichur,3.5
CUST10245,Wishi Sathe,Kurnool,Himachal Pradesh,dormant,ORD100112,20653.36,Yoga Mat,Sports,2025-07-21 02:57:31,fulfilled,no,SELL1022,"Dutta, Sami and Bhatt Retail",Eluru,4.0
CUST10244,Kabir Bhagat,Morena,Nagaland,inactive,ORD100698,24594.05,Tablet,Electronics,2024-06-14 19:46:27,fulfilled,no,SELL1015,Madan-Kanda Retail,Pimpri-Chinchwad,4.3
CUST10131,Kashvi Deshpande,Jammu,Rajasthan,new,ORD100951,3838.57,Silver Earrings,Jewelry,2025-02-23 01:22:04,returned,no,SELL1004,Saini and Sons Retail,Giridih,4.6
CUST10364,Zehaan Rajagopalan,Mirzapur,Uttar Pradesh,new,ORD101078,13958.37,Smart Watch,Electronics,2025-11-03 18:43:02,fulfilled,no,SELL1021,"Tak, Chand and Batta Retail",Jamnagar,4.5
CUST10406,Zansi Lad,Serampore,Chhattisgarh,new,ORD100441,18312.34,Running Shoes,Footwear,2025-12-23 21:36:26,fulfilled,yes,SELL1001,Chaudry Ltd Retail,Gudivada,3.5
CUST10353,Yamini Saini,Medininagar,Bihar,active,ORD100663,19231.69,Yoga Mat,Sports,2024-10-05 08:09:06,returned,yes,SELL1010,Boase Inc Retail,Ramagundam,3.8
CUST10008,Frado Walla,Rewa,Odisha,dormant,ORD101196,18423.98,Formal Shoes,Footwear,2024-06-24 11:19:06,returned,no,SELL1023,"Sidhu, Wadhwa and Krishnamurthy Retail",Raipur,3.7
CUST10390,Ijaya Dani,Siwan,Madhya Pradesh,new,ORD100317,601.51,Puzzle,Toys & Games,2025-07-05 07:06:07,fulfilled,no,SELL1019,Koshy Ltd Retail,Bhimavaram,3.5
CUST10785,Zarna Patel,Nandyal,Manipur,new,ORD100648,27495.69,Formal Shoes,Footwear,2026-04-05 06:04:57,fulfilled,no,SELL1012,Patla-Gaba Retail,Raichur,3.5
CUST10047,Vamakshi Char,Thanjavur,Himachal Pradesh,new,ORD100709,33264.57,Perfume,Beauty,2025-02-24 21:34:56,fulfilled,yes,SELL1013,Loke Ltd Retail,Narasaraopet,3.8
CUST10366,Yachana Vyas,Nandyal,Tamil Nadu,inactive,ORD100972,25189.88,Headphones,Electronics,2025-07-07 16:10:50,fulfilled,yes,SELL1008,"Lalla, Bassi and Sharaf Retail",Burhanpur,4.1
CUST10054,Urvi Dugar,Bhavnagar,Telangana,inactive,ORD100627,11622.33,Self Help Book,Books,2025-03-20 05:23:31,processing,yes,SELL1011,Kaul Inc Retail,Alwar,4.3
CUST10022,Ishwar Golla,Jamalpur,Manipur,dormant,ORD100632,36306.79,Bracelet,Jewelry,2025-10-03 06:21:59,fulfilled,yes,SELL1006,Dugal-Kale Retail,Kota,4.8
CUST10711,Harini Dutta,Bhopal,Uttar Pradesh,active,ORD101171,1328.32,Running Shoes,Footwear,2025-07-13 21:50:11,returned,yes,SELL1008,"Lalla, Bassi and Sharaf Retail",Burhanpur,4.1
CUST10639,Diya Swamy,Miryalaguda,West Bengal,new,ORD101106,20806.74,Kurta,Fashion,2026-05-07 07:59:08,fulfilled,yes,SELL1020,Rastogi-Pathak Retail,Durgapur,4.7
CUST10005,Yug Wagle,Thoothukudi,Meghalaya,inactive,ORD100795,28335.09,Exam Guide,Books,2025-03-22 02:15:59,fulfilled,yes,SELL1013,Loke Ltd Retail,Narasaraopet,3.8
CUST10109,Yoshita Dey,Kozhikode,Goa,new,ORD100645,25779.81,Bed Sheet,Home & Kitchen,2025-08-03 10:25:36,fulfilled,no,SELL1023,"Sidhu, Wadhwa and Krishnamurthy Retail",Raipur,3.7
CUST10418,Mohammed Thakur,Maheshtala,Uttar Pradesh,inactive,ORD101012,11722.54,Jeans,Fashion,2026-04-17 07:06:43,fulfilled,no,SELL1009,Memon Ltd Retail,Gangtok,3.5
CUST10605,Bina Shah,Raebareli,Sikkim,inactive,ORD100556,21823.28,Silver Earrings,Jewelry,2024-09-01 10:46:41,fulfilled,no,SELL1006,Dugal-Kale Retail,Kota,4.8
CUST10627,Jagvi Khare,Sangli-Miraj & Kupwad,Assam,new,ORD100681,5071.79,Mixer Grinder,Home & Kitchen,2024-12-20 20:35:54,fulfilled,yes,SELL1024,"Yadav, Loke and Oak Retail",Durg,4.9
CUST10283,Vasudha Sura,Bulandshahr,Manipur,dormant,ORD100577,16379.74,Laptop,Electronics,2024-06-25 05:44:55,fulfilled,no,SELL1002,Balay-Balan Retail,Bellary,3.9
CUST10521,Raghav Sathe,Vellore,Telangana,dormant,ORD100524,1403.37,Screen Guard,Mobile Accessories,2025-05-31 19:45:27,fulfilled,no,SELL1016,Balay LLC Retail,Agartala,3.8
CUST10677,Yamini Mital,Panvel,Karnataka,inactive,ORD101059,13936.04,Hair Oil,Beauty,2024-10-22 22:28:04,processing,no,SELL1011,Kaul Inc Retail,Alwar,4.3
CUST10439,Chakrika Lad,Machilipatnam,Madhya Pradesh,inactive,ORD100540,31297.27,Water Bottle,Home & Kitchen,2025-12-13 18:26:39,fulfilled,yes,SELL1010,Boase Inc Retail,Ramagundam,3.8
CUST10620,Reva Hans,Burhanpur,Kerala,active,ORD100748,17496.13,Lipstick,Beauty,2025-12-04 04:32:29,fulfilled,yes,SELL1013,Loke Ltd Retail,Narasaraopet,3.8
CUST10460,Banjeet Sathe,Kishanganj,Meghalaya,dormant,ORD101109,3316.92,Tablet,Electronics,2025-05-11 02:01:18,fulfilled,yes,SELL1018,"Tata, Randhawa and Shanker Retail",Bilaspur,4.7
CUST10751,Kalpit Oak,North Dumdum,Arunachal Pradesh,active,ORD100484,14990.47,Bracelet,Jewelry,2024-06-06 13:14:54,fulfilled,no,SELL1008,"Lalla, Bassi and Sharaf Retail",Burhanpur,4.1
CUST10704,Max Dixit,Guwahati,Haryana,inactive,ORD100095,13177.58,Cookbook,Books,2024-08-20 12:51:34,processing,yes,SELL1002,Balay-Balan Retail,Bellary,3.9
CUST10648,Gopal Dasgupta,Dharmavaram,Gujarat,inactive,ORD101020,12515.91,Cookbook,Books,2024-10-11 01:20:43,fulfilled,no,SELL1011,Kaul Inc Retail,Alwar,4.3
CUST10488,Laksh Sahota,Sasaram,Telangana,active,ORD100563,37245.01,Sneakers,Footwear,2025-09-12 07:29:13,lost_parcel,yes,SELL1005,Ahuja-Dutta Retail,Mau,4.5
CUST10563,Jason Kulkarni,Bihar Sharif,Gujarat,active,ORD100742,38189.21,Fiction Novel,Books,2025-02-24 11:36:08,fulfilled,no,SELL1011,Kaul Inc Retail,Alwar,4.3
CUST10513,Udyati Deep,Bhind,Bihar,inactive,ORD100863,42710.93,Football,Sports,2025-05-09 09:28:01,fulfilled,yes,SELL1005,Ahuja-Dutta Retail,Mau,4.5
CUST10630,Garima Sama,Durg,Jharkhand,new,ORD100891,15317.08,Screen Guard,Mobile Accessories,2024-09-27 15:20:27,fulfilled,no,SELL1005,Ahuja-Dutta Retail,Mau,4.5
CUST10443,Wishi Bala,Eluru,Punjab,active,ORD101038,3108.2,T-Shirt,Fashion,2025-10-30 02:02:58,fulfilled,no,SELL1015,Madan-Kanda Retail,Pimpri-Chinchwad,4.3
CUST10617,Tanish Om,Nellore,Haryana,inactive,ORD100206,36111.12,Board Game,Toys & Games,2024-09-04 09:09:59,fulfilled,no,SELL1013,Loke Ltd Retail,Narasaraopet,3.8
CUST10464,Dhriti Rama,Dharmavaram,Bihar,new,ORD100392,38335.69,Puzzle,Toys & Games,2025-02-14 18:32:52,fulfilled,yes,SELL1010,Boase Inc Retail,Ramagundam,3.8
CUST10735,Quincy Issac,Kishanganj,Tamil Nadu,dormant,ORD100794,27590.66,Tablet,Electronics,2024-06-06 05:20:11,fulfilled,yes,SELL1005,Ahuja-Dutta Retail,Mau,4.5
CUST10418,Yagnesh Dutt,Yamunanagar,Assam,new,ORD100870,31010.67,Gold Necklace,Jewelry,2025-02-09 04:08:05,processing,no,SELL1017,Kakar PLC Retail,Rajpur Sonarpur,4.4
CUST10464,Ojas Suri,Kolhapur,Goa,inactive,ORD100397,36957.83,Mixer Grinder,Home & Kitchen,2025-01-19 20:57:32,fulfilled,yes,SELL1012,Patla-Gaba Retail,Raichur,3.5
CUST10011,Kamya Sachar,North Dumdum,Punjab,active,ORD100766,23541.39,Water Bottle,Home & Kitchen,2024-11-23 12:09:22,returned,yes,SELL1017,Kakar PLC Retail,Rajpur Sonarpur,4.4
CUST10036,Elijah Chandran,Faridabad,Karnataka,inactive,ORD101099,19996.85,Cookware Set,Home & Kitchen,2026-05-13 17:03:53,fulfilled,yes,SELL1022,"Dutta, Sami and Bhatt Retail",Eluru,4.0
CUST10761,Banjeet Butala,Kumbakonam,Bihar,active,ORD101028,42150.22,Gold Necklace,Jewelry,2025-03-15 09:36:08,returned,no,SELL1007,Rai Inc Retail,Hapur,3.6
CUST10762,Balhaar Lad,Jalgaon,Kerala,dormant,ORD100642,21221.71,Headphones,Electronics,2025-03-21 09:27:43,returned,yes,SELL1017,Kakar PLC Retail,Rajpur Sonarpur,4.4
CUST10494,Eesha Vora,Udaipur,Mizoram,inactive,ORD100612,23698.18,Screen Guard,Mobile Accessories,2024-07-12 11:39:50,returned,no,SELL1011,Kaul Inc Retail,Alwar,4.3
CUST10493,Sneha Tandon,Gwalior,Nagaland,inactive,ORD100960,31412.35,Face Cream,Beauty,2025-12-26 11:10:00,fulfilled,no,SELL1006,Dugal-Kale Retail,Kota,4.8
CUST10016,Riya Morar,Haridwar,Himachal Pradesh,active,ORD100725,12486.92,Water Bottle,Home & Kitchen,2024-09-18 11:32:52,fulfilled,no,SELL1003,Tiwari PLC Retail,Kishanganj,3.8
CUST10504,Ekapad Chana,Karaikudi,Odisha,dormant,ORD100683,32126.97,Yoga Mat,Sports,2025-02-14 21:43:41,fulfilled,yes,SELL1012,Patla-Gaba Retail,Raichur,3.5
CUST10083,Finn Dugar,Malegaon,Nagaland,active,ORD100098,42437.57,Earphones,Mobile Accessories,2024-07-17 20:04:23,lost_parcel,no,SELL1014,"Garg, Walla and Konda Retail",Surendranagar Dudhrej,4.5
CUST10131,Nisha Mitter,Panipat,Chhattisgarh,active,ORD100804,28550.98,Self Help Book,Books,2026-01-15 16:23:10,fulfilled,yes,SELL1010,Boase Inc Retail,Ramagundam,3.8
CUST10277,Priya Gandhi,Tiruppur,Uttarakhand,inactive,ORD100406,15677.67,Sandals,Footwear,2024-10-28 06:27:15,fulfilled,yes,SELL1012,Patla-Gaba Retail,Raichur,3.5
CUST10604,Mitesh Bhagat,Delhi,Maharashtra,inactive,ORD100502,34814.66,Silver Earrings,Jewelry,2024-07-27 14:16:24,processing,yes,SELL1021,"Tak, Chand and Batta Retail",Jamnagar,4.5
CUST10234,Mekhala Dey,Gorakhpur,Odisha,active,ORD101071,13464.24,Charger,Mobile Accessories,2025-12-12 00:28:10,fulfilled,no,SELL1008,"Lalla, Bassi and Sharaf Retail",Burhanpur,4.1
CUST10291,Bhavna Lanka,Bihar Sharif,Odisha,inactive,ORD101056,2261.59,Laptop,Electronics,2025-03-28 19:05:43,fulfilled,no,SELL1006,Dugal-Kale Retail,Kota,4.8
CUST10098,Urishilla Bath,Bikaner,Andhra Pradesh,active,ORD100929,31967.57,Sandals,Footwear,2024-10-01 07:43:00,fulfilled,yes,SELL1002,Balay-Balan Retail,Bellary,3.9
CUST10349,Manbir Deo,Gwalior,Meghalaya,active,ORD100779,18206.88,Kurta,Fashion,2025-08-07 09:11:13,returned,no,SELL1017,Kakar PLC Retail,Rajpur Sonarpur,4.4
CUST10361,Januja Pradhan,Munger,Maharashtra,new,ORD100200,34785.88,Yoga Mat,Sports,2026-01-12 01:49:57,returned,yes,SELL1001,Chaudry Ltd Retail,Gudivada,3.5
CUST10665,Ethan Sathe,Dharmavaram,Jharkhand,dormant,ORD100134,29249.71,Bracelet,Jewelry,2025-09-28 19:26:35,fulfilled,yes,SELL1009,Memon Ltd Retail,Gangtok,3.5
CUST10340,Eshana Barad,Bhusawal,Odisha,new,ORD101051,31356.43,Bracelet,Jewelry,2025-06-24 08:34:51,fulfilled,no,SELL1022,"Dutta, Sami and Bhatt Retail",Eluru,4.0
CUST10106,Mohini Narasimhan,Coimbatore,Tripura,new,ORD100040,40481.83,Lipstick,Beauty,2024-12-23 08:01:46,returned,no,SELL1021,"Tak, Chand and Batta Retail",Jamnagar,4.5
CUST10652,Kalpit Brar,Gorakhpur,Assam,inactive,ORD101017,13915.5,Doll,Toys & Games,2024-06-04 03:20:21,returned,yes,SELL1002,Balay-Balan Retail,Bellary,3.9
CUST10461,Balhaar Memon,Varanasi,Uttar Pradesh,inactive,ORD100230,14563.8,Gold Necklace,Jewelry,2024-10-22 11:08:58,fulfilled,yes,SELL1008,"Lalla, Bassi and Sharaf Retail",Burhanpur,4.1
CUST10467,Nandini Warrior,Tinsukia,Arunachal Pradesh,new,ORD100378,23715.81,Fiction Novel,Books,2026-01-24 16:52:07,fulfilled,yes,SELL1015,Madan-Kanda Retail,Pimpri-Chinchwad,4.3
CUST10246,Bina Basak,Vijayawada,Kerala,new,ORD100288,41175.44,Formal Shoes,Footwear,2026-05-08 05:33:01,returned,no,SELL1012,Patla-Gaba Retail,Raichur,3.5
CUST10580,Chasmum Dutt,Tiruchirappalli,Rajasthan,active,ORD100418,41470.33,Formal Shoes,Footwear,2025-02-24 11:45:54,processing,yes,SELL1020,Rastogi-Pathak Retail,Durgapur,4.7
CUST10679,Ronith Shankar,Firozabad,Sikkim,inactive,ORD100391,3644.0,Sneakers,Footwear,2026-03-21 13:28:23,fulfilled,no,SELL1013,Loke Ltd Retail,Narasaraopet,3.8
CUST10124,Tanveer Shankar,Sonipat,Bihar,dormant,ORD100592,22760.14,Remote Car,Toys & Games,2025-12-29 15:02:57,fulfilled,yes,SELL1014,"Garg, Walla and Konda Retail",Surendranagar Dudhrej,4.5
CUST10727,Indrajit Dugar,Hazaribagh,Tamil Nadu,dormant,ORD101086,6107.1,Hair Oil,Beauty,2026-01-06 18:00:02,fulfilled,no,SELL1013,Loke Ltd Retail,Narasaraopet,3.8
CUST10423,Dev Lalla,Muzaffarpur,Arunachal Pradesh,dormant,ORD100647,42028.28,Football,Sports,2025-10-21 20:06:05,returned,no,SELL1011,Kaul Inc Retail,Alwar,4.3
CUST10557,Balvan Randhawa,Patiala,Arunachal Pradesh,dormant,ORD100520,23570.62,Power Bank,Mobile Accessories,2025-12-20 18:32:48,fulfilled,yes,SELL1013,Loke Ltd Retail,Narasaraopet,3.8
CUST10007,Thomas Sura,Darbhanga,Maharashtra,new,ORD100064,38595.78,Running Shoes,Footwear,2025-06-01 17:47:07,fulfilled,no,SELL1015,Madan-Kanda Retail,Pimpri-Chinchwad,4.3
CUST10372,Yuvraj Handa,Jorhat,Manipur,new,ORD100014,27072.42,Gold Necklace,Jewelry,2024-09-06 09:56:59,fulfilled,yes,SELL1003,Tiwari PLC Retail,Kishanganj,3.8
CUST10532,Radhika Roy,Rajkot,Rajasthan,dormant,ORD101064,7783.45,Puzzle,Toys & Games,2024-10-25 15:21:33,fulfilled,no,SELL1015,Madan-Kanda Retail,Pimpri-Chinchwad,4.3
CUST10077,Gaurang Nayak,Hyderabad,Himachal Pradesh,dormant,ORD100492,22898.38,Silver Earrings,Jewelry,2024-10-30 09:33:39,fulfilled,no,SELL1005,Ahuja-Dutta Retail,Mau,4.5
CUST10691,Frederick Chopra,Raichur,Goa,active,ORD100379,16735.01,Fiction Novel,Books,2025-10-05 01:42:49,fulfilled,yes,SELL1018,"Tata, Randhawa and Shanker Retail",Bilaspur,4.7
CUST10585,Onveer Sharma,Hubli–Dharwad,Maharashtra,dormant,ORD100187,40707.56,Hair Oil,Beauty,2026-03-07 11:05:31,fulfilled,no,SELL1021,"Tak, Chand and Batta Retail",Jamnagar,4.5
CUST10460,Praneel Sagar,Gangtok,Kerala,dormant,ORD100763,24010.29,Board Game,Toys & Games,2025-10-26 10:12:54,fulfilled,yes,SELL1009,Memon Ltd Retail,Gangtok,3.5
CUST10298,Shravya Palla,Vijayanagaram,Arunachal Pradesh,new,ORD100216,30152.11,Saree,Fashion,2025-03-24 11:12:00,lost_parcel,yes,SELL1017,Kakar PLC Retail,Rajpur Sonarpur,4.4
CUST10162,Chatresh Shroff,Jabalpur,Madhya Pradesh,active,ORD100791,6260.81,Running Shoes,Footwear,2025-10-15 11:00:15,lost_parcel,yes,SELL1024,"Yadav, Loke and Oak Retail",Durg,4.9
CUST10321,Vaishnavi Koshy,Ulhasnagar,Kerala,inactive,ORD101076,32595.94,Silver Earrings,Jewelry,2025-05-24 15:32:18,fulfilled,no,SELL1002,Balay-Balan Retail,Bellary,3.9
CUST10696,Joshua Menon,Uluberia,Nagaland,new,ORD100878,30611.08,Bed Sheet,Home & Kitchen,2024-06-30 19:07:38,fulfilled,yes,SELL1019,Koshy Ltd Retail,Bhimavaram,3.5
CUST10138,Unnati Chaudhari,Imphal,Gujarat,new,ORD100337,41365.03,Sneakers,Footwear,2025-03-04 11:12:11,fulfilled,no,SELL1021,"Tak, Chand and Batta Retail",Jamnagar,4.5
CUST10158,Fiyaz Chawla,Tadipatri,Chhattisgarh,inactive,ORD100719,20136.15,Smart Watch,Electronics,2024-07-25 00:26:18,fulfilled,no,SELL1016,Balay LLC Retail,Agartala,3.8
CUST10237,Parth Sahni,Vadodara,Uttarakhand,active,ORD100295,34465.71,Remote Car,Toys & Games,2025-03-24 21:16:39,returned,yes,SELL1020,Rastogi-Pathak Retail,Durgapur,4.7
CUST10568,Tristan Dave,Ambattur,Jharkhand,active,ORD101016,18514.38,Face Cream,Beauty,2024-08-25 21:20:50,fulfilled,yes,SELL1008,"Lalla, Bassi and Sharaf Retail",Burhanpur,4.1
CUST10701,Hemang Jha,Gurgaon,Meghalaya,active,ORD100455,25396.69,Sandals,Footwear,2024-07-06 01:17:15,fulfilled,no,SELL1009,Memon Ltd Retail,Gangtok,3.5
CUST10083,Daksha Mangal,Rourkela,Maharashtra,new,ORD100815,31502.76,Formal Shoes,Footwear,2025-01-04 05:08:38,returned,yes,SELL1021,"Tak, Chand and Batta Retail",Jamnagar,4.5
CUST10465,Bhavika Yadav,Moradabad,Maharashtra,inactive,ORD100269,4364.18,Earphones,Mobile Accessories,2024-09-01 13:29:26,fulfilled,no,SELL1001,Chaudry Ltd Retail,Gudivada,3.5
CUST10434,Tanveer Sawhney,Mango,Jharkhand,dormant,ORD100995,39278.93,Running Shoes,Footwear,2024-09-24 18:02:08,fulfilled,no,SELL1020,Rastogi-Pathak Retail,Durgapur,4.7
CUST10647,Charles Natt,Ozhukarai,Bihar,inactive,ORD100201,37417.98,Bracelet,Jewelry,2025-07-27 21:57:02,returned,yes,SELL1015,Madan-Kanda Retail,Pimpri-Chinchwad,4.3
CUST10684,Tara Balasubramanian,Nangloi Jat,West Bengal,new,ORD100161,12960.4,Running Shoes,Footwear,2025-03-28 11:27:02,fulfilled,no,SELL1016,Balay LLC Retail,Agartala,3.8
CUST10731,Megha Krish,Pali,Uttarakhand,active,ORD100729,27848.91,Exam Guide,Books,2025-03-10 09:52:04,processing,no,SELL1006,Dugal-Kale Retail,Kota,4.8
CUST10405,Brinda Bali,Kamarhati,Nagaland,dormant,ORD100401,2562.56,Running Shoes,Footwear,2024-12-30 17:58:01,fulfilled,no,SELL1023,"Sidhu, Wadhwa and Krishnamurthy Retail",Raipur,3.7
CUST10292,Amruta Sinha,Ambarnath,Goa,inactive,ORD100702,5166.39,Cookware Set,Home & Kitchen,2025-06-11 22:30:34,processing,no,SELL1021,"Tak, Chand and Batta Retail",Jamnagar,4.5
CUST10724,Ucchal Kulkarni,Rohtak,Odisha,active,ORD101129,850.49,Jacket,Fashion,2024-07-23 01:03:27,fulfilled,yes,SELL1012,Patla-Gaba Retail,Raichur,3.5
CUST10494,Adya Virk,Secunderabad,Tamil Nadu,dormant,ORD100565,39404.52,Earphones,Mobile Accessories,2025-04-03 19:10:20,fulfilled,yes,SELL1007,Rai Inc Retail,Hapur,3.6
CUST10092,Ayush Chana,Alwar,Odisha,dormant,ORD101021,2332.21,Charger,Mobile Accessories,2025-02-14 16:54:20,fulfilled,yes,SELL1009,Memon Ltd Retail,Gangtok,3.5
CUST10714,Ria Chhabra,Raichur,Madhya Pradesh,dormant,ORD101025,40594.49,Bed Sheet,Home & Kitchen,2025-04-14 22:24:27,returned,yes,SELL1017,Kakar PLC Retail,Rajpur Sonarpur,4.4
CUST10405,Chaitanya Datta,Parbhani,Telangana,dormant,ORD101104,25423.38,Lipstick,Beauty,2025-02-24 14:41:18,fulfilled,yes,SELL1017,Kakar PLC Retail,Rajpur Sonarpur,4.4
CUST10509,Pallavi Trivedi,Surat,Kerala,dormant,ORD100205,33525.6,Puzzle,Toys & Games,2025-01-15 10:26:36,fulfilled,no,SELL1005,Ahuja-Dutta Retail,Mau,4.5
CUST10568,Manbir Sani,Kalyan-Dombivli,Jharkhand,new,ORD100034,37568.23,Fiction Novel,Books,2025-02-27 18:21:33,processing,yes,SELL1021,"Tak, Chand and Batta Retail",Jamnagar,4.5
CUST10510,Ijaya Saraf,Jamshedpur,West Bengal,inactive,ORD100775,25838.67,Cookbook,Books,2026-01-08 21:52:26,fulfilled,yes,SELL1000,"Choudhury, Bakshi and Maharaj Retail",Rajahmundry,4.5
CUST10119,Gunbir Chada,Hosur,Maharashtra,new,ORD100508,44165.68,Water Bottle,Home & Kitchen,2025-12-29 02:08:27,fulfilled,no,SELL1022,"Dutta, Sami and Bhatt Retail",Eluru,4.0
CUST10674,Naksh Pingle,Madanapalle,West Bengal,inactive,ORD101183,44792.55,Hair Oil,Beauty,2025-04-02 21:59:19,fulfilled,yes,SELL1018,"Tata, Randhawa and Shanker Retail",Bilaspur,4.7
CUST10536,Akshay Walla,Panipat,Arunachal Pradesh,dormant,ORD100091,5593.9,Remote Car,Toys & Games,2024-07-01 21:12:04,fulfilled,no,SELL1024,"Yadav, Loke and Oak Retail",Durg,4.9
CUST10654,Hemal Chad,Hindupur,Uttarakhand,dormant,ORD100897,26084.47,Perfume,Beauty,2024-09-17 06:19:56,processing,yes,SELL1008,"Lalla, Bassi and Sharaf Retail",Burhanpur,4.1
CUST10695,Barkha Comar,Mehsana,Gujarat,dormant,ORD100564,4464.68,Mixer Grinder,Home & Kitchen,2025-09-05 13:22:44,fulfilled,no,SELL1024,"Yadav, Loke and Oak Retail",Durg,4.9
CUST10717,Advay Raja,Farrukhabad,Mizoram,new,ORD100776,42000.28,Puzzle,Toys & Games,2024-06-21 12:27:19,processing,yes,SELL1004,Saini and Sons Retail,Giridih,4.6
CUST10378,Jeevika Pathak,Tezpur,Arunachal Pradesh,new,ORD100241,31980.38,Cookbook,Books,2025-09-02 12:32:51,fulfilled,no,SELL1000,"Choudhury, Bakshi and Maharaj Retail",Rajahmundry,4.5
CUST10383,Guneet Bhat,Sonipat,Uttar Pradesh,inactive,ORD100013,39212.05,Self Help Book,Books,2026-03-20 19:30:10,fulfilled,yes,SELL1004,Saini and Sons Retail,Giridih,4.6
CUST10496,Nilima Gole,Bidar,Kerala,active,ORD100315,7773.34,Cookbook,Books,2026-04-12 20:25:30,fulfilled,yes,SELL1009,Memon Ltd Retail,Gangtok,3.5
CUST10021,Yahvi Naidu,Nagercoil,Nagaland,dormant,ORD100600,16434.36,Screen Guard,Mobile Accessories,2025-05-28 15:30:24,fulfilled,yes,SELL1011,Kaul Inc Retail,Alwar,4.3
CUST10778,Nathaniel Narayanan,Surendranagar Dudhrej,Haryana,dormant,ORD100387,28726.24,Headphones,Electronics,2026-01-30 04:00:29,returned,no,SELL1000,"Choudhury, Bakshi and Maharaj Retail",Rajahmundry,4.5
CUST10472,Odika Nori,Silchar,Maharashtra,new,ORD100166,1231.31,Yoga Mat,Sports,2025-12-08 05:43:31,fulfilled,yes,SELL1019,Koshy Ltd Retail,Bhimavaram,3.5
CUST10457,Charita Toor,Chennai,Bihar,active,ORD100840,843.94,Football,Sports,2025-11-04 05:40:05,fulfilled,no,SELL1009,Memon Ltd Retail,Gangtok,3.5
CUST10485,Dalbir Bhat,Howrah,Arunachal Pradesh,dormant,ORD100020,9875.6,Bed Sheet,Home & Kitchen,2025-08-17 06:37:19,fulfilled,yes,SELL1007,Rai Inc Retail,Hapur,3.6
CUST10412,Veda Parmer,Muzaffarnagar,Tripura,new,ORD100646,39762.12,Cookware Set,Home & Kitchen,2025-06-03 07:04:15,fulfilled,no,SELL1017,Kakar PLC Retail,Rajpur Sonarpur,4.4
CUST10434,Jai Kapur,Rampur,Karnataka,new,ORD101154,14192.02,Formal Shoes,Footwear,2026-01-20 04:05:39,returned,yes,SELL1012,Patla-Gaba Retail,Raichur,3.5
CUST10460,Girik Mistry,Arrah,Madhya Pradesh,inactive,ORD100831,30049.9,Yoga Mat,Sports,2026-02-16 15:36:20,fulfilled,yes,SELL1011,Kaul Inc Retail,Alwar,4.3
CUST10017,Samesh Andra,Bidar,Sikkim,inactive,ORD100562,10571.91,Remote Car,Toys & Games,2024-08-06 23:09:47,fulfilled,no,SELL1003,Tiwari PLC Retail,Kishanganj,3.8
CUST10125,Madhavi Date,Kakinada,Assam,dormant,ORD101170,16718.71,T-Shirt,Fashion,2025-06-21 23:00:45,fulfilled,yes,SELL1002,Balay-Balan Retail,Bellary,3.9
CUST10043,Yahvi Menon,Bhiwandi,Uttar Pradesh,dormant,ORD100686,39975.02,Doll,Toys & Games,2025-06-23 05:07:11,returned,no,SELL1024,"Yadav, Loke and Oak Retail",Durg,4.9
CUST10672,Yug Narang,Adoni,Haryana,dormant,ORD100957,560.37,T-Shirt,Fashion,2026-04-13 05:32:28,fulfilled,no,SELL1005,Ahuja-Dutta Retail,Mau,4.5
CUST10529,Harinakshi Kant,Gulbarga,Assam,active,ORD100189,28960.34,Cricket Bat,Sports,2025-06-21 00:51:38,fulfilled,yes,SELL1022,"Dutta, Sami and Bhatt Retail",Eluru,4.0
CUST10114,Isaac Divan,Saharanpur,West Bengal,active,ORD100975,31876.01,Silver Earrings,Jewelry,2024-10-26 04:22:23,returned,yes,SELL1024,"Yadav, Loke and Oak Retail",Durg,4.9
CUST10615,Meera Ghosh,Jamshedpur,Tamil Nadu,active,ORD100699,20581.56,Gold Necklace,Jewelry,2025-06-27 00:48:23,fulfilled,no,SELL1019,Koshy Ltd Retail,Bhimavaram,3.5
CUST10769,Warinder Soni,Vijayawada,Madhya Pradesh,inactive,ORD100510,2671.06,Laptop,Electronics,2026-04-21 17:44:57,processing,no,SELL1008,"Lalla, Bassi and Sharaf Retail",Burhanpur,4.1
CUST10107,Vyanjana Sinha,Thoothukudi,Tamil Nadu,inactive,ORD101082,28863.09,Fiction Novel,Books,2025-04-13 14:14:07,fulfilled,no,SELL1005,Ahuja-Dutta Retail,Mau,4.5
CUST10050,Darsh Chahal,Yamunanagar,Chhattisgarh,active,ORD100474,17070.48,Fiction Novel,Books,2025-04-11 03:51:57,fulfilled,yes,SELL1019,Koshy Ltd Retail,Bhimavaram,3.5
CUST10018,Aradhana Walia,Gandhidham,Sikkim,dormant,ORD100856,18954.8,T-Shirt,Fashion,2024-08-19 21:55:59,fulfilled,no,SELL1004,Saini and Sons Retail,Giridih,4.6
CUST10185,Jeremiah Sura,Ratlam,Nagaland,dormant,ORD100747,38748.69,Running Shoes,Footwear,2026-01-23 00:37:13,fulfilled,no,SELL1019,Koshy Ltd Retail,Bhimavaram,3.5
CUST10052,Shivani Shukla,Warangal,Uttarakhand,inactive,ORD100252,6435.24,Formal Shoes,Footwear,2026-01-16 13:55:03,fulfilled,yes,SELL1007,Rai Inc Retail,Hapur,3.6
CUST10479,Yadavi Wali,Howrah,Mizoram,active,ORD100021,29756.19,Badminton Racket,Sports,2024-07-21 18:08:54,fulfilled,yes,SELL1013,Loke Ltd Retail,Narasaraopet,3.8
CUST10368,Bishakha Lal,Singrauli,Tamil Nadu,new,ORD100459,15638.91,Perfume,Beauty,2026-02-25 16:29:57,returned,yes,SELL1021,"Tak, Chand and Batta Retail",Jamnagar,4.5
CUST10194,Maya Mistry,Guna,Uttarakhand,active,ORD100276,11363.04,Yoga Mat,Sports,2025-06-20 10:31:19,fulfilled,no,SELL1008,"Lalla, Bassi and Sharaf Retail",Burhanpur,4.1
CUST10639,Victor Chadha,Nagaon,Meghalaya,new,ORD100955,14332.72,Bracelet,Jewelry,2026-03-21 05:19:03,fulfilled,yes,SELL1014,"Garg, Walla and Konda Retail",Surendranagar Dudhrej,4.5
CUST10606,Sneha Nagar,Dewas,Arunachal Pradesh,dormant,ORD100385,33358.79,Perfume,Beauty,2026-02-08 19:43:22,processing,yes,SELL1011,Kaul Inc Retail,Alwar,4.3
CUST10429,Hredhaan Deep,Indore,Tripura,inactive,ORD100805,12842.29,Jacket,Fashion,2025-09-07 20:55:34,returned,yes,SELL1014,"Garg, Walla and Konda Retail",Surendranagar Dudhrej,4.5
CUST10296,Abeer Sachar,Ahmednagar,Assam,inactive,ORD100343,13355.71,Self Help Book,Books,2025-11-20 19:21:31,returned,no,SELL1017,Kakar PLC Retail,Rajpur Sonarpur,4.4
CUST10620,Abeer Mital,Kakinada,West Bengal,inactive,ORD100769,42786.81,T-Shirt,Fashion,2025-01-20 03:00:40,fulfilled,yes,SELL1002,Balay-Balan Retail,Bellary,3.9
CUST10347,Raagini Dhingra,Bettiah,Maharashtra,active,ORD100130,41157.9,Silver Earrings,Jewelry,2025-08-03 02:25:34,fulfilled,yes,SELL1023,"Sidhu, Wadhwa and Krishnamurthy Retail",Raipur,3.7
CUST10377,Raagini Saran,Tinsukia,Tamil Nadu,inactive,ORD100871,8737.88,Jacket,Fashion,2024-11-19 22:59:53,fulfilled,no,SELL1021,"Tak, Chand and Batta Retail",Jamnagar,4.5
CUST10159,Gautam Sami,Srikakulam,Goa,inactive,ORD101123,3514.77,Bed Sheet,Home & Kitchen,2025-04-22 17:05:00,fulfilled,no,SELL1006,Dugal-Kale Retail,Kota,4.8
CUST10015,Indira Setty,Farrukhabad,Himachal Pradesh,inactive,ORD100087,13541.51,Yoga Mat,Sports,2024-11-15 14:18:11,fulfilled,yes,SELL1009,Memon Ltd Retail,Gangtok,3.5
CUST10118,Lipika Kibe,Kurnool,Karnataka,active,ORD100330,14554.57,Fiction Novel,Books,2025-10-04 20:14:00,returned,yes,SELL1022,"Dutta, Sami and Bhatt Retail",Eluru,4.0
CUST10783,Azaan Ravel,Miryalaguda,Telangana,inactive,ORD100466,20506.23,Lipstick,Beauty,2025-07-21 19:45:33,fulfilled,yes,SELL1018,"Tata, Randhawa and Shanker Retail",Bilaspur,4.7
CUST10473,Tamanna Nagy,Mathura,Odisha,new,ORD100121,22545.22,Formal Shoes,Footwear,2025-03-13 23:51:23,fulfilled,yes,SELL1007,Rai Inc Retail,Hapur,3.6
CUST10635,Devika Ramachandran,Bhubaneswar,Odisha,active,ORD101044,20566.94,Silver Earrings,Jewelry,2025-10-26 20:07:57,fulfilled,yes,SELL1019,Koshy Ltd Retail,Bhimavaram,3.5
CUST10140,Samuel Kale,Maheshtala,Maharashtra,new,ORD101095,1987.57,Fiction Novel,Books,2024-10-07 15:06:02,fulfilled,no,SELL1022,"Dutta, Sami and Bhatt Retail",Eluru,4.0
CUST10709,Ishaan Shere,South Dumdum,Uttarakhand,new,ORD101130,39457.35,Bed Sheet,Home & Kitchen,2025-03-21 18:01:05,fulfilled,no,SELL1008,"Lalla, Bassi and Sharaf Retail",Burhanpur,4.1
CUST10034,Sachi Bedi,Bhopal,Meghalaya,active,ORD100860,34152.59,Laptop,Electronics,2026-04-22 03:21:12,fulfilled,no,SELL1003,Tiwari PLC Retail,Kishanganj,3.8
CUST10706,Vanya Mital,Warangal,Sikkim,new,ORD101126,43082.19,Badminton Racket,Sports,2026-04-21 20:06:21,fulfilled,no,SELL1020,Rastogi-Pathak Retail,Durgapur,4.7
