customer_id,customer_name,city,state,customer_status,order_id,order_value,product_name,product_category,order_date,order_status,promotion_applied,payment_details,name_on_payment,seller_id,seller_name,seller_city,seller_rating
CUST10340,Kiaan Sridhar,Malda,Telangana,active,ORD101116,25404.9,Puzzle,Toys & Games,2025-02-03 01:16:41,fulfilled,no,Credit Card,Kiaan Sridhar,SELL1019,Koshy Ltd Retail,Malda,3.5
CUST10188,Bhavna Muni,Vasai-Virar,Odisha,new,ORD101368,4763.55,Formal Shoes,Footwear,2024-07-04 11:36:13,fulfilled,no,Cash,Bhavna Muni,SELL1019,Koshy Ltd Retail,Bhimavaram,3.5
CUST10133,William Rajagopal,Bulandshahr,Arunachal Pradesh,active,ORD100422,30306.58,Face Cream,Beauty,2024-09-05 21:53:02,fulfilled,no,Credit Card,William Rajagopal,SELL1009,Memon Ltd Retail,Gangtok,3.5
CUST10217,Yashica Rajagopalan,Amaravati,Nagaland,new,ORD100413,26000.39,Hair Oil,Beauty,2024-08-20 15:56:13,fulfilled,no,Cash,Yashica Rajagopalan,SELL1013,Loke Ltd Retail,Narasaraopet,3.8
CUST10282,Zashil Hegde,Cuttack,Rajasthan,new,ORD100451,20262.24,Mixer Grinder,Home & Kitchen,2025-05-01 13:50:51,returned,yes,UPI,Zashil Hegde,SELL1006,Dugal-Kale Retail,Kota,4.8
CUST10175,Oviya Vora,Rajkot,Meghalaya,active,ORD100861,21049.61,Building Blocks,Toys & Games,2025-05-12 22:07:42,processing,yes,Cash,Oviya Vora,SELL1019,Koshy Ltd Retail,Rajkot,3.5
CUST10071,Rajata Sunder,Pali,Karnataka,active,ORD101063,9316.35,Laptop,Electronics,2024-07-04 10:53:54,fulfilled,no,Cash,Rajata Sunder,SELL1008,"Lalla, Bassi and Sharaf Retail",Pali,4.1
CUST10171,Tarak Kaul,Siliguri,Uttar Pradesh,dormant,ORD100741,11666.73,Sneakers,Footwear,2024-09-05 09:39:52,fulfilled,no,Cash,Tarak Kaul,SELL1015,Madan-Kanda Retail,Pimpri-Chinchwad,4.3
CUST10205,Pushti Ravel,Ramagundam,Bihar,active,ORD101272,27794.61,Dumbbells,Sports,2025-11-03 10:13:59,fulfilled,yes,UPI,Pushti Ravel,SELL1020,Rastogi-Pathak Retail,Ramagundam,4.7
CUST10139,Edhitha Sura,Tadipatri,Assam,dormant,ORD100259,3674.65,Jacket,Fashion,2024-11-25 19:27:10,fulfilled,no,Cash,Edhitha Sura,SELL1016,Balay LLC Retail,Agartala,3.8
CUST10328,Baljiwan Andra,Tezpur,Punjab,active,ORD100888,10471.99,Perfume,Beauty,2025-04-02 13:47:40,returned,no,Cash,Baljiwan Andra,SELL1007,Rai Inc Retail,Hapur,3.6
CUST10089,Qabil Sura,Raichur,Uttar Pradesh,new,ORD101432,38293.3,Ring,Jewelry,2025-08-31 17:56:58,lost_parcel,no,Credit Card,Qabil Sura,SELL1013,Loke Ltd Retail,Raichur,3.8
CUST10041,Gaurangi Sabharwal,Shimoga,Goa,active,ORD100712,37763.32,Bracelet,Jewelry,2026-01-07 15:49:05,fulfilled,no,Cash,Gaurangi Sabharwal,SELL1024,"Yadav, Loke and Oak Retail",Durg,4.9
CUST10360,Timothy Sachdev,Panipat,Arunachal Pradesh,dormant,ORD101382,42617.8,Doll,Toys & Games,2025-08-06 12:40:17,fulfilled,yes,Cash,Timothy Sachdev,SELL1007,Rai Inc Retail,Panipat,3.6
CUST10138,Hamsini Rao,Ozhukarai,West Bengal,new,ORD100070,42737.27,Earphones,Mobile Accessories,2025-02-03 03:10:59,lost_parcel,yes,Credit Card,Hamsini Rao,SELL1018,"Tata, Randhawa and Shanker Retail",Bilaspur,4.7
CUST10330,Krish Thaman,Darbhanga,Gujarat,dormant,ORD101268,12285.34,Face Wash,Beauty,2024-11-02 09:46:12,fulfilled,no,UPI,Krish Thaman,SELL1015,Madan-Kanda Retail,Pimpri-Chinchwad,4.3
CUST10006,Noah Lanka,Rajpur Sonarpur,Nagaland,new,ORD101491,19991.15,Face Wash,Beauty,2025-12-07 03:43:21,fulfilled,no,Credit Card,Noah Lanka,SELL1016,Balay LLC Retail,Rajpur Sonarpur,3.8
CUST10260,Panini Brar,Madanapalle,Uttarakhand,active,ORD100607,24401.65,Sandals,Footwear,2025-11-16 02:23:00,fulfilled,yes,UPI,Panini Brar,SELL1019,Koshy Ltd Retail,Madanapalle,3.5
CUST10032,Anita Manda,Tiruvottiyur,Gujarat,active,ORD100433,43589.3,Exam Guide,Books,2025-01-21 04:02:52,fulfilled,no,Credit Card,Anita Manda,SELL1018,"Tata, Randhawa and Shanker Retail",Bilaspur,4.7
CUST10331,Ganga Gaba,Bardhaman,Tamil Nadu,new,ORD100051,19981.13,Earphones,Mobile Accessories,2025-11-14 09:16:42,lost_parcel,yes,UPI,Ganga Gaba,SELL1000,"Choudhury, Bakshi and Maharaj Retail",Rajahmundry,4.5
CUST10340,Kiaan Sridhar,Malda,Telangana,active,ORD101199,38686.44,Bracelet,Jewelry,2025-08-31 00:40:47,lost_parcel,yes,UPI,Kiaan Sridhar,SELL1011,Kaul Inc Retail,Alwar,4.3
CUST10121,Jack Raval,Hosur,Manipur,active,ORD101128,32969.38,Face Cream,Beauty,2024-12-01 15:37:48,fulfilled,yes,Cash,Jack Raval,SELL1008,"Lalla, Bassi and Sharaf Retail",Burhanpur,4.1
CUST10087,Yatan Chadha,Hospet,Haryana,inactive,ORD101190,3558.23,Flip Flops,Footwear,2025-08-08 22:24:47,fulfilled,no,Credit Card,Mitesh Bhagat,SELL1022,"Dutta, Sami and Bhatt Retail",Eluru,4.0
CUST10038,Janya Baral,Bhagalpur,Sikkim,new,ORD101249,39675.9,Cookbook,Books,2025-04-11 23:43:07,fulfilled,yes,Cash,Janya Baral,SELL1014,"Garg, Walla and Konda Retail",Bhagalpur,4.5
CUST10363,Qarin Yogi,New Delhi,West Bengal,new,ORD101419,5941.53,Perfume,Beauty,2025-10-30 05:00:23,fulfilled,no,Cash,Qarin Yogi,SELL1003,Tiwari PLC Retail,New Delhi,3.8
CUST10204,Rajata Bahl,Solapur,West Bengal,active,ORD100432,35678.07,Doll,Toys & Games,2024-10-14 03:37:18,processing,no,Credit Card,Rajata Bahl,SELL1014,"Garg, Walla and Konda Retail",Surendranagar Dudhrej,4.5
CUST10023,Dakshesh Trivedi,Gaya,Assam,dormant,ORD101452,31285.69,Yoga Mat,Sports,2026-03-04 18:59:57,returned,no,Credit Card,Dakshesh Trivedi,SELL1017,Kakar PLC Retail,Rajpur Sonarpur,4.4
CUST10299,Charan Hayer,Begusarai,Jharkhand,inactive,ORD101470,42497.24,Charger,Mobile Accessories,2024-12-10 15:58:57,returned,yes,Credit Card,Raghav Doctor,SELL1010,Boase Inc Retail,Begusarai,3.8
CUST10356,Amol Khosla,Jabalpur,Bihar,dormant,ORD101234,4630.46,Cookbook,Books,2024-07-27 09:33:05,fulfilled,no,Cash,Amol Khosla,SELL1010,Boase Inc Retail,Jabalpur,3.8
CUST10188,Bhavna Muni,Vasai-Virar,Odisha,new,ORD101281,310.04,T-Shirt,Fashion,2025-03-19 06:32:38,fulfilled,no,UPI,Bhavna Muni,SELL1004,Saini and Sons Retail,Giridih,4.6
CUST10097,Rehaan Kalita,Bally,Telangana,active,ORD101085,32585.91,Silver Earrings,Jewelry,2025-11-20 01:23:30,fulfilled,yes,Cash,Rehaan Kalita,SELL1020,Rastogi-Pathak Retail,Durgapur,4.7
CUST10310,Manbir Kibe,Chapra,Tamil Nadu,new,ORD100610,28206.59,Cookbook,Books,2024-08-03 18:12:13,returned,no,Credit Card,Manbir Kibe,SELL1002,Balay-Balan Retail,Chapra,3.9
CUST10270,Jacob Lala,Amroha,Gujarat,dormant,ORD101284,37842.3,Earphones,Mobile Accessories,2025-07-24 14:53:14,fulfilled,no,UPI,Jacob Lala,SELL1015,Madan-Kanda Retail,Pimpri-Chinchwad,4.3
CUST10243,Liam Singh,Tadepalligudem,Andhra Pradesh,active,ORD101041,5800.6,Smartphone,Electronics,2026-02-14 20:30:34,lost_parcel,no,Cash,Liam Singh,SELL1017,Kakar PLC Retail,Tadepalligudem,4.4
CUST10016,Pahal Goswami,Surendranagar Dudhrej,Haryana,active,ORD100220,19837.28,Kurta,Fashion,2025-04-28 18:12:05,fulfilled,no,Cash,Pahal Goswami,SELL1019,Koshy Ltd Retail,Bhimavaram,3.5
CUST10235,Triya Manda,Ambala,Mizoram,new,ORD100339,4290.21,Silver Earrings,Jewelry,2025-12-03 14:47:38,lost_parcel,yes,Cash,Triya Manda,SELL1013,Loke Ltd Retail,Narasaraopet,3.8
CUST10124,Raksha Sundaram,Bhopal,Rajasthan,active,ORD100423,29775.83,Formal Shoes,Footwear,2025-08-11 07:00:45,processing,yes,UPI,Raksha Sundaram,SELL1018,"Tata, Randhawa and Shanker Retail",Bilaspur,4.7
CUST10216,Dakshesh Pillay,Solapur,Rajasthan,new,ORD100428,24592.62,Earphones,Mobile Accessories,2025-09-27 10:27:38,fulfilled,no,UPI,Dakshesh Pillay,SELL1020,Rastogi-Pathak Retail,Durgapur,4.7
CUST10304,Urvi Venkataraman,Jalgaon,Punjab,active,ORD101105,18793.82,Gold Necklace,Jewelry,2025-12-12 22:30:33,lost_parcel,no,UPI,Urvi Venkataraman,SELL1006,Dugal-Kale Retail,Kota,4.8
CUST10037,Kala Divan,Warangal,Arunachal Pradesh,dormant,ORD100076,39030.09,Mixer Grinder,Home & Kitchen,2026-05-05 18:05:26,fulfilled,no,Credit Card,Kala Divan,SELL1011,Kaul Inc Retail,Alwar,4.3
CUST10236,Neel Iyengar,Chandrapur,Arunachal Pradesh,active,ORD101391,44684.85,Dress,Fashion,2026-05-04 21:11:27,fulfilled,yes,UPI,Neel Iyengar,SELL1013,Loke Ltd Retail,Narasaraopet,3.8
CUST10016,Pahal Goswami,Surendranagar Dudhrej,Haryana,active,ORD100439,11843.46,Refrigerator,Home & Kitchen,2025-02-24 16:49:35,fulfilled,no,Cash,Pahal Goswami,SELL1012,Patla-Gaba Retail,Raichur,3.5
CUST10244,Anirudh Kunda,Jalgaon,Nagaland,new,ORD101336,25390.82,Cricket Bat,Sports,2025-12-22 01:38:08,fulfilled,no,Cash,Anirudh Kunda,SELL1006,Dugal-Kale Retail,Kota,4.8
CUST10089,Qabil Sura,Raichur,Uttar Pradesh,new,ORD100864,35926.84,Laptop,Electronics,2025-08-15 22:12:02,processing,no,Cash,Qabil Sura,SELL1009,Memon Ltd Retail,Gangtok,3.5
CUST10016,Pahal Goswami,Surendranagar Dudhrej,Haryana,active,ORD101080,39100.39,Puzzle,Toys & Games,2025-11-20 04:20:35,fulfilled,no,Credit Card,Pahal Goswami,SELL1008,"Lalla, Bassi and Sharaf Retail",Burhanpur,4.1
CUST10081,Atharv Muni,Sikar,Tamil Nadu,new,ORD100354,39252.89,Puzzle,Toys & Games,2024-10-04 07:53:43,fulfilled,yes,UPI,Atharv Muni,SELL1011,Kaul Inc Retail,Sikar,4.3
CUST10231,Krisha Dube,Bokaro,Uttarakhand,active,ORD100365,2442.88,Dress,Fashion,2024-10-12 02:16:54,fulfilled,no,Credit Card,Krisha Dube,SELL1000,"Choudhury, Bakshi and Maharaj Retail",Bokaro,4.5
CUST10266,Warinder Peri,Yamunanagar,Odisha,inactive,ORD100309,16019.54,Flip Flops,Footwear,2025-06-22 11:32:47,returned,no,Credit Card,Warinder Peri,SELL1004,Saini and Sons Retail,Giridih,4.6
CUST10007,Devika Rastogi,Bahraich,Mizoram,new,ORD100736,35598.03,Biography,Books,2025-09-09 09:53:27,processing,no,Credit Card,Devika Rastogi,SELL1005,Ahuja-Dutta Retail,Mau,4.5
CUST10235,Triya Manda,Ambala,Mizoram,new,ORD100998,43419.7,Power Bank,Mobile Accessories,2025-07-18 02:20:47,fulfilled,yes,Credit Card,Triya Manda,SELL1005,Ahuja-Dutta Retail,Ambala,4.5
CUST10094,Urvashi Wali,Khandwa,Telangana,active,ORD100621,1820.7,Sneakers,Footwear,2025-03-15 08:47:32,lost_parcel,yes,Cash,Urvashi Wali,SELL1001,Chaudry Ltd Retail,Gudivada,3.5
CUST10378,Vritti Sharma,Nagercoil,Goa,new,ORD100543,43917.2,Refrigerator,Home & Kitchen,2025-11-12 10:03:55,fulfilled,yes,Cash,Vritti Sharma,SELL1005,Ahuja-Dutta Retail,Nagercoil,4.5
CUST10029,Ikshita Biswas,Uluberia,Jharkhand,new,ORD101140,22794.34,Running Shoes,Footwear,2025-07-19 22:28:33,fulfilled,no,Cash,Ikshita Biswas,SELL1023,"Sidhu, Wadhwa and Krishnamurthy Retail",Uluberia,3.7
CUST10069,Lajita Sood,Nagercoil,Jharkhand,inactive,ORD101296,26723.93,Laptop,Electronics,2025-04-12 17:38:50,lost_parcel,yes,UPI,Lajita Sood,SELL1000,"Choudhury, Bakshi and Maharaj Retail",Nagercoil,4.5
CUST10273,Idika Bhattacharyya,Dewas,West Bengal,active,ORD100554,5357.88,Flip Flops,Footwear,2026-03-10 20:11:41,fulfilled,yes,UPI,Idika Bhattacharyya,SELL1004,Saini and Sons Retail,Giridih,4.6
CUST10127,Wishi Manne,Vijayanagaram,Uttarakhand,inactive,ORD100679,5319.62,Gold Necklace,Jewelry,2026-01-28 08:56:46,fulfilled,yes,Credit Card,Warda Raju,SELL1004,Saini and Sons Retail,Giridih,4.6
CUST10224,Bhanumati Krishnan,Thoothukudi,Assam,new,ORD100049,10739.47,Board Game,Toys & Games,2025-08-03 16:15:19,lost_parcel,no,Cash,Bhanumati Krishnan,SELL1010,Boase Inc Retail,Ramagundam,3.8
CUST10150,Chakrika Bains,Panipat,Andhra Pradesh,new,ORD100490,7597.31,Doll,Toys & Games,2025-12-14 11:40:30,fulfilled,no,UPI,Chakrika Bains,SELL1007,Rai Inc Retail,Panipat,3.6
CUST10067,Tanish Bhatt,Vellore,Karnataka,active,ORD100316,14523.61,Formal Shoes,Footwear,2024-11-09 12:10:53,fulfilled,yes,UPI,Tanish Bhatt,SELL1020,Rastogi-Pathak Retail,Durgapur,4.7
CUST10376,Chakrika Dua,Ozhukarai,Haryana,active,ORD100904,25010.78,Cricket Bat,Sports,2025-01-31 10:22:05,fulfilled,yes,UPI,Chakrika Dua,SELL1024,"Yadav, Loke and Oak Retail",Ozhukarai,4.9
CUST10353,Aarush Bajaj,Madhyamgram,Sikkim,new,ORD100636,39197.81,Power Bank,Mobile Accessories,2026-04-01 01:39:45,fulfilled,yes,Credit Card,Aarush Bajaj,SELL1023,"Sidhu, Wadhwa and Krishnamurthy Retail",Raipur,3.7
CUST10241,Udarsh Bala,Navi Mumbai,Uttarakhand,dormant,ORD100560,11613.31,Ring,Jewelry,2025-10-19 16:23:22,fulfilled,yes,Credit Card,Udarsh Bala,SELL1015,Madan-Kanda Retail,Pimpri-Chinchwad,4.3
CUST10243,Liam Singh,Tadepalligudem,Andhra Pradesh,active,ORD100486,28722.18,Running Shoes,Footwear,2025-07-20 04:36:52,fulfilled,no,Cash,Liam Singh,SELL1016,Balay LLC Retail,Agartala,3.8
CUST10257,Champak Narula,Amravati,Uttar Pradesh,dormant,ORD100067,30353.31,Running Shoes,Footwear,2025-04-23 20:30:48,fulfilled,no,Credit Card,Champak Narula,SELL1020,Rastogi-Pathak Retail,Durgapur,4.7
CUST10205,Pushti Ravel,Ramagundam,Bihar,active,ORD100811,24472.86,Face Cream,Beauty,2025-12-17 06:32:49,fulfilled,yes,Cash,Pushti Ravel,SELL1016,Balay LLC Retail,Agartala,3.8
CUST10069,Lajita Sood,Nagercoil,Jharkhand,inactive,ORD100493,4870.73,Self Help Book,Books,2025-12-26 09:56:47,fulfilled,no,Credit Card,Chameli Bali,SELL1022,"Dutta, Sami and Bhatt Retail",Eluru,4.0
CUST10213,Ekantika Mutti,Gandhidham,Assam,active,ORD100310,8146.56,Smartphone,Electronics,2025-12-22 22:12:03,fulfilled,no,Credit Card,Ekantika Mutti,SELL1001,Chaudry Ltd Retail,Gandhidham,3.5
CUST10126,Umang Comar,Kochi,Rajasthan,active,ORD101096,43174.44,Remote Car,Toys & Games,2025-04-26 03:40:05,fulfilled,no,Credit Card,Umang Comar,SELL1017,Kakar PLC Retail,Rajpur Sonarpur,4.4
CUST10238,Anjali Sengupta,Junagadh,Assam,new,ORD101247,28506.51,Hair Oil,Beauty,2026-02-16 12:01:49,lost_parcel,yes,Credit Card,Anjali Sengupta,SELL1015,Madan-Kanda Retail,Pimpri-Chinchwad,4.3
CUST10285,Alka Kade,Tadipatri,Rajasthan,inactive,ORD100184,36148.98,Lipstick,Beauty,2024-09-30 13:06:22,fulfilled,no,Credit Card,Alka Kade,SELL1021,"Tak, Chand and Batta Retail",Jamnagar,4.5
CUST10017,Saanvi Chaudhari,Panvel,Uttarakhand,active,ORD100306,44621.44,Screen Guard,Mobile Accessories,2024-08-06 10:00:39,processing,yes,Credit Card,Saanvi Chaudhari,SELL1024,"Yadav, Loke and Oak Retail",Durg,4.9
CUST10259,Watika Tank,Kadapa,Himachal Pradesh,active,ORD100852,39774.54,Smart Watch,Electronics,2025-11-25 14:00:54,fulfilled,no,Cash,Watika Tank,SELL1020,Rastogi-Pathak Retail,Durgapur,4.7
CUST10337,Advika Parsa,Ghaziabad,Sikkim,new,ORD100792,5526.37,Sandals,Footwear,2025-01-25 07:52:28,fulfilled,yes,Credit Card,Advika Parsa,SELL1014,"Garg, Walla and Konda Retail",Surendranagar Dudhrej,4.5
CUST10006,Noah Lanka,Rajpur Sonarpur,Nagaland,new,ORD100289,24506.61,Headphones,Electronics,2025-09-29 12:23:44,returned,no,UPI,Noah Lanka,SELL1000,"Choudhury, Bakshi and Maharaj Retail",Rajahmundry,4.5
CUST10067,Tanish Bhatt,Vellore,Karnataka,active,ORD100706,16159.91,Doll,Toys & Games,2025-03-26 22:38:36,fulfilled,no,UPI,Tanish Bhatt,SELL1006,Dugal-Kale Retail,Kota,4.8
CUST10161,Timothy Bhatnagar,Barasat,Rajasthan,inactive,ORD101329,1299.56,Fiction Novel,Books,2025-09-14 00:45:50,processing,yes,Credit Card,Timothy Bhatnagar,SELL1013,Loke Ltd Retail,Narasaraopet,3.8
CUST10159,Jatin Sha,Firozabad,Odisha,active,ORD100654,34286.94,Hair Oil,Beauty,2024-11-30 06:55:27,processing,yes,Cash,Jatin Sha,SELL1019,Koshy Ltd Retail,Firozabad,3.5
CUST10277,Varenya Vora,Alappuzha,Uttarakhand,inactive,ORD100522,32643.77,Silver Earrings,Jewelry,2024-12-26 03:39:21,returned,yes,Cash,Varenya Vora,SELL1015,Madan-Kanda Retail,Pimpri-Chinchwad,4.3
CUST10040,Warjas Gaba,Haridwar,Andhra Pradesh,new,ORD100461,3318.74,Lipstick,Beauty,2024-06-16 05:19:55,fulfilled,yes,UPI,Warjas Gaba,SELL1010,Boase Inc Retail,Ramagundam,3.8
CUST10231,Krisha Dube,Bokaro,Uttarakhand,active,ORD100930,7129.26,Water Bottle,Home & Kitchen,2024-08-31 08:33:36,fulfilled,no,UPI,Krisha Dube,SELL1012,Patla-Gaba Retail,Raichur,3.5
CUST10055,Yasti Solanki,Guwahati,Jharkhand,new,ORD101034,10657.26,Puzzle,Toys & Games,2024-09-22 19:28:24,fulfilled,no,Credit Card,Yasti Solanki,SELL1004,Saini and Sons Retail,Giridih,4.6
CUST10364,Charita Dhawan,Howrah,Nagaland,inactive,ORD100029,11585.04,Gold Necklace,Jewelry,2025-07-11 22:44:00,fulfilled,yes,Credit Card,Charita Dhawan,SELL1002,Balay-Balan Retail,Bellary,3.9
CUST10188,Bhavna Muni,Vasai-Virar,Odisha,new,ORD100240,19885.46,Bracelet,Jewelry,2025-07-19 15:06:53,fulfilled,no,Cash,Bhavna Muni,SELL1002,Balay-Balan Retail,Vasai-Virar,3.9
CUST10219,David Seshadri,Tiruvottiyur,Tamil Nadu,new,ORD100798,22040.02,Football,Sports,2025-06-26 10:34:40,fulfilled,yes,Cash,David Seshadri,SELL1024,"Yadav, Loke and Oak Retail",Tiruvottiyur,4.9
CUST10029,Ikshita Biswas,Uluberia,Jharkhand,new,ORD100817,19291.86,Bed Sheet,Home & Kitchen,2025-06-09 00:45:39,fulfilled,no,UPI,Ikshita Biswas,SELL1006,Dugal-Kale Retail,Kota,4.8
CUST10309,Charan Srinivasan,Loni,Rajasthan,new,ORD100065,21233.88,Jeans,Fashion,2025-06-14 01:53:13,returned,no,Cash,Charan Srinivasan,SELL1024,"Yadav, Loke and Oak Retail",Durg,4.9
CUST10055,Yasti Solanki,Guwahati,Jharkhand,new,ORD100601,44886.28,Cookware Set,Home & Kitchen,2024-09-27 09:27:45,fulfilled,no,Credit Card,Yasti Solanki,SELL1000,"Choudhury, Bakshi and Maharaj Retail",Guwahati,4.5
CUST10343,David Tiwari,Chapra,Nagaland,dormant,ORD100924,30025.43,Lipstick,Beauty,2025-05-15 16:57:42,fulfilled,yes,Cash,Logan Dara,SELL1019,Koshy Ltd Retail,Bhimavaram,3.5
CUST10063,Vaishnavi Sengupta,Shahjahanpur,Uttarakhand,inactive,ORD100754,25655.32,Bluetooth Speaker,Electronics,2025-12-12 02:45:56,fulfilled,yes,UPI,Vaishnavi Sengupta,SELL1016,Balay LLC Retail,Agartala,3.8
CUST10230,Yashica Zacharia,Naihati,Tripura,active,ORD100926,37455.4,Lipstick,Beauty,2024-07-08 17:26:53,fulfilled,yes,Cash,Yashica Zacharia,SELL1016,Balay LLC Retail,Naihati,3.8
CUST10224,Bhanumati Krishnan,Thoothukudi,Assam,new,ORD101101,1429.48,Bed Sheet,Home & Kitchen,2025-01-23 06:26:33,fulfilled,yes,UPI,Bhanumati Krishnan,SELL1020,Rastogi-Pathak Retail,Durgapur,4.7
CUST10113,Reva Dash,Avadi,Tamil Nadu,dormant,ORD100247,8481.27,Refrigerator,Home & Kitchen,2025-05-15 09:06:47,fulfilled,no,Credit Card,Reva Dash,SELL1012,Patla-Gaba Retail,Raichur,3.5
CUST10370,Ranveer Dalal,Latur,Tamil Nadu,inactive,ORD100277,7244.51,Badminton Racket,Sports,2026-03-28 06:59:56,fulfilled,no,Cash,Ranveer Dalal,SELL1018,"Tata, Randhawa and Shanker Retail",Bilaspur,4.7
CUST10133,William Rajagopal,Bulandshahr,Arunachal Pradesh,active,ORD101402,42574.16,Jacket,Fashion,2025-06-05 11:29:47,fulfilled,no,Cash,William Rajagopal,SELL1020,Rastogi-Pathak Retail,Bulandshahr,4.7
CUST10006,Noah Lanka,Rajpur Sonarpur,Nagaland,new,ORD101066,35884.09,Gold Necklace,Jewelry,2024-11-07 18:44:44,fulfilled,yes,Cash,Noah Lanka,SELL1009,Memon Ltd Retail,Rajpur Sonarpur,3.5
CUST10085,Tripti Dua,Belgaum,Telangana,active,ORD100479,14463.77,Exam Guide,Books,2025-07-16 20:16:20,lost_parcel,no,UPI,Tripti Dua,SELL1019,Koshy Ltd Retail,Bhimavaram,3.5
CUST10322,Xavier Bedi,Muzaffarpur,Arunachal Pradesh,new,ORD100426,38684.36,Refrigerator,Home & Kitchen,2024-10-13 02:33:04,fulfilled,yes,Cash,Xavier Bedi,SELL1006,Dugal-Kale Retail,Muzaffarpur,4.8
CUST10018,Girik Khalsa,Vellore,Meghalaya,inactive,ORD100123,37699.78,Gold Necklace,Jewelry,2025-09-10 15:07:43,fulfilled,yes,Credit Card,Girik Khalsa,SELL1020,Rastogi-Pathak Retail,Durgapur,4.7
CUST10167,Janani Chaudhary,Tinsukia,Rajasthan,new,ORD101169,28737.65,Cookware Set,Home & Kitchen,2025-11-20 00:46:11,fulfilled,yes,Credit Card,Janani Chaudhary,SELL1023,"Sidhu, Wadhwa and Krishnamurthy Retail",Raipur,3.7
CUST10199,Darika Bath,Tenali,Punjab,new,ORD100394,31335.44,Cricket Bat,Sports,2025-07-05 17:10:20,fulfilled,no,UPI,Darika Bath,SELL1024,"Yadav, Loke and Oak Retail",Durg,4.9
CUST10378,Vritti Sharma,Nagercoil,Goa,new,ORD100985,31446.79,Hair Oil,Beauty,2025-07-23 13:25:55,fulfilled,no,Cash,Vritti Sharma,SELL1018,"Tata, Randhawa and Shanker Retail",Bilaspur,4.7
CUST10367,George Wason,Faridabad,Himachal Pradesh,dormant,ORD100715,17403.08,Yoga Mat,Sports,2025-11-17 22:32:59,fulfilled,no,Credit Card,George Wason,SELL1009,Memon Ltd Retail,Gangtok,3.5
CUST10070,Oni Yohannan,Morbi,Haryana,dormant,ORD101134,1576.83,Earphones,Mobile Accessories,2024-08-13 17:45:44,fulfilled,yes,Cash,Chanakya Raju,SELL1011,Kaul Inc Retail,Morbi,4.3
CUST10122,Chatura Guha,Panchkula,Rajasthan,inactive,ORD101084,44390.63,Cricket Bat,Sports,2025-03-08 00:05:17,fulfilled,no,Credit Card,Chatura Guha,SELL1004,Saini and Sons Retail,Giridih,4.6
CUST10076,Zayyan Bumb,Surat,Telangana,active,ORD100497,33168.66,Saree,Fashion,2026-03-22 12:25:02,fulfilled,no,UPI,Zayyan Bumb,SELL1021,"Tak, Chand and Batta Retail",Jamnagar,4.5
CUST10216,Dakshesh Pillay,Solapur,Rajasthan,new,ORD100044,24985.19,Jeans,Fashion,2025-03-26 02:32:13,fulfilled,yes,Credit Card,Dakshesh Pillay,SELL1003,Tiwari PLC Retail,Kishanganj,3.8
CUST10176,Janaki Varghese,Bidhannagar,Mizoram,inactive,ORD100059,13804.14,Doll,Toys & Games,2025-03-12 09:50:42,fulfilled,no,Cash,Vamakshi Bhalla,SELL1003,Tiwari PLC Retail,Bidhannagar,3.8
CUST10284,Onveer Nazareth,Bhopal,Assam,new,ORD101161,27799.44,Self Help Book,Books,2025-07-20 17:31:57,fulfilled,no,Credit Card,Onveer Nazareth,SELL1018,"Tata, Randhawa and Shanker Retail",Bilaspur,4.7
CUST10262,Damini Sehgal,Rourkela,Tamil Nadu,new,ORD100023,29171.51,Ring,Jewelry,2025-06-01 03:25:46,fulfilled,yes,Credit Card,Damini Sehgal,SELL1000,"Choudhury, Bakshi and Maharaj Retail",Rourkela,4.5
CUST10142,Daksh Memon,Dindigul,Maharashtra,dormant,ORD100874,35497.2,Kurta,Fashion,2024-07-09 04:53:17,fulfilled,yes,Credit Card,Kalpit Khalsa,SELL1006,Dugal-Kale Retail,Dindigul,4.8
CUST10252,Gaurangi Deol,Nagercoil,Nagaland,new,ORD100481,42337.49,Jeans,Fashion,2025-12-30 15:22:10,fulfilled,no,Credit Card,Gaurangi Deol,SELL1005,Ahuja-Dutta Retail,Mau,4.5
CUST10094,Urvashi Wali,Khandwa,Telangana,active,ORD101324,15383.88,Fiction Novel,Books,2024-06-19 22:15:43,fulfilled,yes,UPI,Urvashi Wali,SELL1017,Kakar PLC Retail,Khandwa,4.4
CUST10348,Tejas Bora,Bhusawal,Kerala,new,ORD100745,41331.24,Fiction Novel,Books,2025-06-11 09:39:32,returned,yes,Credit Card,Tejas Bora,SELL1024,"Yadav, Loke and Oak Retail",Bhusawal,4.9
CUST10124,Raksha Sundaram,Bhopal,Rajasthan,active,ORD100231,12828.7,Puzzle,Toys & Games,2025-01-03 04:50:19,fulfilled,yes,Credit Card,Raksha Sundaram,SELL1003,Tiwari PLC Retail,Kishanganj,3.8
CUST10238,Anjali Sengupta,Junagadh,Assam,new,ORD100124,11052.46,Remote Car,Toys & Games,2025-08-27 10:48:05,processing,yes,Cash,Anjali Sengupta,SELL1021,"Tak, Chand and Batta Retail",Jamnagar,4.5
CUST10338,Udyati Mohanty,Machilipatnam,Sikkim,active,ORD100427,38276.4,Tablet,Electronics,2025-06-03 20:02:30,fulfilled,yes,Cash,Udyati Mohanty,SELL1018,"Tata, Randhawa and Shanker Retail",Bilaspur,4.7
CUST10229,Laksh Dubey,Sagar,West Bengal,dormant,ORD100818,23496.36,Puzzle,Toys & Games,2026-01-11 22:24:23,fulfilled,no,UPI,Laksh Dubey,SELL1018,"Tata, Randhawa and Shanker Retail",Bilaspur,4.7
CUST10083,Benjamin Palan,Uluberia,Assam,inactive,ORD100168,43789.08,Exam Guide,Books,2025-02-20 17:17:30,fulfilled,no,Cash,Benjamin Palan,SELL1022,"Dutta, Sami and Bhatt Retail",Uluberia,4.0
CUST10209,Om Bose,Bettiah,Mizoram,inactive,ORD100115,14132.52,Silver Earrings,Jewelry,2024-08-05 16:50:47,fulfilled,no,Cash,Om Bose,SELL1011,Kaul Inc Retail,Alwar,4.3
CUST10249,Frederick Viswanathan,Jabalpur,Mizoram,active,ORD101088,20682.54,Puzzle,Toys & Games,2025-08-19 23:59:37,fulfilled,no,UPI,Frederick Viswanathan,SELL1011,Kaul Inc Retail,Alwar,4.3
CUST10316,Chanchal Kar,Tumkur,Tamil Nadu,new,ORD100986,14440.62,Doll,Toys & Games,2025-05-28 21:38:06,fulfilled,yes,Credit Card,Chanchal Kar,SELL1000,"Choudhury, Bakshi and Maharaj Retail",Rajahmundry,4.5
CUST10338,Udyati Mohanty,Machilipatnam,Sikkim,active,ORD101395,32255.94,Formal Shoes,Footwear,2024-12-20 15:09:43,fulfilled,yes,Credit Card,Udyati Mohanty,SELL1006,Dugal-Kale Retail,Kota,4.8
CUST10107,Sarthak Kakar,Jodhpur,Goa,active,ORD101424,40572.66,Doll,Toys & Games,2026-01-08 00:26:38,processing,yes,Cash,Sarthak Kakar,SELL1014,"Garg, Walla and Konda Retail",Jodhpur,4.5
CUST10265,Azaan Dhar,Visakhapatnam,Chhattisgarh,new,ORD100415,3543.82,Charger,Mobile Accessories,2025-03-07 18:46:51,fulfilled,no,UPI,Azaan Dhar,SELL1009,Memon Ltd Retail,Gangtok,3.5
CUST10324,Abdul Dugar,Fatehpur,Meghalaya,active,ORD100141,32117.58,Water Bottle,Home & Kitchen,2025-08-19 21:21:18,returned,yes,Credit Card,Abdul Dugar,SELL1016,Balay LLC Retail,Fatehpur,3.8
CUST10054,Ekanta Shroff,Mango,Sikkim,inactive,ORD101233,646.94,Sandals,Footwear,2025-08-03 02:10:12,fulfilled,no,UPI,Matthew Chatterjee,SELL1021,"Tak, Chand and Batta Retail",Jamnagar,4.5
CUST10019,Tanay Rattan,Dehradun,Madhya Pradesh,new,ORD101293,37179.45,Power Bank,Mobile Accessories,2025-08-21 05:03:48,fulfilled,no,Credit Card,Tanay Rattan,SELL1023,"Sidhu, Wadhwa and Krishnamurthy Retail",Dehradun,3.7
CUST10047,Ikbal Saraf,Satara,Maharashtra,active,ORD100762,5521.96,Laptop,Electronics,2025-02-25 13:02:50,returned,no,UPI,Ikbal Saraf,SELL1015,Madan-Kanda Retail,Pimpri-Chinchwad,4.3
CUST10310,Manbir Kibe,Chapra,Tamil Nadu,new,ORD101206,26715.44,Headphones,Electronics,2025-09-29 12:35:15,lost_parcel,yes,UPI,Manbir Kibe,SELL1023,"Sidhu, Wadhwa and Krishnamurthy Retail",Raipur,3.7
CUST10265,Azaan Dhar,Visakhapatnam,Chhattisgarh,new,ORD100462,12070.99,Fiction Novel,Books,2024-12-21 07:28:52,fulfilled,yes,UPI,Azaan Dhar,SELL1012,Patla-Gaba Retail,Raichur,3.5
CUST10267,Mitesh Sengupta,Serampore,Manipur,new,ORD101243,14371.32,Smart Watch,Electronics,2025-07-25 19:44:20,fulfilled,yes,Cash,Mitesh Sengupta,SELL1003,Tiwari PLC Retail,Kishanganj,3.8
CUST10174,Ekiya Babu,Bilaspur,Arunachal Pradesh,active,ORD100078,10202.5,Sneakers,Footwear,2024-11-16 07:00:33,fulfilled,no,Cash,Ekiya Babu,SELL1023,"Sidhu, Wadhwa and Krishnamurthy Retail",Raipur,3.7
CUST10001,Yashica Cherian,Guna,Punjab,active,ORD101004,34694.08,Self Help Book,Books,2025-02-24 18:11:10,fulfilled,yes,UPI,Yashica Cherian,SELL1015,Madan-Kanda Retail,Pimpri-Chinchwad,4.3
CUST10148,Zashil Shan,Davanagere,Madhya Pradesh,active,ORD101490,7142.61,Biography,Books,2025-02-12 08:56:55,fulfilled,no,Cash,Zashil Shan,SELL1002,Balay-Balan Retail,Davanagere,3.9
CUST10115,Rachana Naidu,Indore,Assam,inactive,ORD100571,22948.53,Cricket Bat,Sports,2024-08-31 06:18:16,fulfilled,yes,UPI,Hemal Bava,SELL1003,Tiwari PLC Retail,Kishanganj,3.8
CUST10363,Qarin Yogi,New Delhi,West Bengal,new,ORD100015,5131.12,Headphones,Electronics,2025-03-07 16:48:59,fulfilled,yes,UPI,Qarin Yogi,SELL1018,"Tata, Randhawa and Shanker Retail",Bilaspur,4.7
CUST10080,Jyoti Ganesh,Ujjain,Jharkhand,active,ORD100494,19084.28,Bracelet,Jewelry,2025-05-06 03:28:11,fulfilled,yes,Credit Card,Jyoti Ganesh,SELL1014,"Garg, Walla and Konda Retail",Surendranagar Dudhrej,4.5
CUST10252,Gaurangi Deol,Nagercoil,Nagaland,new,ORD100350,30729.46,Bluetooth Speaker,Electronics,2026-03-12 09:42:50,lost_parcel,no,UPI,Gaurangi Deol,SELL1015,Madan-Kanda Retail,Pimpri-Chinchwad,4.3
CUST10161,Timothy Bhatnagar,Barasat,Rajasthan,inactive,ORD100999,17244.92,Cricket Bat,Sports,2026-01-29 04:51:33,returned,yes,Credit Card,Timothy Bhatnagar,SELL1010,Boase Inc Retail,Ramagundam,3.8
CUST10135,Jonathan Thakkar,Salem,West Bengal,new,ORD100274,30827.19,Gold Necklace,Jewelry,2025-06-19 07:47:43,fulfilled,yes,Credit Card,Jonathan Thakkar,SELL1000,"Choudhury, Bakshi and Maharaj Retail",Rajahmundry,4.5
CUST10232,Raksha Bassi,Bharatpur,Sikkim,inactive,ORD101191,27675.35,Saree,Fashion,2025-02-26 02:11:24,fulfilled,no,UPI,Raksha Bassi,SELL1015,Madan-Kanda Retail,Pimpri-Chinchwad,4.3
CUST10092,Vamakshi Swaminathan,Pune,Assam,new,ORD100271,27164.26,Sandals,Footwear,2025-08-17 01:39:59,returned,no,Credit Card,Vamakshi Swaminathan,SELL1024,"Yadav, Loke and Oak Retail",Durg,4.9
CUST10046,Jack Lal,Amaravati,Himachal Pradesh,new,ORD101473,34429.22,Cookbook,Books,2025-01-25 01:21:40,fulfilled,no,Credit Card,Jack Lal,SELL1012,Patla-Gaba Retail,Raichur,3.5
CUST10095,Indira Setty,Farrukhabad,Himachal Pradesh,new,ORD100237,23126.74,Phone Case,Mobile Accessories,2026-01-22 05:27:55,fulfilled,no,Credit Card,Indira Setty,SELL1018,"Tata, Randhawa and Shanker Retail",Bilaspur,4.7
CUST10014,Guneet Bhat,Sonipat,Uttar Pradesh,new,ORD100585,1595.0,Smartphone,Electronics,2025-11-07 16:08:03,fulfilled,no,UPI,Guneet Bhat,SELL1012,Patla-Gaba Retail,Sonipat,3.5
CUST10186,Gopal Pradhan,Miryalaguda,Arunachal Pradesh,active,ORD101312,30999.04,Perfume,Beauty,2025-07-11 20:46:59,fulfilled,yes,UPI,Gopal Pradhan,SELL1021,"Tak, Chand and Batta Retail",Jamnagar,4.5
CUST10213,Ekantika Mutti,Gandhidham,Assam,active,ORD100694,39298.08,Exam Guide,Books,2025-11-03 06:48:50,fulfilled,no,UPI,Ekantika Mutti,SELL1021,"Tak, Chand and Batta Retail",Jamnagar,4.5
CUST10349,Darpan Biswas,Patna,Jharkhand,new,ORD101001,43173.29,Charger,Mobile Accessories,2025-03-14 22:07:56,fulfilled,yes,UPI,Darpan Biswas,SELL1014,"Garg, Walla and Konda Retail",Surendranagar Dudhrej,4.5
CUST10127,Wishi Manne,Vijayanagaram,Uttarakhand,inactive,ORD100322,44341.83,Gold Necklace,Jewelry,2025-10-31 15:41:01,fulfilled,yes,Credit Card,Wishi Manne,SELL1013,Loke Ltd Retail,Narasaraopet,3.8
CUST10242,Madhav Devan,Baranagar,Uttarakhand,new,ORD100782,12148.09,Cookware Set,Home & Kitchen,2025-11-27 10:09:49,fulfilled,yes,Cash,Madhav Devan,SELL1005,Ahuja-Dutta Retail,Baranagar,4.5
CUST10228,Pranit Kala,Shivpuri,Gujarat,active,ORD101358,11895.39,Phone Case,Mobile Accessories,2026-05-01 07:28:22,processing,yes,Credit Card,Pranit Kala,SELL1012,Patla-Gaba Retail,Raichur,3.5
CUST10099,Chasmum Atwal,Panipat,Arunachal Pradesh,new,ORD101203,26593.92,Fiction Novel,Books,2024-06-10 19:35:58,fulfilled,yes,Cash,Chasmum Atwal,SELL1001,Chaudry Ltd Retail,Panipat,3.5
CUST10135,Jonathan Thakkar,Salem,West Bengal,new,ORD100970,38569.37,Dress,Fashion,2024-12-21 09:52:59,fulfilled,yes,UPI,Jonathan Thakkar,SELL1004,Saini and Sons Retail,Giridih,4.6
CUST10067,Tanish Bhatt,Vellore,Karnataka,active,ORD101466,10060.53,Cricket Bat,Sports,2025-10-01 09:24:10,fulfilled,yes,Cash,Tanish Bhatt,SELL1021,"Tak, Chand and Batta Retail",Jamnagar,4.5
CUST10366,Samar Narayanan,Hospet,West Bengal,new,ORD100526,33951.71,Flip Flops,Footwear,2025-08-09 16:24:59,returned,yes,UPI,Samar Narayanan,SELL1002,Balay-Balan Retail,Hospet,3.9
CUST10022,Dipta Bhandari,Bhimavaram,Meghalaya,active,ORD101425,31962.55,Self Help Book,Books,2025-11-02 16:58:34,fulfilled,no,Credit Card,Dipta Bhandari,SELL1023,"Sidhu, Wadhwa and Krishnamurthy Retail",Raipur,3.7
CUST10188,Bhavna Muni,Vasai-Virar,Odisha,new,ORD101170,13263.91,Saree,Fashion,2024-06-14 21:36:23,fulfilled,yes,UPI,Bhavna Muni,SELL1015,Madan-Kanda Retail,Pimpri-Chinchwad,4.3
CUST10345,Vrinda Chand,Pimpri-Chinchwad,Manipur,new,ORD100175,8124.57,Mixer Grinder,Home & Kitchen,2026-01-17 00:36:58,processing,no,Credit Card,Vrinda Chand,SELL1012,Patla-Gaba Retail,Raichur,3.5
CUST10001,Yashica Cherian,Guna,Punjab,active,ORD100358,12525.97,Refrigerator,Home & Kitchen,2025-07-30 16:11:32,fulfilled,no,Credit Card,Yashica Cherian,SELL1024,"Yadav, Loke and Oak Retail",Guna,4.9
CUST10170,Yagnesh Dass,Coimbatore,Uttarakhand,active,ORD100043,31511.47,T-Shirt,Fashion,2026-01-29 06:32:19,fulfilled,no,Credit Card,Yagnesh Dass,SELL1020,Rastogi-Pathak Retail,Durgapur,4.7
CUST10288,Ojasvi Sule,Kurnool,Karnataka,new,ORD100416,19863.56,Board Game,Toys & Games,2025-11-11 10:26:43,fulfilled,no,Credit Card,Ojasvi Sule,SELL1015,Madan-Kanda Retail,Kurnool,4.3
CUST10104,Max Dixit,Guwahati,Haryana,active,ORD100344,17578.87,Refrigerator,Home & Kitchen,2025-01-10 01:10:46,fulfilled,yes,Credit Card,Max Dixit,SELL1024,"Yadav, Loke and Oak Retail",Durg,4.9
CUST10224,Bhanumati Krishnan,Thoothukudi,Assam,new,ORD101026,26767.03,Tablet,Electronics,2024-07-06 08:04:15,fulfilled,no,Cash,Bhanumati Krishnan,SELL1014,"Garg, Walla and Konda Retail",Surendranagar Dudhrej,4.5
CUST10188,Bhavna Muni,Vasai-Virar,Odisha,new,ORD101401,23039.97,Gold Necklace,Jewelry,2025-03-07 03:08:06,fulfilled,yes,UPI,Bhavna Muni,SELL1000,"Choudhury, Bakshi and Maharaj Retail",Rajahmundry,4.5
CUST10328,Baljiwan Andra,Tezpur,Punjab,active,ORD100101,28336.25,Bed Sheet,Home & Kitchen,2025-07-15 16:39:55,fulfilled,no,Cash,Baljiwan Andra,SELL1002,Balay-Balan Retail,Bellary,3.9
CUST10259,Watika Tank,Kadapa,Himachal Pradesh,active,ORD100107,2639.79,Cricket Bat,Sports,2026-01-25 19:48:13,fulfilled,no,Cash,Watika Tank,SELL1010,Boase Inc Retail,Kadapa,3.8
CUST10012,Xavier Solanki,Jhansi,Bihar,active,ORD101489,934.25,Water Bottle,Home & Kitchen,2024-10-16 08:07:35,fulfilled,yes,UPI,Xavier Solanki,SELL1008,"Lalla, Bassi and Sharaf Retail",Burhanpur,4.1
CUST10135,Jonathan Thakkar,Salem,West Bengal,new,ORD101052,21483.98,Mixer Grinder,Home & Kitchen,2025-08-25 01:12:56,returned,yes,UPI,Jonathan Thakkar,SELL1001,Chaudry Ltd Retail,Gudivada,3.5
CUST10243,Liam Singh,Tadepalligudem,Andhra Pradesh,active,ORD100964,9941.23,Cookbook,Books,2025-04-18 05:26:42,fulfilled,yes,UPI,Liam Singh,SELL1001,Chaudry Ltd Retail,Gudivada,3.5
CUST10199,Darika Bath,Tenali,Punjab,new,ORD100380,21276.68,Silver Earrings,Jewelry,2024-08-08 20:38:49,fulfilled,no,UPI,Darika Bath,SELL1002,Balay-Balan Retail,Bellary,3.9
CUST10226,Dayita Puri,Warangal,Sikkim,new,ORD100244,36037.55,Power Bank,Mobile Accessories,2025-07-23 02:26:34,fulfilled,no,UPI,Dayita Puri,SELL1011,Kaul Inc Retail,Warangal,4.3
CUST10322,Xavier Bedi,Muzaffarpur,Arunachal Pradesh,new,ORD101099,28340.76,Biography,Books,2025-06-04 05:55:04,fulfilled,yes,Credit Card,Xavier Bedi,SELL1005,Ahuja-Dutta Retail,Mau,4.5
CUST10228,Pranit Kala,Shivpuri,Gujarat,active,ORD100500,17992.03,Face Cream,Beauty,2025-04-27 20:42:27,fulfilled,yes,Cash,Pranit Kala,SELL1001,Chaudry Ltd Retail,Gudivada,3.5
CUST10163,Jack Chatterjee,Siwan,Chhattisgarh,dormant,ORD100700,34406.92,T-Shirt,Fashion,2024-06-03 18:57:51,fulfilled,yes,UPI,Akshay Lala,SELL1000,"Choudhury, Bakshi and Maharaj Retail",Rajahmundry,4.5
CUST10373,Unnati Chaudhari,Imphal,Gujarat,active,ORD100128,21689.82,Cookware Set,Home & Kitchen,2024-06-13 20:06:49,fulfilled,yes,UPI,Unnati Chaudhari,SELL1002,Balay-Balan Retail,Bellary,3.9
CUST10040,Warjas Gaba,Haridwar,Andhra Pradesh,new,ORD100239,42348.16,Water Bottle,Home & Kitchen,2025-08-24 19:45:48,fulfilled,no,Credit Card,Warjas Gaba,SELL1009,Memon Ltd Retail,Haridwar,3.5
CUST10152,Theodore Gupta,Durgapur,Rajasthan,dormant,ORD101114,5423.97,Badminton Racket,Sports,2025-01-23 23:50:40,fulfilled,yes,Credit Card,Hemang Taneja,SELL1005,Ahuja-Dutta Retail,Mau,4.5
CUST10344,Nitesh Narang,Bhiwandi,Sikkim,active,ORD100682,16438.96,Bed Sheet,Home & Kitchen,2025-06-13 20:44:41,fulfilled,no,Credit Card,Nitesh Narang,SELL1011,Kaul Inc Retail,Alwar,4.3
CUST10214,Riya Mitter,Gudivada,Arunachal Pradesh,active,ORD100482,1477.54,Building Blocks,Toys & Games,2024-06-23 03:31:39,fulfilled,yes,Credit Card,Riya Mitter,SELL1024,"Yadav, Loke and Oak Retail",Durg,4.9
CUST10283,Girik Thakkar,Guntakal,Odisha,active,ORD101305,19923.13,Running Shoes,Footwear,2024-08-11 21:01:37,returned,no,UPI,Girik Thakkar,SELL1018,"Tata, Randhawa and Shanker Retail",Bilaspur,4.7
CUST10347,Darika Bains,Rohtak,Uttarakhand,active,ORD100275,42705.94,Building Blocks,Toys & Games,2026-05-09 03:03:35,returned,no,Cash,Darika Bains,SELL1009,Memon Ltd Retail,Gangtok,3.5
CUST10245,Indrajit Mani,Barasat,Bihar,active,ORD100582,9679.31,Lipstick,Beauty,2024-05-22 08:27:05,returned,yes,UPI,Indrajit Mani,SELL1009,Memon Ltd Retail,Barasat,3.5
CUST10345,Vrinda Chand,Pimpri-Chinchwad,Manipur,new,ORD100203,31394.19,Perfume,Beauty,2025-02-26 07:42:27,fulfilled,no,UPI,Vrinda Chand,SELL1007,Rai Inc Retail,Hapur,3.6
CUST10236,Neel Iyengar,Chandrapur,Arunachal Pradesh,active,ORD100032,33381.73,Lipstick,Beauty,2025-06-15 21:50:12,fulfilled,yes,Credit Card,Neel Iyengar,SELL1008,"Lalla, Bassi and Sharaf Retail",Burhanpur,4.1
CUST10309,Charan Srinivasan,Loni,Rajasthan,new,ORD101319,845.45,Yoga Mat,Sports,2025-10-12 09:58:41,fulfilled,no,Cash,Charan Srinivasan,SELL1018,"Tata, Randhawa and Shanker Retail",Bilaspur,4.7
CUST10276,Unni Dayal,Amritsar,Jharkhand,new,ORD100813,37918.62,Biography,Books,2024-11-26 05:56:41,processing,no,Cash,Unni Dayal,SELL1011,Kaul Inc Retail,Amritsar,4.3
CUST10155,Parth Iyer,Panvel,Kerala,active,ORD100997,27847.63,Bluetooth Speaker,Electronics,2026-02-03 21:20:53,fulfilled,yes,Cash,Parth Iyer,SELL1013,Loke Ltd Retail,Narasaraopet,3.8
CUST10014,Guneet Bhat,Sonipat,Uttar Pradesh,new,ORD100381,10254.2,Doll,Toys & Games,2026-02-01 19:39:19,returned,no,UPI,Guneet Bhat,SELL1007,Rai Inc Retail,Sonipat,3.6
CUST10154,Karan Chana,Khammam,Telangana,active,ORD101073,38607.8,Bed Sheet,Home & Kitchen,2024-10-06 15:56:35,processing,no,Cash,Karan Chana,SELL1011,Kaul Inc Retail,Alwar,4.3
CUST10376,Chakrika Dua,Ozhukarai,Haryana,active,ORD101348,35914.68,Gold Necklace,Jewelry,2025-05-01 00:01:54,fulfilled,yes,Credit Card,Chakrika Dua,SELL1019,Koshy Ltd Retail,Bhimavaram,3.5
CUST10345,Vrinda Chand,Pimpri-Chinchwad,Manipur,new,ORD100578,20136.15,Smart Watch,Electronics,2026-03-18 23:38:09,processing,no,UPI,Vrinda Chand,SELL1016,Balay LLC Retail,Pimpri-Chinchwad,3.8
CUST10002,Michael Prakash,Panvel,Tripura,active,ORD100887,13685.79,Badminton Racket,Sports,2025-01-20 17:51:22,fulfilled,yes,Cash,Michael Prakash,SELL1012,Patla-Gaba Retail,Raichur,3.5
CUST10173,Imaran Bal,Kanpur,Kerala,active,ORD101325,13605.74,Tablet,Electronics,2024-10-02 13:53:13,fulfilled,no,Credit Card,Imaran Bal,SELL1003,Tiwari PLC Retail,Kishanganj,3.8
CUST10092,Vamakshi Swaminathan,Pune,Assam,new,ORD101326,4055.98,Jeans,Fashion,2024-12-21 17:56:35,fulfilled,no,UPI,Vamakshi Swaminathan,SELL1023,"Sidhu, Wadhwa and Krishnamurthy Retail",Pune,3.7
CUST10251,Amol Parikh,Hapur,Haryana,new,ORD100941,33066.72,Cookware Set,Home & Kitchen,2026-02-09 10:16:19,fulfilled,yes,Credit Card,Amol Parikh,SELL1011,Kaul Inc Retail,Hapur,4.3
CUST10231,Krisha Dube,Bokaro,Uttarakhand,active,ORD100163,12168.48,Flip Flops,Footwear,2024-10-14 09:05:14,fulfilled,no,Cash,Krisha Dube,SELL1007,Rai Inc Retail,Hapur,3.6
CUST10061,Jairaj Shan,Madhyamgram,Sikkim,new,ORD100909,30310.9,Bluetooth Speaker,Electronics,2025-02-22 03:22:37,fulfilled,yes,UPI,Jairaj Shan,SELL1008,"Lalla, Bassi and Sharaf Retail",Madhyamgram,4.1
CUST10150,Chakrika Bains,Panipat,Andhra Pradesh,new,ORD100297,2487.14,Exam Guide,Books,2025-02-21 13:41:43,returned,yes,UPI,Chakrika Bains,SELL1005,Ahuja-Dutta Retail,Panipat,4.5
CUST10271,Vritti Iyengar,Bhavnagar,West Bengal,active,ORD100755,8816.51,Exam Guide,Books,2026-04-10 07:49:12,fulfilled,yes,Credit Card,Vritti Iyengar,SELL1023,"Sidhu, Wadhwa and Krishnamurthy Retail",Raipur,3.7
CUST10300,Libni Thaman,Jamalpur,Himachal Pradesh,new,ORD100405,7423.02,Phone Case,Mobile Accessories,2026-02-12 21:01:54,lost_parcel,no,Credit Card,Libni Thaman,SELL1012,Patla-Gaba Retail,Jamalpur,3.5
CUST10044,Mohini Narasimhan,Coimbatore,Tripura,new,ORD100968,33926.06,Sneakers,Footwear,2026-04-27 07:52:09,fulfilled,yes,Cash,Mohini Narasimhan,SELL1022,"Dutta, Sami and Bhatt Retail",Coimbatore,4.0
CUST10373,Unnati Chaudhari,Imphal,Gujarat,active,ORD100605,25695.85,Cricket Bat,Sports,2025-01-14 02:57:23,fulfilled,no,Cash,Unnati Chaudhari,SELL1018,"Tata, Randhawa and Shanker Retail",Bilaspur,4.7
CUST10081,Atharv Muni,Sikar,Tamil Nadu,new,ORD100420,37613.09,Face Cream,Beauty,2025-04-11 16:23:36,returned,no,Cash,Atharv Muni,SELL1005,Ahuja-Dutta Retail,Mau,4.5
CUST10198,Hemani Sani,Anantapuram,Sikkim,active,ORD100464,9224.29,Hair Oil,Beauty,2025-07-13 09:36:08,returned,no,Credit Card,Hemani Sani,SELL1006,Dugal-Kale Retail,Anantapuram,4.8
CUST10020,Madhavi Lanka,Baranagar,Maharashtra,active,ORD101187,39254.73,Fiction Novel,Books,2024-08-04 07:51:13,processing,no,Cash,Madhavi Lanka,SELL1017,Kakar PLC Retail,Rajpur Sonarpur,4.4
CUST10245,Indrajit Mani,Barasat,Bihar,active,ORD100939,35017.87,Yoga Mat,Sports,2025-10-05 13:55:11,fulfilled,no,Cash,Indrajit Mani,SELL1008,"Lalla, Bassi and Sharaf Retail",Burhanpur,4.1
CUST10373,Unnati Chaudhari,Imphal,Gujarat,active,ORD100192,20995.74,Earphones,Mobile Accessories,2025-06-08 20:20:52,fulfilled,no,Credit Card,Unnati Chaudhari,SELL1017,Kakar PLC Retail,Rajpur Sonarpur,4.4
CUST10051,Nilima Narain,Sagar,Nagaland,dormant,ORD100674,13011.16,Refrigerator,Home & Kitchen,2025-06-27 23:23:40,fulfilled,yes,UPI,Manya Merchant,SELL1005,Ahuja-Dutta Retail,Mau,4.5
CUST10148,Zashil Shan,Davanagere,Madhya Pradesh,active,ORD100351,1877.79,Formal Shoes,Footwear,2025-02-12 07:17:16,fulfilled,no,Credit Card,Zashil Shan,SELL1010,Boase Inc Retail,Ramagundam,3.8
CUST10288,Ojasvi Sule,Kurnool,Karnataka,new,ORD100858,28252.71,Sneakers,Footwear,2025-11-17 04:35:04,fulfilled,yes,Credit Card,Ojasvi Sule,SELL1002,Balay-Balan Retail,Bellary,3.9
CUST10226,Dayita Puri,Warangal,Sikkim,new,ORD100063,33036.21,Kurta,Fashion,2024-10-01 22:40:22,fulfilled,no,Credit Card,Dayita Puri,SELL1010,Boase Inc Retail,Ramagundam,3.8
CUST10100,Brinda Date,Kota,West Bengal,new,ORD101173,44184.37,Dumbbells,Sports,2024-09-26 23:37:19,fulfilled,yes,Cash,Brinda Date,SELL1016,Balay LLC Retail,Kota,3.8
CUST10096,Jai Hans,Jamshedpur,Telangana,dormant,ORD100765,31856.25,Board Game,Toys & Games,2024-12-05 23:33:35,fulfilled,no,UPI,Jai Hans,SELL1015,Madan-Kanda Retail,Jamshedpur,4.3
CUST10132,Gaurangi Purohit,Pondicherry,West Bengal,inactive,ORD101440,43461.78,Cookbook,Books,2026-04-17 08:51:50,fulfilled,yes,Cash,Gaurangi Purohit,SELL1001,Chaudry Ltd Retail,Pondicherry,3.5
CUST10304,Urvi Venkataraman,Jalgaon,Punjab,active,ORD100261,18077.3,Remote Car,Toys & Games,2025-10-15 10:13:08,fulfilled,yes,UPI,Urvi Venkataraman,SELL1015,Madan-Kanda Retail,Jalgaon,4.3
CUST10136,Harish Vora,Kanpur,Telangana,active,ORD100342,21050.03,Board Game,Toys & Games,2025-01-24 12:45:17,fulfilled,no,UPI,Harish Vora,SELL1021,"Tak, Chand and Batta Retail",Kanpur,4.5
CUST10353,Aarush Bajaj,Madhyamgram,Sikkim,new,ORD101220,17233.51,Sneakers,Footwear,2026-04-09 14:37:53,returned,yes,UPI,Aarush Bajaj,SELL1021,"Tak, Chand and Batta Retail",Jamnagar,4.5
CUST10135,Jonathan Thakkar,Salem,West Bengal,new,ORD100471,18205.89,Silver Earrings,Jewelry,2026-01-11 21:10:59,fulfilled,yes,Cash,Jonathan Thakkar,SELL1018,"Tata, Randhawa and Shanker Retail",Salem,4.7
CUST10244,Anirudh Kunda,Jalgaon,Nagaland,new,ORD101334,14994.54,Doll,Toys & Games,2024-06-20 22:48:36,fulfilled,no,UPI,Anirudh Kunda,SELL1017,Kakar PLC Retail,Jalgaon,4.4
CUST10264,Anvi Bhandari,Machilipatnam,Kerala,active,ORD100198,18548.59,Cookbook,Books,2025-04-13 21:46:04,fulfilled,yes,UPI,Anvi Bhandari,SELL1005,Ahuja-Dutta Retail,Mau,4.5
CUST10230,Yashica Zacharia,Naihati,Tripura,active,ORD101231,27862.96,Smartphone,Electronics,2026-03-03 00:07:49,lost_parcel,no,UPI,Yashica Zacharia,SELL1023,"Sidhu, Wadhwa and Krishnamurthy Retail",Raipur,3.7
CUST10374,Dhriti Sachdev,Phusro,West Bengal,new,ORD100917,4850.17,Phone Case,Mobile Accessories,2026-03-16 14:46:27,fulfilled,no,Credit Card,Dhriti Sachdev,SELL1005,Ahuja-Dutta Retail,Phusro,4.5
CUST10248,Aarav Pandit,Aurangabad,Maharashtra,active,ORD100743,40763.66,Bluetooth Speaker,Electronics,2024-05-30 15:26:31,fulfilled,yes,Credit Card,Aarav Pandit,SELL1021,"Tak, Chand and Batta Retail",Jamnagar,4.5
CUST10131,Vrishti Dixit,Siwan,Meghalaya,active,ORD100570,36329.95,Face Cream,Beauty,2025-08-13 17:18:55,fulfilled,yes,UPI,Vrishti Dixit,SELL1020,Rastogi-Pathak Retail,Siwan,4.7
CUST10004,Wriddhish Bhardwaj,Tezpur,Assam,active,ORD100218,9559.17,Bed Sheet,Home & Kitchen,2026-03-22 12:23:34,fulfilled,no,Cash,Wriddhish Bhardwaj,SELL1002,Balay-Balan Retail,Tezpur,3.9
CUST10097,Rehaan Kalita,Bally,Telangana,active,ORD100453,16875.7,Sneakers,Footwear,2024-09-28 17:40:56,fulfilled,no,UPI,Rehaan Kalita,SELL1023,"Sidhu, Wadhwa and Krishnamurthy Retail",Raipur,3.7
CUST10051,Nilima Narain,Sagar,Nagaland,dormant,ORD100030,25458.49,Fiction Novel,Books,2024-12-30 12:06:47,returned,yes,UPI,Nilima Narain,SELL1007,Rai Inc Retail,Sagar,3.6
CUST10049,Aarav Venkatesh,Bharatpur,Maharashtra,new,ORD100056,24042.67,Formal Shoes,Footwear,2026-03-11 09:14:23,lost_parcel,yes,Cash,Aarav Venkatesh,SELL1005,Ahuja-Dutta Retail,Bharatpur,4.5
CUST10252,Gaurangi Deol,Nagercoil,Nagaland,new,ORD101210,35274.24,Sneakers,Footwear,2026-03-08 04:50:49,fulfilled,no,Cash,Gaurangi Deol,SELL1003,Tiwari PLC Retail,Nagercoil,3.8
CUST10224,Bhanumati Krishnan,Thoothukudi,Assam,new,ORD101385,34396.35,Biography,Books,2024-10-18 13:13:20,fulfilled,yes,Cash,Bhanumati Krishnan,SELL1016,Balay LLC Retail,Agartala,3.8
CUST10283,Girik Thakkar,Guntakal,Odisha,active,ORD101065,32737.98,Mixer Grinder,Home & Kitchen,2025-09-01 03:39:31,fulfilled,yes,Cash,Girik Thakkar,SELL1010,Boase Inc Retail,Ramagundam,3.8
CUST10285,Alka Kade,Tadipatri,Rajasthan,inactive,ORD100430,6573.71,Cookware Set,Home & Kitchen,2025-01-01 04:07:18,fulfilled,no,Cash,Alka Kade,SELL1018,"Tata, Randhawa and Shanker Retail",Bilaspur,4.7
CUST10251,Amol Parikh,Hapur,Haryana,new,ORD100724,19183.97,Earphones,Mobile Accessories,2025-09-26 11:57:11,fulfilled,no,UPI,Amol Parikh,SELL1008,"Lalla, Bassi and Sharaf Retail",Hapur,4.1
CUST10319,Madhav Mannan,Tumkur,Tamil Nadu,new,ORD101144,23779.06,Cookware Set,Home & Kitchen,2025-05-29 06:10:43,returned,no,UPI,Madhav Mannan,SELL1024,"Yadav, Loke and Oak Retail",Tumkur,4.9
CUST10211,Aahana Hora,Madanapalle,Chhattisgarh,active,ORD101005,12345.1,Ring,Jewelry,2025-05-29 09:49:02,fulfilled,no,Cash,Aahana Hora,SELL1005,Ahuja-Dutta Retail,Madanapalle,4.5
CUST10147,Ethan Sathe,Dharmavaram,Jharkhand,active,ORD101050,24855.01,Phone Case,Mobile Accessories,2024-10-05 14:36:00,fulfilled,no,Credit Card,Ethan Sathe,SELL1015,Madan-Kanda Retail,Pimpri-Chinchwad,4.3
CUST10123,Charan Jani,Jamalpur,Chhattisgarh,inactive,ORD101345,11471.6,Running Shoes,Footwear,2025-06-07 16:17:51,fulfilled,no,UPI,Vedant Desai,SELL1021,"Tak, Chand and Batta Retail",Jamalpur,4.5
CUST10167,Janani Chaudhary,Tinsukia,Rajasthan,new,ORD101236,12737.33,Sandals,Footwear,2025-02-12 20:35:14,fulfilled,no,Credit Card,Janani Chaudhary,SELL1003,Tiwari PLC Retail,Tinsukia,3.8
CUST10104,Max Dixit,Guwahati,Haryana,active,ORD101235,17467.21,Cookware Set,Home & Kitchen,2025-10-22 18:54:20,lost_parcel,yes,Cash,Max Dixit,SELL1001,Chaudry Ltd Retail,Gudivada,3.5
CUST10122,Chatura Guha,Panchkula,Rajasthan,inactive,ORD101448,10348.9,Laptop,Electronics,2025-09-18 04:42:41,fulfilled,yes,UPI,Harsh Amble,SELL1017,Kakar PLC Retail,Panchkula,4.4
CUST10318,Bhavna Dara,Tenali,Uttarakhand,active,ORD100620,833.69,Saree,Fashion,2024-11-15 15:43:49,fulfilled,no,UPI,Bhavna Dara,SELL1003,Tiwari PLC Retail,Kishanganj,3.8
CUST10361,Prisha Tandon,Hapur,Rajasthan,active,ORD101067,10650.41,Lipstick,Beauty,2024-06-06 07:20:09,fulfilled,no,Cash,Prisha Tandon,SELL1024,"Yadav, Loke and Oak Retail",Durg,4.9
CUST10297,Bhavika Yadav,Moradabad,Maharashtra,new,ORD100838,24327.38,Building Blocks,Toys & Games,2026-04-03 04:01:07,processing,no,UPI,Bhavika Yadav,SELL1014,"Garg, Walla and Konda Retail",Moradabad,4.5
CUST10131,Vrishti Dixit,Siwan,Meghalaya,active,ORD100099,43132.54,Cookware Set,Home & Kitchen,2025-10-29 16:41:52,fulfilled,yes,Credit Card,Vrishti Dixit,SELL1003,Tiwari PLC Retail,Siwan,3.8
CUST10038,Janya Baral,Bhagalpur,Sikkim,new,ORD100532,2736.9,Formal Shoes,Footwear,2026-05-05 10:56:29,returned,no,Cash,Janya Baral,SELL1009,Memon Ltd Retail,Bhagalpur,3.5
CUST10295,Yashasvi Shankar,Thrissur,Odisha,active,ORD100528,6126.9,Bed Sheet,Home & Kitchen,2026-03-19 06:26:40,fulfilled,yes,UPI,Yashasvi Shankar,SELL1017,Kakar PLC Retail,Thrissur,4.4
CUST10216,Dakshesh Pillay,Solapur,Rajasthan,new,ORD101346,38895.55,Bed Sheet,Home & Kitchen,2025-01-10 05:12:46,fulfilled,yes,Credit Card,Dakshesh Pillay,SELL1011,Kaul Inc Retail,Alwar,4.3
CUST10009,Victor Kannan,Madurai,Tamil Nadu,dormant,ORD101172,29373.53,Running Shoes,Footwear,2025-10-11 12:29:39,fulfilled,no,UPI,Victor Kannan,SELL1001,Chaudry Ltd Retail,Gudivada,3.5
CUST10373,Unnati Chaudhari,Imphal,Gujarat,active,ORD101178,36442.24,Face Cream,Beauty,2024-07-02 10:12:10,returned,no,UPI,Unnati Chaudhari,SELL1005,Ahuja-Dutta Retail,Mau,4.5
CUST10188,Bhavna Muni,Vasai-Virar,Odisha,new,ORD100629,18354.3,Saree,Fashion,2026-04-06 02:40:35,returned,no,Cash,Bhavna Muni,SELL1007,Rai Inc Retail,Vasai-Virar,3.6
CUST10324,Abdul Dugar,Fatehpur,Meghalaya,active,ORD101027,13546.75,Biography,Books,2026-02-08 22:15:08,fulfilled,no,Credit Card,Abdul Dugar,SELL1003,Tiwari PLC Retail,Fatehpur,3.8
CUST10047,Ikbal Saraf,Satara,Maharashtra,active,ORD100270,5804.25,Puzzle,Toys & Games,2025-05-29 01:26:01,fulfilled,yes,Credit Card,Ikbal Saraf,SELL1013,Loke Ltd Retail,Satara,3.8
CUST10121,Jack Raval,Hosur,Manipur,active,ORD101341,16533.27,Dress,Fashion,2025-03-07 02:38:57,fulfilled,no,Cash,Jack Raval,SELL1021,"Tak, Chand and Batta Retail",Jamnagar,4.5
CUST10248,Aarav Pandit,Aurangabad,Maharashtra,active,ORD100626,5145.95,Earphones,Mobile Accessories,2024-08-09 23:40:02,lost_parcel,no,Credit Card,Aarav Pandit,SELL1006,Dugal-Kale Retail,Kota,4.8
CUST10047,Ikbal Saraf,Satara,Maharashtra,active,ORD101042,41073.78,Laptop,Electronics,2026-01-26 09:34:55,fulfilled,yes,UPI,Ikbal Saraf,SELL1013,Loke Ltd Retail,Narasaraopet,3.8
CUST10224,Bhanumati Krishnan,Thoothukudi,Assam,new,ORD100976,4744.12,Dress,Fashion,2025-09-10 19:37:39,fulfilled,no,Cash,Bhanumati Krishnan,SELL1017,Kakar PLC Retail,Thoothukudi,4.4
CUST10247,Amol Varma,Asansol,Jharkhand,new,ORD100371,20716.24,Exam Guide,Books,2024-11-04 15:56:27,lost_parcel,no,Credit Card,Amol Varma,SELL1014,"Garg, Walla and Konda Retail",Asansol,4.5
CUST10358,Vivaan Zacharia,Pimpri-Chinchwad,Chhattisgarh,inactive,ORD100588,6723.5,Sandals,Footwear,2026-04-07 00:16:39,fulfilled,no,Cash,Vivaan Zacharia,SELL1011,Kaul Inc Retail,Alwar,4.3
CUST10285,Alka Kade,Tadipatri,Rajasthan,inactive,ORD100967,17779.91,Screen Guard,Mobile Accessories,2024-11-04 14:26:58,fulfilled,yes,Credit Card,Alka Kade,SELL1009,Memon Ltd Retail,Gangtok,3.5
CUST10219,David Seshadri,Tiruvottiyur,Tamil Nadu,new,ORD101165,43537.31,Cookware Set,Home & Kitchen,2025-08-26 05:22:59,fulfilled,no,Credit Card,David Seshadri,SELL1021,"Tak, Chand and Batta Retail",Jamnagar,4.5
CUST10112,Ekbal Bhasin,Aizawl,Punjab,new,ORD101146,15217.46,Phone Case,Mobile Accessories,2026-03-23 22:55:27,fulfilled,yes,Cash,Ekbal Bhasin,SELL1015,Madan-Kanda Retail,Aizawl,4.3
CUST10061,Jairaj Shan,Madhyamgram,Sikkim,new,ORD100236,27686.31,Running Shoes,Footwear,2026-02-15 00:24:44,fulfilled,yes,UPI,Jairaj Shan,SELL1024,"Yadav, Loke and Oak Retail",Madhyamgram,4.9
CUST10285,Alka Kade,Tadipatri,Rajasthan,inactive,ORD100596,29841.06,Bracelet,Jewelry,2024-08-02 07:50:05,fulfilled,no,UPI,Zashil Butala,SELL1012,Patla-Gaba Retail,Raichur,3.5
CUST10211,Aahana Hora,Madanapalle,Chhattisgarh,active,ORD100962,20888.4,Water Bottle,Home & Kitchen,2025-03-15 02:26:42,fulfilled,no,UPI,Aahana Hora,SELL1007,Rai Inc Retail,Hapur,3.6
CUST10004,Wriddhish Bhardwaj,Tezpur,Assam,active,ORD101445,8782.79,Biography,Books,2024-12-03 13:26:52,returned,yes,UPI,Wriddhish Bhardwaj,SELL1022,"Dutta, Sami and Bhatt Retail",Eluru,4.0
CUST10099,Chasmum Atwal,Panipat,Arunachal Pradesh,new,ORD101163,44381.94,Kurta,Fashion,2024-08-02 03:26:54,fulfilled,no,UPI,Chasmum Atwal,SELL1019,Koshy Ltd Retail,Panipat,3.5
CUST10235,Triya Manda,Ambala,Mizoram,new,ORD100590,5993.64,Jacket,Fashion,2025-01-11 07:01:56,fulfilled,yes,UPI,Triya Manda,SELL1022,"Dutta, Sami and Bhatt Retail",Eluru,4.0
CUST10180,Dominic Date,Bhimavaram,Nagaland,dormant,ORD100208,33054.65,Yoga Mat,Sports,2025-06-10 22:16:43,lost_parcel,yes,UPI,Tanvi Chhabra,SELL1004,Saini and Sons Retail,Giridih,4.6
CUST10026,William Lanka,Mira-Bhayandar,Sikkim,new,ORD101074,18769.2,Bracelet,Jewelry,2026-05-05 11:09:59,fulfilled,yes,Cash,William Lanka,SELL1021,"Tak, Chand and Batta Retail",Mira-Bhayandar,4.5
CUST10376,Chakrika Dua,Ozhukarai,Haryana,active,ORD100899,20223.65,Building Blocks,Toys & Games,2024-08-22 23:12:07,lost_parcel,no,Cash,Chakrika Dua,SELL1007,Rai Inc Retail,Hapur,3.6
CUST10281,Ekantika Kar,Kadapa,Jharkhand,new,ORD100353,32715.57,Power Bank,Mobile Accessories,2025-06-26 14:40:29,fulfilled,no,Cash,Ekantika Kar,SELL1021,"Tak, Chand and Batta Retail",Jamnagar,4.5
CUST10341,Ojasvi Sinha,Shahjahanpur,Sikkim,inactive,ORD100058,30588.88,Mixer Grinder,Home & Kitchen,2025-10-11 14:22:06,processing,no,Cash,Girik Ravi,SELL1014,"Garg, Walla and Konda Retail",Surendranagar Dudhrej,4.5
CUST10157,Ishwar Sidhu,Ajmer,Tripura,dormant,ORD100303,24915.33,Smartphone,Electronics,2025-10-04 20:06:16,lost_parcel,yes,UPI,Garima Sani,SELL1008,"Lalla, Bassi and Sharaf Retail",Burhanpur,4.1
CUST10208,Farhan Randhawa,Sonipat,Haryana,active,ORD101447,18034.42,Board Game,Toys & Games,2026-02-21 02:07:07,fulfilled,yes,UPI,Farhan Randhawa,SELL1023,"Sidhu, Wadhwa and Krishnamurthy Retail",Raipur,3.7
CUST10362,Eiravati Saha,Jalgaon,Jharkhand,new,ORD100843,14981.37,Mixer Grinder,Home & Kitchen,2025-01-15 16:15:54,fulfilled,no,Credit Card,Eiravati Saha,SELL1019,Koshy Ltd Retail,Bhimavaram,3.5
CUST10281,Ekantika Kar,Kadapa,Jharkhand,new,ORD101261,24513.44,Mixer Grinder,Home & Kitchen,2025-03-24 11:32:17,fulfilled,no,UPI,Ekantika Kar,SELL1023,"Sidhu, Wadhwa and Krishnamurthy Retail",Raipur,3.7
CUST10332,Akshay Nazareth,Tezpur,Sikkim,new,ORD101430,34014.74,Football,Sports,2025-10-06 15:43:54,fulfilled,no,UPI,Akshay Nazareth,SELL1001,Chaudry Ltd Retail,Gudivada,3.5
CUST10378,Vritti Sharma,Nagercoil,Goa,new,ORD101209,34778.63,Exam Guide,Books,2025-05-24 15:50:53,fulfilled,no,Cash,Vritti Sharma,SELL1018,"Tata, Randhawa and Shanker Retail",Bilaspur,4.7
CUST10241,Udarsh Bala,Navi Mumbai,Uttarakhand,dormant,ORD100367,31622.17,Board Game,Toys & Games,2025-12-15 13:46:00,returned,no,Credit Card,Shivani Sanghvi,SELL1016,Balay LLC Retail,Agartala,3.8
CUST10049,Aarav Venkatesh,Bharatpur,Maharashtra,new,ORD101357,13366.57,Puzzle,Toys & Games,2024-11-02 00:27:21,fulfilled,yes,Credit Card,Aarav Venkatesh,SELL1020,Rastogi-Pathak Retail,Bharatpur,4.7
CUST10023,Dakshesh Trivedi,Gaya,Assam,dormant,ORD101197,5963.33,Water Bottle,Home & Kitchen,2025-10-18 00:48:10,fulfilled,no,Cash,Dakshesh Trivedi,SELL1001,Chaudry Ltd Retail,Gaya,3.5
CUST10058,Tamanna Sachdeva,Yamunanagar,Meghalaya,new,ORD101304,21554.14,Cricket Bat,Sports,2026-05-10 05:45:43,fulfilled,yes,UPI,Tamanna Sachdeva,SELL1005,Ahuja-Dutta Retail,Mau,4.5
CUST10281,Ekantika Kar,Kadapa,Jharkhand,new,ORD101232,19774.79,Silver Earrings,Jewelry,2024-12-16 10:12:35,lost_parcel,yes,Cash,Ekantika Kar,SELL1023,"Sidhu, Wadhwa and Krishnamurthy Retail",Kadapa,3.7
CUST10207,Gaurang Sarkar,Latur,Maharashtra,active,ORD100704,32296.5,Self Help Book,Books,2024-07-07 19:04:21,fulfilled,yes,Cash,Gaurang Sarkar,SELL1024,"Yadav, Loke and Oak Retail",Durg,4.9
CUST10257,Champak Narula,Amravati,Uttar Pradesh,dormant,ORD100233,6520.45,Self Help Book,Books,2025-11-12 14:48:11,fulfilled,no,Cash,Xavier Nanda,SELL1008,"Lalla, Bassi and Sharaf Retail",Burhanpur,4.1
CUST10126,Umang Comar,Kochi,Rajasthan,active,ORD100618,12238.09,Kurta,Fashion,2026-03-21 01:45:24,returned,yes,UPI,Umang Comar,SELL1020,Rastogi-Pathak Retail,Durgapur,4.7
CUST10088,Ladli Nayar,Shimla,West Bengal,active,ORD100196,39468.62,Power Bank,Mobile Accessories,2025-04-24 10:48:15,fulfilled,yes,Credit Card,Ladli Nayar,SELL1013,Loke Ltd Retail,Shimla,3.8
CUST10112,Ekbal Bhasin,Aizawl,Punjab,new,ORD101259,10580.46,Face Cream,Beauty,2025-01-08 22:51:30,fulfilled,yes,UPI,Ekbal Bhasin,SELL1008,"Lalla, Bassi and Sharaf Retail",Burhanpur,4.1
CUST10144,Onkar Gill,Phagwara,West Bengal,dormant,ORD100081,27003.01,Cookbook,Books,2026-03-27 02:43:23,fulfilled,yes,Credit Card,Onkar Gill,SELL1016,Balay LLC Retail,Agartala,3.8
CUST10043,Inaya Mody,Rajahmundry,Andhra Pradesh,active,ORD101404,7261.55,Gold Necklace,Jewelry,2025-05-03 07:49:19,lost_parcel,no,Credit Card,Inaya Mody,SELL1001,Chaudry Ltd Retail,Gudivada,3.5
CUST10111,Pavani Contractor,Jalgaon,Himachal Pradesh,inactive,ORD100597,35807.09,Cookbook,Books,2025-03-06 15:31:17,fulfilled,no,UPI,Pavani Contractor,SELL1022,"Dutta, Sami and Bhatt Retail",Eluru,4.0
CUST10186,Gopal Pradhan,Miryalaguda,Arunachal Pradesh,active,ORD101156,16151.42,Doll,Toys & Games,2024-12-10 15:37:28,lost_parcel,no,Credit Card,Gopal Pradhan,SELL1012,Patla-Gaba Retail,Raichur,3.5
CUST10135,Jonathan Thakkar,Salem,West Bengal,new,ORD100111,8356.93,Hair Oil,Beauty,2025-06-14 19:18:24,processing,yes,Credit Card,Jonathan Thakkar,SELL1024,"Yadav, Loke and Oak Retail",Durg,4.9
CUST10019,Tanay Rattan,Dehradun,Madhya Pradesh,new,ORD101276,28744.19,Hair Oil,Beauty,2025-12-07 14:02:01,fulfilled,no,Credit Card,Tanay Rattan,SELL1020,Rastogi-Pathak Retail,Dehradun,4.7
CUST10094,Urvashi Wali,Khandwa,Telangana,active,ORD100780,3954.18,Charger,Mobile Accessories,2026-02-04 15:00:32,fulfilled,yes,UPI,Urvashi Wali,SELL1003,Tiwari PLC Retail,Kishanganj,3.8
CUST10230,Yashica Zacharia,Naihati,Tripura,active,ORD100983,12698.87,Running Shoes,Footwear,2025-04-06 19:56:33,fulfilled,yes,UPI,Yashica Zacharia,SELL1002,Balay-Balan Retail,Bellary,3.9
CUST10324,Abdul Dugar,Fatehpur,Meghalaya,active,ORD100799,39354.07,Sneakers,Footwear,2024-06-26 12:01:20,returned,yes,UPI,Abdul Dugar,SELL1022,"Dutta, Sami and Bhatt Retail",Fatehpur,4.0
CUST10151,Watika Mangat,Medininagar,Uttar Pradesh,dormant,ORD101265,10674.8,Badminton Racket,Sports,2024-06-17 19:14:14,returned,yes,UPI,Jai Sen,SELL1018,"Tata, Randhawa and Shanker Retail",Medininagar,4.7
CUST10356,Amol Khosla,Jabalpur,Bihar,dormant,ORD101150,12647.52,Face Cream,Beauty,2025-11-06 13:26:59,fulfilled,no,UPI,Amol Khosla,SELL1018,"Tata, Randhawa and Shanker Retail",Bilaspur,4.7
CUST10190,Ishwar Mallick,Haldia,West Bengal,new,ORD100824,14142.98,Bracelet,Jewelry,2026-01-02 12:16:02,returned,yes,Cash,Ishwar Mallick,SELL1012,Patla-Gaba Retail,Raichur,3.5
CUST10028,Ethan Yogi,Guna,Himachal Pradesh,new,ORD100382,22580.49,Cricket Bat,Sports,2026-03-30 02:43:27,fulfilled,no,Credit Card,Ethan Yogi,SELL1015,Madan-Kanda Retail,Pimpri-Chinchwad,4.3
CUST10011,Arya Sunder,Panvel,Chhattisgarh,dormant,ORD100538,41525.4,Exam Guide,Books,2024-09-09 06:07:21,fulfilled,no,Credit Card,Oeshi Prashad,SELL1015,Madan-Kanda Retail,Pimpri-Chinchwad,4.3
CUST10137,Nimrat Dubey,Nandyal,Uttar Pradesh,inactive,ORD101493,6712.99,Dress,Fashion,2024-11-10 13:00:06,returned,yes,Credit Card,Nimrat Dubey,SELL1007,Rai Inc Retail,Nandyal,3.6
CUST10162,Jackson Dey,Agra,Jharkhand,inactive,ORD101112,33694.19,Dumbbells,Sports,2025-11-18 02:14:14,fulfilled,yes,UPI,Bachittar Gopal,SELL1003,Tiwari PLC Retail,Kishanganj,3.8
CUST10108,Oscar Borde,Delhi,Maharashtra,inactive,ORD100324,4586.54,Building Blocks,Toys & Games,2025-11-09 02:32:08,fulfilled,yes,Credit Card,Hemani Bakshi,SELL1017,Kakar PLC Retail,Rajpur Sonarpur,4.4
CUST10263,Indali Sekhon,Nagercoil,Punjab,active,ORD100361,15691.78,Mixer Grinder,Home & Kitchen,2024-11-17 21:57:07,fulfilled,yes,UPI,Indali Sekhon,SELL1012,Patla-Gaba Retail,Raichur,3.5
CUST10185,Urvi Bhavsar,Guwahati,Assam,dormant,ORD101487,5186.78,Face Cream,Beauty,2025-08-09 03:29:42,fulfilled,no,Cash,Urvi Bhavsar,SELL1012,Patla-Gaba Retail,Guwahati,3.5
CUST10375,Madhav Babu,Begusarai,Odisha,new,ORD101029,9684.98,T-Shirt,Fashion,2025-07-07 01:11:04,processing,no,Cash,Madhav Babu,SELL1020,Rastogi-Pathak Retail,Begusarai,4.7
CUST10042,Lavanya Barad,Korba,Gujarat,inactive,ORD100707,5230.24,Bed Sheet,Home & Kitchen,2025-06-19 07:45:27,fulfilled,no,UPI,Lavanya Barad,SELL1024,"Yadav, Loke and Oak Retail",Durg,4.9
CUST10375,Madhav Babu,Begusarai,Odisha,new,ORD100332,19761.51,Refrigerator,Home & Kitchen,2024-10-29 12:08:16,lost_parcel,yes,Cash,Madhav Babu,SELL1008,"Lalla, Bassi and Sharaf Retail",Begusarai,4.1
CUST10045,Indali Upadhyay,Jorhat,Karnataka,dormant,ORD100429,22699.71,Jacket,Fashion,2025-07-13 05:19:37,processing,yes,Cash,Ojas Suri,SELL1011,Kaul Inc Retail,Alwar,4.3
CUST10275,Warjas Tak,Karimnagar,Nagaland,active,ORD101242,14921.4,Screen Guard,Mobile Accessories,2024-11-14 12:59:47,fulfilled,yes,Cash,Warjas Tak,SELL1008,"Lalla, Bassi and Sharaf Retail",Burhanpur,4.1
CUST10332,Akshay Nazareth,Tezpur,Sikkim,new,ORD100425,20988.79,Football,Sports,2025-04-15 09:51:57,fulfilled,yes,Credit Card,Akshay Nazareth,SELL1015,Madan-Kanda Retail,Pimpri-Chinchwad,4.3
CUST10350,Pranit Deshmukh,Dindigul,Madhya Pradesh,dormant,ORD100628,30007.55,Self Help Book,Books,2025-03-03 07:41:52,fulfilled,no,UPI,Pranit Deshmukh,SELL1022,"Dutta, Sami and Bhatt Retail",Dindigul,4.0
CUST10363,Qarin Yogi,New Delhi,West Bengal,new,ORD101111,4898.49,Sandals,Footwear,2024-05-23 05:22:00,fulfilled,no,Cash,Qarin Yogi,SELL1005,Ahuja-Dutta Retail,Mau,4.5
CUST10347,Darika Bains,Rohtak,Uttarakhand,active,ORD100677,18383.34,Silver Earrings,Jewelry,2026-01-20 14:58:19,fulfilled,no,Credit Card,Darika Bains,SELL1014,"Garg, Walla and Konda Retail",Surendranagar Dudhrej,4.5
CUST10105,Omaja Kara,Hospet,Manipur,active,ORD100693,23973.2,Saree,Fashion,2025-07-20 04:40:10,returned,yes,Credit Card,Omaja Kara,SELL1006,Dugal-Kale Retail,Kota,4.8
CUST10087,Yatan Chadha,Hospet,Haryana,inactive,ORD100757,20458.11,Hair Oil,Beauty,2026-01-11 00:21:15,fulfilled,no,UPI,Gautami Sanghvi,SELL1018,"Tata, Randhawa and Shanker Retail",Bilaspur,4.7
CUST10174,Ekiya Babu,Bilaspur,Arunachal Pradesh,active,ORD100254,15880.74,Jacket,Fashion,2025-11-10 23:14:13,fulfilled,no,Credit Card,Ekiya Babu,SELL1003,Tiwari PLC Retail,Kishanganj,3.8
CUST10001,Yashica Cherian,Guna,Punjab,active,ORD101094,17045.95,Face Wash,Beauty,2024-09-21 03:56:11,fulfilled,no,Cash,Yashica Cherian,SELL1009,Memon Ltd Retail,Guna,3.5
CUST10178,Darsh Srinivas,Purnia,Sikkim,dormant,ORD100916,3249.99,Biography,Books,2026-02-17 19:25:47,returned,no,Credit Card,Azaan Ravel,SELL1011,Kaul Inc Retail,Purnia,4.3
CUST10171,Tarak Kaul,Siliguri,Uttar Pradesh,dormant,ORD101185,28258.17,Saree,Fashion,2025-07-26 05:15:20,fulfilled,yes,Cash,Baghyawati Mishra,SELL1002,Balay-Balan Retail,Siliguri,3.9
CUST10174,Ekiya Babu,Bilaspur,Arunachal Pradesh,active,ORD100668,16755.49,Jeans,Fashion,2026-03-11 09:42:20,lost_parcel,no,UPI,Ekiya Babu,SELL1014,"Garg, Walla and Konda Retail",Bilaspur,4.5
CUST10264,Anvi Bhandari,Machilipatnam,Kerala,active,ORD100841,37423.1,Screen Guard,Mobile Accessories,2025-12-16 02:42:33,processing,no,Cash,Anvi Bhandari,SELL1013,Loke Ltd Retail,Machilipatnam,3.8
CUST10026,William Lanka,Mira-Bhayandar,Sikkim,new,ORD100806,14371.08,Bed Sheet,Home & Kitchen,2024-10-24 16:37:58,fulfilled,yes,Credit Card,William Lanka,SELL1001,Chaudry Ltd Retail,Gudivada,3.5
CUST10019,Tanay Rattan,Dehradun,Madhya Pradesh,new,ORD101456,32433.15,Sandals,Footwear,2025-08-26 00:34:25,fulfilled,yes,Cash,Tanay Rattan,SELL1023,"Sidhu, Wadhwa and Krishnamurthy Retail",Dehradun,3.7
CUST10251,Amol Parikh,Hapur,Haryana,new,ORD100086,10322.97,Kurta,Fashion,2026-05-13 05:18:40,fulfilled,no,UPI,Amol Parikh,SELL1017,Kakar PLC Retail,Rajpur Sonarpur,4.4
CUST10295,Yashasvi Shankar,Thrissur,Odisha,active,ORD101421,9180.07,Dumbbells,Sports,2024-06-06 09:39:15,returned,yes,Cash,Yashasvi Shankar,SELL1019,Koshy Ltd Retail,Bhimavaram,3.5
CUST10275,Warjas Tak,Karimnagar,Nagaland,active,ORD100265,34058.63,Board Game,Toys & Games,2026-01-24 17:18:30,fulfilled,yes,Credit Card,Warjas Tak,SELL1022,"Dutta, Sami and Bhatt Retail",Karimnagar,4.0
CUST10124,Raksha Sundaram,Bhopal,Rajasthan,active,ORD100287,25022.74,Headphones,Electronics,2025-07-12 20:30:15,returned,yes,UPI,Raksha Sundaram,SELL1006,Dugal-Kale Retail,Bhopal,4.8
CUST10094,Urvashi Wali,Khandwa,Telangana,active,ORD101483,765.22,Board Game,Toys & Games,2025-12-15 01:31:59,fulfilled,yes,Credit Card,Urvashi Wali,SELL1022,"Dutta, Sami and Bhatt Retail",Eluru,4.0
CUST10055,Yasti Solanki,Guwahati,Jharkhand,new,ORD100892,42882.85,Dumbbells,Sports,2026-01-10 03:58:09,fulfilled,no,Cash,Yasti Solanki,SELL1020,Rastogi-Pathak Retail,Durgapur,4.7
CUST10352,Jagat Gokhale,Dehri,Chhattisgarh,dormant,ORD101495,29121.76,Biography,Books,2025-07-11 02:10:19,fulfilled,no,Cash,Jagrati Tripathi,SELL1012,Patla-Gaba Retail,Raichur,3.5
CUST10327,Balhaar Ranganathan,Gaya,Telangana,new,ORD100978,31375.85,Tablet,Electronics,2025-09-13 01:08:21,fulfilled,yes,Credit Card,Balhaar Ranganathan,SELL1014,"Garg, Walla and Konda Retail",Surendranagar Dudhrej,4.5
CUST10241,Udarsh Bala,Navi Mumbai,Uttarakhand,dormant,ORD100534,44655.9,Smart Watch,Electronics,2024-12-23 05:32:12,fulfilled,no,Cash,Kevin Krish,SELL1018,"Tata, Randhawa and Shanker Retail",Bilaspur,4.7
CUST10105,Omaja Kara,Hospet,Manipur,active,ORD101000,21895.16,Self Help Book,Books,2024-06-05 23:54:59,fulfilled,no,Cash,Omaja Kara,SELL1000,"Choudhury, Bakshi and Maharaj Retail",Rajahmundry,4.5
CUST10007,Devika Rastogi,Bahraich,Mizoram,new,ORD100221,12516.99,Ring,Jewelry,2025-02-05 19:47:12,fulfilled,no,UPI,Devika Rastogi,SELL1007,Rai Inc Retail,Hapur,3.6
CUST10331,Ganga Gaba,Bardhaman,Tamil Nadu,new,ORD100113,27925.62,Running Shoes,Footwear,2025-02-14 11:08:23,returned,yes,Cash,Ganga Gaba,SELL1004,Saini and Sons Retail,Bardhaman,4.6
CUST10156,Nitesh Kurian,Sagar,Telangana,active,ORD100672,15622.17,Badminton Racket,Sports,2025-01-11 03:00:09,returned,no,Cash,Nitesh Kurian,SELL1018,"Tata, Randhawa and Shanker Retail",Bilaspur,4.7
CUST10099,Chasmum Atwal,Panipat,Arunachal Pradesh,new,ORD100583,7339.23,T-Shirt,Fashion,2025-04-19 02:36:30,fulfilled,no,Credit Card,Chasmum Atwal,SELL1019,Koshy Ltd Retail,Bhimavaram,3.5
CUST10284,Onveer Nazareth,Bhopal,Assam,new,ORD100174,13139.14,Fiction Novel,Books,2025-03-19 00:57:32,fulfilled,yes,Cash,Onveer Nazareth,SELL1024,"Yadav, Loke and Oak Retail",Bhopal,4.9
CUST10076,Zayyan Bumb,Surat,Telangana,active,ORD100535,31434.44,Fiction Novel,Books,2024-09-12 10:01:36,fulfilled,no,Credit Card,Zayyan Bumb,SELL1014,"Garg, Walla and Konda Retail",Surendranagar Dudhrej,4.5
CUST10079,Urvashi Contractor,Kirari Suleman Nagar,Tamil Nadu,new,ORD101078,33435.17,Kurta,Fashion,2024-09-13 13:24:10,processing,yes,Credit Card,Urvashi Contractor,SELL1014,"Garg, Walla and Konda Retail",Kirari Suleman Nagar,4.5
CUST10044,Mohini Narasimhan,Coimbatore,Tripura,new,ORD101176,14785.55,Sandals,Footwear,2025-04-24 01:55:59,fulfilled,yes,UPI,Mohini Narasimhan,SELL1018,"Tata, Randhawa and Shanker Retail",Bilaspur,4.7
CUST10310,Manbir Kibe,Chapra,Tamil Nadu,new,ORD101106,8336.53,Laptop,Electronics,2025-11-07 14:23:33,returned,yes,Cash,Manbir Kibe,SELL1021,"Tak, Chand and Batta Retail",Jamnagar,4.5
CUST10253,Parth Shetty,South Dumdum,Uttar Pradesh,inactive,ORD100982,2298.72,Laptop,Electronics,2025-06-13 07:51:54,fulfilled,yes,Credit Card,Parth Shetty,SELL1004,Saini and Sons Retail,South Dumdum,4.6
CUST10158,Mekhala Pau,Tenali,Andhra Pradesh,new,ORD100285,32496.59,Fiction Novel,Books,2026-04-17 09:12:34,fulfilled,yes,Cash,Mekhala Pau,SELL1018,"Tata, Randhawa and Shanker Retail",Bilaspur,4.7
CUST10129,Rayaan Trivedi,Coimbatore,Himachal Pradesh,active,ORD100867,43950.01,Face Cream,Beauty,2024-09-02 12:43:47,fulfilled,no,UPI,Rayaan Trivedi,SELL1010,Boase Inc Retail,Coimbatore,3.8
CUST10067,Tanish Bhatt,Vellore,Karnataka,active,ORD100374,18214.16,Bracelet,Jewelry,2025-12-27 04:12:54,returned,yes,UPI,Tanish Bhatt,SELL1012,Patla-Gaba Retail,Raichur,3.5
CUST10229,Laksh Dubey,Sagar,West Bengal,dormant,ORD101196,10451.75,Phone Case,Mobile Accessories,2026-02-20 18:24:37,fulfilled,yes,Credit Card,Laksh Dubey,SELL1001,Chaudry Ltd Retail,Gudivada,3.5
CUST10295,Yashasvi Shankar,Thrissur,Odisha,active,ORD100031,17302.28,Bracelet,Jewelry,2024-06-04 03:24:45,fulfilled,yes,UPI,Yashasvi Shankar,SELL1018,"Tata, Randhawa and Shanker Retail",Bilaspur,4.7
CUST10205,Pushti Ravel,Ramagundam,Bihar,active,ORD100551,20486.4,Laptop,Electronics,2024-05-23 17:57:10,fulfilled,no,Cash,Pushti Ravel,SELL1016,Balay LLC Retail,Agartala,3.8
CUST10020,Madhavi Lanka,Baranagar,Maharashtra,active,ORD100210,7050.18,Face Wash,Beauty,2025-01-13 11:05:17,fulfilled,no,Cash,Madhavi Lanka,SELL1014,"Garg, Walla and Konda Retail",Surendranagar Dudhrej,4.5
CUST10331,Ganga Gaba,Bardhaman,Tamil Nadu,new,ORD101046,12417.14,Bracelet,Jewelry,2026-01-05 06:46:13,returned,yes,Cash,Ganga Gaba,SELL1008,"Lalla, Bassi and Sharaf Retail",Burhanpur,4.1
CUST10248,Aarav Pandit,Aurangabad,Maharashtra,active,ORD100923,13193.23,Laptop,Electronics,2024-08-03 09:39:30,fulfilled,yes,Credit Card,Aarav Pandit,SELL1023,"Sidhu, Wadhwa and Krishnamurthy Retail",Aurangabad,3.7
CUST10173,Imaran Bal,Kanpur,Kerala,active,ORD100809,9468.68,Phone Case,Mobile Accessories,2026-01-21 04:07:33,fulfilled,no,Cash,Imaran Bal,SELL1019,Koshy Ltd Retail,Bhimavaram,3.5
CUST10145,Wridesh Tank,Ahmednagar,Manipur,dormant,ORD100617,14410.6,Charger,Mobile Accessories,2024-05-29 00:58:21,returned,no,Cash,Hemal Dara,SELL1003,Tiwari PLC Retail,Kishanganj,3.8
CUST10195,Devika Nair,Faridabad,Chhattisgarh,new,ORD100932,41678.32,Puzzle,Toys & Games,2025-08-17 03:09:13,processing,yes,Cash,Devika Nair,SELL1012,Patla-Gaba Retail,Raichur,3.5
CUST10278,Jeremiah Nadig,Hospet,Manipur,dormant,ORD100619,26615.56,Face Wash,Beauty,2025-04-14 20:21:13,fulfilled,yes,Credit Card,Vanya Bobal,SELL1010,Boase Inc Retail,Ramagundam,3.8
CUST10094,Urvashi Wali,Khandwa,Telangana,active,ORD100188,433.79,Face Wash,Beauty,2024-09-06 16:01:03,fulfilled,yes,UPI,Urvashi Wali,SELL1002,Balay-Balan Retail,Khandwa,3.9
CUST10256,Urvashi Kulkarni,Jhansi,Jharkhand,new,ORD100710,18017.12,Charger,Mobile Accessories,2025-11-26 08:13:12,fulfilled,yes,UPI,Urvashi Kulkarni,SELL1003,Tiwari PLC Retail,Jhansi,3.8
CUST10355,Anya Gulati,Patna,Uttar Pradesh,inactive,ORD100936,6886.47,Face Wash,Beauty,2026-02-12 02:33:19,returned,no,Credit Card,Anthony Bhattacharyya,SELL1018,"Tata, Randhawa and Shanker Retail",Bilaspur,4.7
CUST10111,Pavani Contractor,Jalgaon,Himachal Pradesh,inactive,ORD101168,21921.75,Cookware Set,Home & Kitchen,2025-05-31 18:43:02,returned,yes,Cash,Pavani Contractor,SELL1017,Kakar PLC Retail,Jalgaon,4.4
CUST10349,Darpan Biswas,Patna,Jharkhand,new,ORD101219,41060.62,Smartphone,Electronics,2025-03-06 00:10:30,fulfilled,no,UPI,Darpan Biswas,SELL1019,Koshy Ltd Retail,Patna,3.5
CUST10318,Bhavna Dara,Tenali,Uttarakhand,active,ORD101097,36119.33,Running Shoes,Footwear,2026-01-26 20:51:57,processing,yes,UPI,Bhavna Dara,SELL1004,Saini and Sons Retail,Giridih,4.6
CUST10148,Zashil Shan,Davanagere,Madhya Pradesh,active,ORD100901,37107.13,Bed Sheet,Home & Kitchen,2024-11-04 20:07:45,returned,no,Cash,Zashil Shan,SELL1007,Rai Inc Retail,Davanagere,3.6
CUST10117,Arunima Golla,Pallavaram,Assam,dormant,ORD100083,11692.83,Bed Sheet,Home & Kitchen,2026-04-11 05:03:46,fulfilled,no,Credit Card,Anika Batra,SELL1002,Balay-Balan Retail,Pallavaram,3.9
CUST10185,Urvi Bhavsar,Guwahati,Assam,dormant,ORD100701,40911.17,Smartphone,Electronics,2024-11-05 09:35:28,processing,yes,Credit Card,Urvi Bhavsar,SELL1009,Memon Ltd Retail,Gangtok,3.5
CUST10211,Aahana Hora,Madanapalle,Chhattisgarh,active,ORD100048,15726.39,Phone Case,Mobile Accessories,2025-05-13 08:11:22,lost_parcel,yes,UPI,Aahana Hora,SELL1012,Patla-Gaba Retail,Raichur,3.5
CUST10116,Ansh Luthra,Akola,Meghalaya,new,ORD101283,23632.28,Charger,Mobile Accessories,2025-03-26 11:05:07,processing,no,Credit Card,Ansh Luthra,SELL1019,Koshy Ltd Retail,Bhimavaram,3.5
CUST10199,Darika Bath,Tenali,Punjab,new,ORD100155,43510.86,Face Wash,Beauty,2025-01-16 06:22:23,fulfilled,no,UPI,Darika Bath,SELL1011,Kaul Inc Retail,Tenali,4.3
CUST10221,Reva Viswanathan,Bharatpur,Kerala,new,ORD101151,35725.69,Football,Sports,2024-11-13 01:01:05,processing,yes,UPI,Reva Viswanathan,SELL1003,Tiwari PLC Retail,Kishanganj,3.8
CUST10259,Watika Tank,Kadapa,Himachal Pradesh,active,ORD101141,7748.22,Badminton Racket,Sports,2025-03-09 08:50:14,fulfilled,no,Cash,Watika Tank,SELL1004,Saini and Sons Retail,Giridih,4.6
CUST10002,Michael Prakash,Panvel,Tripura,active,ORD100974,5512.37,Jacket,Fashion,2024-09-14 06:32:30,fulfilled,no,Cash,Michael Prakash,SELL1020,Rastogi-Pathak Retail,Durgapur,4.7
CUST10104,Max Dixit,Guwahati,Haryana,active,ORD101057,7267.32,Tablet,Electronics,2025-07-16 21:47:11,fulfilled,no,Credit Card,Max Dixit,SELL1024,"Yadav, Loke and Oak Retail",Guwahati,4.9
CUST10342,Sanya Wable,Solapur,Odisha,new,ORD100807,2883.16,Screen Guard,Mobile Accessories,2025-01-03 07:34:40,fulfilled,no,Cash,Sanya Wable,SELL1013,Loke Ltd Retail,Narasaraopet,3.8
CUST10281,Ekantika Kar,Kadapa,Jharkhand,new,ORD101229,5949.11,Smart Watch,Electronics,2024-12-12 09:59:54,fulfilled,no,Credit Card,Ekantika Kar,SELL1000,"Choudhury, Bakshi and Maharaj Retail",Rajahmundry,4.5
CUST10374,Dhriti Sachdev,Phusro,West Bengal,new,ORD101480,44422.71,Hair Oil,Beauty,2025-04-11 22:28:52,fulfilled,no,Credit Card,Dhriti Sachdev,SELL1012,Patla-Gaba Retail,Phusro,3.5
CUST10230,Yashica Zacharia,Naihati,Tripura,active,ORD101436,35773.71,Saree,Fashion,2025-11-23 19:25:58,fulfilled,no,Credit Card,Yashica Zacharia,SELL1003,Tiwari PLC Retail,Naihati,3.8
CUST10065,Wahab Magar,Imphal,Nagaland,active,ORD100179,38569.6,Doll,Toys & Games,2025-07-30 10:22:06,fulfilled,yes,UPI,Wahab Magar,SELL1016,Balay LLC Retail,Imphal,3.8
CUST10231,Krisha Dube,Bokaro,Uttarakhand,active,ORD101355,34330.89,Refrigerator,Home & Kitchen,2025-09-03 17:28:47,fulfilled,no,UPI,Krisha Dube,SELL1009,Memon Ltd Retail,Bokaro,3.5
CUST10000,Nakul Setty,Firozabad,Mizoram,new,ORD101246,3305.65,Phone Case,Mobile Accessories,2025-03-18 12:01:55,fulfilled,no,Credit Card,Nakul Setty,SELL1006,Dugal-Kale Retail,Kota,4.8
CUST10190,Ishwar Mallick,Haldia,West Bengal,new,ORD101040,25459.01,Silver Earrings,Jewelry,2025-07-10 08:32:45,fulfilled,no,Credit Card,Ishwar Mallick,SELL1009,Memon Ltd Retail,Haldia,3.5
CUST10275,Warjas Tak,Karimnagar,Nagaland,active,ORD100949,39992.17,Mixer Grinder,Home & Kitchen,2024-08-24 23:55:57,fulfilled,yes,Cash,Warjas Tak,SELL1019,Koshy Ltd Retail,Karimnagar,3.5
CUST10204,Rajata Bahl,Solapur,West Bengal,active,ORD100816,8906.41,Badminton Racket,Sports,2025-08-24 09:46:11,returned,yes,UPI,Rajata Bahl,SELL1003,Tiwari PLC Retail,Solapur,3.8
CUST10134,Urvashi Raj,Saharanpur,Meghalaya,active,ORD100363,8721.83,Board Game,Toys & Games,2025-04-01 10:28:58,fulfilled,yes,Credit Card,Urvashi Raj,SELL1007,Rai Inc Retail,Saharanpur,3.6
CUST10324,Abdul Dugar,Fatehpur,Meghalaya,active,ORD101177,7414.49,Dress,Fashion,2024-09-20 20:28:41,fulfilled,yes,Cash,Abdul Dugar,SELL1003,Tiwari PLC Retail,Kishanganj,3.8
CUST10044,Mohini Narasimhan,Coimbatore,Tripura,new,ORD101198,18081.89,Dress,Fashion,2025-09-19 08:23:28,fulfilled,no,Cash,Mohini Narasimhan,SELL1002,Balay-Balan Retail,Coimbatore,3.9
CUST10082,Faqid Kibe,Barasat,West Bengal,dormant,ORD100346,27492.58,Exam Guide,Books,2026-02-10 02:48:42,fulfilled,no,UPI,Faqid Kibe,SELL1013,Loke Ltd Retail,Narasaraopet,3.8
CUST10167,Janani Chaudhary,Tinsukia,Rajasthan,new,ORD101010,26989.38,Smart Watch,Electronics,2026-04-30 17:23:02,fulfilled,no,UPI,Janani Chaudhary,SELL1015,Madan-Kanda Retail,Tinsukia,4.3
CUST10252,Gaurangi Deol,Nagercoil,Nagaland,new,ORD100614,32751.89,Cookware Set,Home & Kitchen,2024-07-21 08:44:04,fulfilled,no,UPI,Gaurangi Deol,SELL1018,"Tata, Randhawa and Shanker Retail",Bilaspur,4.7
CUST10323,Odika Narayanan,Salem,Sikkim,active,ORD100965,42069.09,Face Cream,Beauty,2024-10-03 01:12:40,returned,no,UPI,Odika Narayanan,SELL1024,"Yadav, Loke and Oak Retail",Salem,4.9
CUST10308,Avi Som,Adoni,Odisha,dormant,ORD101273,42854.14,Dumbbells,Sports,2025-04-25 00:10:11,fulfilled,yes,UPI,Manbir Kuruvilla,SELL1019,Koshy Ltd Retail,Adoni,3.5
CUST10175,Oviya Vora,Rajkot,Meghalaya,active,ORD100589,1651.84,Gold Necklace,Jewelry,2025-10-08 16:40:38,fulfilled,no,Credit Card,Oviya Vora,SELL1011,Kaul Inc Retail,Alwar,4.3
CUST10152,Theodore Gupta,Durgapur,Rajasthan,dormant,ORD101288,44809.48,Exam Guide,Books,2026-03-31 06:26:33,lost_parcel,no,Cash,Theodore Gupta,SELL1020,Rastogi-Pathak Retail,Durgapur,4.7
CUST10135,Jonathan Thakkar,Salem,West Bengal,new,ORD100631,38444.24,Cricket Bat,Sports,2024-09-05 08:07:36,fulfilled,yes,UPI,Jonathan Thakkar,SELL1014,"Garg, Walla and Konda Retail",Surendranagar Dudhrej,4.5
CUST10174,Ekiya Babu,Bilaspur,Arunachal Pradesh,active,ORD100243,19500.44,Bluetooth Speaker,Electronics,2026-01-08 01:17:10,returned,yes,Cash,Ekiya Babu,SELL1006,Dugal-Kale Retail,Bilaspur,4.8
CUST10073,Avi Chacko,Bhavnagar,West Bengal,dormant,ORD101374,5158.52,Lipstick,Beauty,2025-11-23 23:11:01,fulfilled,no,UPI,Avi Chacko,SELL1009,Memon Ltd Retail,Gangtok,3.5
CUST10282,Zashil Hegde,Cuttack,Rajasthan,new,ORD101451,31891.25,Football,Sports,2026-03-07 19:48:12,fulfilled,no,Credit Card,Zashil Hegde,SELL1013,Loke Ltd Retail,Narasaraopet,3.8
CUST10217,Yashica Rajagopalan,Amaravati,Nagaland,new,ORD100764,41551.44,Gold Necklace,Jewelry,2024-09-21 00:19:19,fulfilled,no,Credit Card,Yashica Rajagopalan,SELL1006,Dugal-Kale Retail,Amaravati,4.8
CUST10208,Farhan Randhawa,Sonipat,Haryana,active,ORD100987,30873.56,Board Game,Toys & Games,2024-07-08 04:35:01,lost_parcel,no,UPI,Farhan Randhawa,SELL1010,Boase Inc Retail,Ramagundam,3.8
CUST10328,Baljiwan Andra,Tezpur,Punjab,active,ORD100411,19261.59,Jeans,Fashion,2024-11-23 03:10:09,returned,yes,Cash,Baljiwan Andra,SELL1017,Kakar PLC Retail,Rajpur Sonarpur,4.4
CUST10115,Rachana Naidu,Indore,Assam,inactive,ORD101420,19795.97,Saree,Fashion,2024-10-29 09:35:46,returned,yes,Cash,Nimrat Varghese,SELL1005,Ahuja-Dutta Retail,Mau,4.5
CUST10219,David Seshadri,Tiruvottiyur,Tamil Nadu,new,ORD101225,3716.11,Badminton Racket,Sports,2024-06-25 11:34:16,fulfilled,yes,UPI,David Seshadri,SELL1019,Koshy Ltd Retail,Tiruvottiyur,3.5
CUST10133,William Rajagopal,Bulandshahr,Arunachal Pradesh,active,ORD100308,37813.07,Cookware Set,Home & Kitchen,2024-11-10 06:15:05,fulfilled,yes,Cash,William Rajagopal,SELL1007,Rai Inc Retail,Hapur,3.6
CUST10150,Chakrika Bains,Panipat,Andhra Pradesh,new,ORD100881,13977.46,Building Blocks,Toys & Games,2024-07-18 20:07:33,fulfilled,yes,UPI,Chakrika Bains,SELL1005,Ahuja-Dutta Retail,Mau,4.5
CUST10238,Anjali Sengupta,Junagadh,Assam,new,ORD100398,30495.69,Power Bank,Mobile Accessories,2025-03-19 16:36:44,fulfilled,no,UPI,Anjali Sengupta,SELL1023,"Sidhu, Wadhwa and Krishnamurthy Retail",Raipur,3.7
CUST10319,Madhav Mannan,Tumkur,Tamil Nadu,new,ORD100370,30204.95,Mixer Grinder,Home & Kitchen,2025-11-20 05:04:31,returned,no,Cash,Madhav Mannan,SELL1024,"Yadav, Loke and Oak Retail",Durg,4.9
CUST10239,Shravya Palla,Vijayanagaram,Arunachal Pradesh,new,ORD100054,10793.46,Self Help Book,Books,2025-11-04 03:18:41,returned,yes,Credit Card,Shravya Palla,SELL1023,"Sidhu, Wadhwa and Krishnamurthy Retail",Vijayanagaram,3.7
CUST10158,Mekhala Pau,Tenali,Andhra Pradesh,new,ORD101338,34492.59,Biography,Books,2026-05-07 01:27:34,fulfilled,yes,Credit Card,Mekhala Pau,SELL1023,"Sidhu, Wadhwa and Krishnamurthy Retail",Raipur,3.7
CUST10026,William Lanka,Mira-Bhayandar,Sikkim,new,ORD101182,1382.69,Jeans,Fashion,2024-10-16 09:24:52,fulfilled,no,Credit Card,William Lanka,SELL1001,Chaudry Ltd Retail,Gudivada,3.5
CUST10228,Pranit Kala,Shivpuri,Gujarat,active,ORD100312,41299.84,Saree,Fashion,2025-07-29 05:36:09,fulfilled,no,UPI,Pranit Kala,SELL1011,Kaul Inc Retail,Alwar,4.3
CUST10046,Jack Lal,Amaravati,Himachal Pradesh,new,ORD100921,22592.57,Lipstick,Beauty,2025-07-23 02:50:53,fulfilled,no,Credit Card,Jack Lal,SELL1012,Patla-Gaba Retail,Amaravati,3.5
CUST10116,Ansh Luthra,Akola,Meghalaya,new,ORD100109,29625.3,Remote Car,Toys & Games,2025-12-05 07:14:19,fulfilled,no,Credit Card,Ansh Luthra,SELL1019,Koshy Ltd Retail,Bhimavaram,3.5
CUST10217,Yashica Rajagopalan,Amaravati,Nagaland,new,ORD100718,38757.98,Self Help Book,Books,2025-01-17 12:56:04,fulfilled,no,UPI,Yashica Rajagopalan,SELL1015,Madan-Kanda Retail,Pimpri-Chinchwad,4.3
CUST10370,Ranveer Dalal,Latur,Tamil Nadu,inactive,ORD100691,36876.97,Dumbbells,Sports,2025-01-22 15:19:45,fulfilled,no,UPI,Lila Salvi,SELL1023,"Sidhu, Wadhwa and Krishnamurthy Retail",Raipur,3.7
CUST10287,Chameli Setty,Allahabad,Goa,active,ORD100100,29600.91,Bed Sheet,Home & Kitchen,2026-04-18 04:18:10,fulfilled,no,Cash,Chameli Setty,SELL1014,"Garg, Walla and Konda Retail",Surendranagar Dudhrej,4.5
CUST10013,Raagini Pandya,Bulandshahr,Manipur,new,ORD101125,13901.07,Exam Guide,Books,2024-05-30 16:16:52,fulfilled,yes,UPI,Raagini Pandya,SELL1022,"Dutta, Sami and Bhatt Retail",Eluru,4.0
CUST10362,Eiravati Saha,Jalgaon,Jharkhand,new,ORD100669,3738.62,Water Bottle,Home & Kitchen,2026-03-10 18:22:51,fulfilled,yes,UPI,Eiravati Saha,SELL1003,Tiwari PLC Retail,Kishanganj,3.8
CUST10348,Tejas Bora,Bhusawal,Kerala,new,ORD101375,9699.26,Water Bottle,Home & Kitchen,2025-06-19 11:12:00,returned,yes,UPI,Tejas Bora,SELL1005,Ahuja-Dutta Retail,Bhusawal,4.5
CUST10231,Krisha Dube,Bokaro,Uttarakhand,active,ORD100266,23518.68,Gold Necklace,Jewelry,2025-03-10 15:28:10,processing,no,Credit Card,Krisha Dube,SELL1000,"Choudhury, Bakshi and Maharaj Retail",Rajahmundry,4.5
CUST10248,Aarav Pandit,Aurangabad,Maharashtra,active,ORD100678,13510.69,Biography,Books,2026-04-19 06:09:16,returned,no,Cash,Aarav Pandit,SELL1021,"Tak, Chand and Batta Retail",Aurangabad,4.5
CUST10317,Vrinda Nadig,Karnal,Nagaland,new,ORD100296,31450.14,Laptop,Electronics,2025-10-20 02:38:36,fulfilled,no,Cash,Vrinda Nadig,SELL1010,Boase Inc Retail,Karnal,3.8
CUST10219,David Seshadri,Tiruvottiyur,Tamil Nadu,new,ORD100529,44869.42,Power Bank,Mobile Accessories,2025-06-25 09:14:30,fulfilled,yes,UPI,David Seshadri,SELL1007,Rai Inc Retail,Tiruvottiyur,3.6
CUST10024,Wahab Raval,Jehanabad,Haryana,new,ORD100944,4130.19,Kurta,Fashion,2026-04-24 19:43:39,fulfilled,no,Cash,Wahab Raval,SELL1002,Balay-Balan Retail,Jehanabad,3.9
CUST10085,Tripti Dua,Belgaum,Telangana,active,ORD101013,6212.76,Headphones,Electronics,2025-01-26 14:59:32,fulfilled,yes,UPI,Tripti Dua,SELL1006,Dugal-Kale Retail,Kota,4.8
CUST10136,Harish Vora,Kanpur,Telangana,active,ORD100950,27939.94,Ring,Jewelry,2024-06-23 23:46:06,processing,no,Cash,Harish Vora,SELL1021,"Tak, Chand and Batta Retail",Kanpur,4.5
CUST10190,Ishwar Mallick,Haldia,West Bengal,new,ORD100377,22118.58,Doll,Toys & Games,2026-01-30 02:31:01,fulfilled,yes,Cash,Ishwar Mallick,SELL1001,Chaudry Ltd Retail,Haldia,3.5
CUST10066,Lakshit Dora,Yamunanagar,Tamil Nadu,active,ORD100286,36253.71,Smart Watch,Electronics,2026-02-11 18:09:52,returned,no,UPI,Lakshit Dora,SELL1002,Balay-Balan Retail,Bellary,3.9
CUST10353,Aarush Bajaj,Madhyamgram,Sikkim,new,ORD101438,36648.1,Board Game,Toys & Games,2024-12-21 17:16:47,fulfilled,no,Credit Card,Aarush Bajaj,SELL1006,Dugal-Kale Retail,Kota,4.8
CUST10256,Urvashi Kulkarni,Jhansi,Jharkhand,new,ORD100730,24775.59,Bluetooth Speaker,Electronics,2024-11-27 17:17:03,fulfilled,yes,Credit Card,Urvashi Kulkarni,SELL1022,"Dutta, Sami and Bhatt Retail",Eluru,4.0
CUST10373,Unnati Chaudhari,Imphal,Gujarat,active,ORD100126,11637.42,Headphones,Electronics,2026-01-12 15:57:36,fulfilled,yes,Cash,Unnati Chaudhari,SELL1002,Balay-Balan Retail,Imphal,3.9
CUST10068,Ojasvi Bhatia,Bidar,Madhya Pradesh,inactive,ORD100327,39881.41,Yoga Mat,Sports,2024-08-19 23:32:26,fulfilled,no,UPI,Ojasvi Bhatia,SELL1014,"Garg, Walla and Konda Retail",Bidar,4.5
CUST10227,Pallavi Trivedi,Surat,Kerala,active,ORD100292,22892.13,Board Game,Toys & Games,2024-08-14 18:38:42,fulfilled,yes,UPI,Pallavi Trivedi,SELL1018,"Tata, Randhawa and Shanker Retail",Bilaspur,4.7
CUST10073,Avi Chacko,Bhavnagar,West Bengal,dormant,ORD100548,1739.69,Headphones,Electronics,2025-06-04 21:39:35,returned,yes,Cash,Avi Chacko,SELL1013,Loke Ltd Retail,Bhavnagar,3.8
CUST10105,Omaja Kara,Hospet,Manipur,active,ORD100727,2423.7,Running Shoes,Footwear,2026-03-10 07:09:38,fulfilled,yes,Credit Card,Omaja Kara,SELL1007,Rai Inc Retail,Hapur,3.6
CUST10047,Ikbal Saraf,Satara,Maharashtra,active,ORD100908,36972.89,Cookware Set,Home & Kitchen,2024-11-30 14:59:05,fulfilled,no,Credit Card,Ikbal Saraf,SELL1000,"Choudhury, Bakshi and Maharaj Retail",Rajahmundry,4.5
CUST10186,Gopal Pradhan,Miryalaguda,Arunachal Pradesh,active,ORD100355,39027.65,Flip Flops,Footwear,2025-07-24 12:12:17,fulfilled,no,Credit Card,Gopal Pradhan,SELL1019,Koshy Ltd Retail,Miryalaguda,3.5
CUST10361,Prisha Tandon,Hapur,Rajasthan,active,ORD100170,3831.69,Bracelet,Jewelry,2024-08-02 02:41:41,returned,no,Credit Card,Prisha Tandon,SELL1023,"Sidhu, Wadhwa and Krishnamurthy Retail",Raipur,3.7
CUST10374,Dhriti Sachdev,Phusro,West Bengal,new,ORD100966,29768.15,Mixer Grinder,Home & Kitchen,2025-02-20 17:49:54,fulfilled,no,UPI,Dhriti Sachdev,SELL1017,Kakar PLC Retail,Rajpur Sonarpur,4.4
CUST10060,Theodore Goda,Dhanbad,Nagaland,dormant,ORD101133,14028.77,Sneakers,Footwear,2026-01-23 02:58:03,fulfilled,no,Credit Card,Theodore Goda,SELL1004,Saini and Sons Retail,Giridih,4.6
CUST10329,Gautami Mane,Tinsukia,Mizoram,active,ORD100651,17085.67,Face Cream,Beauty,2025-12-09 20:12:29,lost_parcel,yes,Credit Card,Gautami Mane,SELL1015,Madan-Kanda Retail,Pimpri-Chinchwad,4.3
CUST10205,Pushti Ravel,Ramagundam,Bihar,active,ORD100209,37806.2,Dress,Fashion,2024-09-04 01:33:33,fulfilled,yes,UPI,Pushti Ravel,SELL1001,Chaudry Ltd Retail,Gudivada,3.5
CUST10349,Darpan Biswas,Patna,Jharkhand,new,ORD101397,29719.73,Hair Oil,Beauty,2026-02-20 11:07:16,fulfilled,yes,UPI,Darpan Biswas,SELL1005,Ahuja-Dutta Retail,Mau,4.5
CUST10378,Vritti Sharma,Nagercoil,Goa,new,ORD100140,36529.75,Football,Sports,2025-10-31 18:16:54,fulfilled,no,Cash,Vritti Sharma,SELL1022,"Dutta, Sami and Bhatt Retail",Nagercoil,4.0
CUST10364,Charita Dhawan,Howrah,Nagaland,inactive,ORD101083,19823.68,Running Shoes,Footwear,2026-01-13 07:05:21,returned,yes,Cash,Janya Bora,SELL1000,"Choudhury, Bakshi and Maharaj Retail",Rajahmundry,4.5
CUST10216,Dakshesh Pillay,Solapur,Rajasthan,new,ORD100990,27453.38,Laptop,Electronics,2024-10-23 18:00:51,fulfilled,no,UPI,Dakshesh Pillay,SELL1010,Boase Inc Retail,Ramagundam,3.8
CUST10075,Suhani Narain,Nadiad,Himachal Pradesh,new,ORD100650,30554.99,Yoga Mat,Sports,2025-08-22 18:18:20,fulfilled,no,Credit Card,Suhani Narain,SELL1024,"Yadav, Loke and Oak Retail",Nadiad,4.9
CUST10153,Balveer More,Visakhapatnam,Odisha,dormant,ORD101188,2831.23,Saree,Fashion,2024-06-29 09:07:23,fulfilled,no,UPI,Balveer More,SELL1015,Madan-Kanda Retail,Pimpri-Chinchwad,4.3
CUST10049,Aarav Venkatesh,Bharatpur,Maharashtra,new,ORD101498,20858.42,Power Bank,Mobile Accessories,2024-09-30 20:37:56,fulfilled,no,Cash,Aarav Venkatesh,SELL1012,Patla-Gaba Retail,Bharatpur,3.5
CUST10370,Ranveer Dalal,Latur,Tamil Nadu,inactive,ORD100485,24463.65,Biography,Books,2025-04-29 15:31:14,fulfilled,no,Cash,Ranveer Dalal,SELL1014,"Garg, Walla and Konda Retail",Latur,4.5
CUST10044,Mohini Narasimhan,Coimbatore,Tripura,new,ORD100527,3988.85,Sneakers,Footwear,2024-12-15 11:29:14,fulfilled,no,Credit Card,Mohini Narasimhan,SELL1017,Kakar PLC Retail,Rajpur Sonarpur,4.4
CUST10112,Ekbal Bhasin,Aizawl,Punjab,new,ORD100199,31928.39,Gold Necklace,Jewelry,2025-01-09 15:38:18,fulfilled,yes,UPI,Ekbal Bhasin,SELL1017,Kakar PLC Retail,Rajpur Sonarpur,4.4
CUST10129,Rayaan Trivedi,Coimbatore,Himachal Pradesh,active,ORD100889,4137.74,Perfume,Beauty,2024-08-23 14:32:50,fulfilled,no,UPI,Rayaan Trivedi,SELL1024,"Yadav, Loke and Oak Retail",Durg,4.9
CUST10217,Yashica Rajagopalan,Amaravati,Nagaland,new,ORD100844,31432.8,Ring,Jewelry,2024-08-10 13:36:05,fulfilled,yes,Cash,Yashica Rajagopalan,SELL1017,Kakar PLC Retail,Amaravati,4.4
CUST10173,Imaran Bal,Kanpur,Kerala,active,ORD101068,6163.66,Exam Guide,Books,2025-07-04 17:33:46,fulfilled,no,UPI,Imaran Bal,SELL1019,Koshy Ltd Retail,Bhimavaram,3.5
CUST10252,Gaurangi Deol,Nagercoil,Nagaland,new,ORD101205,1698.41,Cricket Bat,Sports,2024-10-01 12:23:39,processing,no,UPI,Gaurangi Deol,SELL1019,Koshy Ltd Retail,Bhimavaram,3.5
CUST10040,Warjas Gaba,Haridwar,Andhra Pradesh,new,ORD101054,31401.09,Bed Sheet,Home & Kitchen,2026-02-07 00:41:57,fulfilled,yes,UPI,Warjas Gaba,SELL1023,"Sidhu, Wadhwa and Krishnamurthy Retail",Haridwar,3.7
CUST10343,David Tiwari,Chapra,Nagaland,dormant,ORD100010,26757.2,Smartphone,Electronics,2026-03-07 06:01:23,fulfilled,no,UPI,Ekansh Dora,SELL1020,Rastogi-Pathak Retail,Durgapur,4.7
CUST10238,Anjali Sengupta,Junagadh,Assam,new,ORD100147,4475.34,Refrigerator,Home & Kitchen,2024-12-15 23:12:43,fulfilled,no,Cash,Anjali Sengupta,SELL1018,"Tata, Randhawa and Shanker Retail",Junagadh,4.7
CUST10230,Yashica Zacharia,Naihati,Tripura,active,ORD100721,6029.58,Football,Sports,2026-05-07 03:08:06,fulfilled,yes,Cash,Yashica Zacharia,SELL1023,"Sidhu, Wadhwa and Krishnamurthy Retail",Raipur,3.7
CUST10175,Oviya Vora,Rajkot,Meghalaya,active,ORD100282,16396.9,Silver Earrings,Jewelry,2026-01-25 23:57:27,lost_parcel,yes,Credit Card,Oviya Vora,SELL1011,Kaul Inc Retail,Rajkot,4.3
CUST10029,Ikshita Biswas,Uluberia,Jharkhand,new,ORD100298,4854.36,Mixer Grinder,Home & Kitchen,2024-09-28 00:37:32,fulfilled,no,Credit Card,Ikshita Biswas,SELL1000,"Choudhury, Bakshi and Maharaj Retail",Uluberia,4.5
CUST10129,Rayaan Trivedi,Coimbatore,Himachal Pradesh,active,ORD100613,4071.83,Refrigerator,Home & Kitchen,2025-05-27 04:10:21,returned,yes,UPI,Rayaan Trivedi,SELL1004,Saini and Sons Retail,Giridih,4.6
CUST10012,Xavier Solanki,Jhansi,Bihar,active,ORD100291,10646.06,Earphones,Mobile Accessories,2024-07-26 20:01:46,processing,yes,UPI,Xavier Solanki,SELL1022,"Dutta, Sami and Bhatt Retail",Eluru,4.0
CUST10057,Manan Bakshi,Sambalpur,Meghalaya,inactive,ORD100649,1598.24,Charger,Mobile Accessories,2026-04-18 05:33:19,fulfilled,no,Cash,Logan Dasgupta,SELL1002,Balay-Balan Retail,Bellary,3.9
CUST10323,Odika Narayanan,Salem,Sikkim,active,ORD100598,38406.83,Headphones,Electronics,2025-10-19 23:11:36,fulfilled,no,Credit Card,Odika Narayanan,SELL1017,Kakar PLC Retail,Rajpur Sonarpur,4.4
CUST10347,Darika Bains,Rohtak,Uttarakhand,active,ORD101043,30893.15,Jacket,Fashion,2026-05-04 06:48:26,fulfilled,no,Credit Card,Darika Bains,SELL1005,Ahuja-Dutta Retail,Mau,4.5
CUST10204,Rajata Bahl,Solapur,West Bengal,active,ORD100552,28489.62,Laptop,Electronics,2026-03-27 17:27:57,returned,no,UPI,Rajata Bahl,SELL1009,Memon Ltd Retail,Gangtok,3.5
CUST10158,Mekhala Pau,Tenali,Andhra Pradesh,new,ORD101298,37636.64,Self Help Book,Books,2025-08-04 21:55:39,fulfilled,no,UPI,Mekhala Pau,SELL1005,Ahuja-Dutta Retail,Mau,4.5
CUST10012,Xavier Solanki,Jhansi,Bihar,active,ORD100129,9215.5,Headphones,Electronics,2025-09-26 08:45:35,fulfilled,yes,Cash,Xavier Solanki,SELL1009,Memon Ltd Retail,Gangtok,3.5
CUST10317,Vrinda Nadig,Karnal,Nagaland,new,ORD101061,7666.81,Badminton Racket,Sports,2024-06-20 07:32:48,fulfilled,no,Credit Card,Vrinda Nadig,SELL1006,Dugal-Kale Retail,Karnal,4.8
CUST10041,Gaurangi Sabharwal,Shimoga,Goa,active,ORD100331,34146.09,Cookware Set,Home & Kitchen,2026-01-20 23:42:13,fulfilled,yes,Credit Card,Gaurangi Sabharwal,SELL1006,Dugal-Kale Retail,Kota,4.8
CUST10032,Anita Manda,Tiruvottiyur,Gujarat,active,ORD100323,9487.31,Perfume,Beauty,2025-08-21 23:57:48,fulfilled,no,Cash,Anita Manda,SELL1022,"Dutta, Sami and Bhatt Retail",Eluru,4.0
CUST10173,Imaran Bal,Kanpur,Kerala,active,ORD100680,4433.0,Tablet,Electronics,2024-08-17 09:32:44,fulfilled,no,Cash,Imaran Bal,SELL1020,Rastogi-Pathak Retail,Kanpur,4.7
CUST10247,Amol Varma,Asansol,Jharkhand,new,ORD100478,41806.86,Building Blocks,Toys & Games,2025-03-02 18:39:01,fulfilled,no,Credit Card,Amol Varma,SELL1018,"Tata, Randhawa and Shanker Retail",Bilaspur,4.7
CUST10229,Laksh Dubey,Sagar,West Bengal,dormant,ORD100561,21563.8,Doll,Toys & Games,2025-11-14 10:15:36,fulfilled,yes,Credit Card,Dev Warrior,SELL1002,Balay-Balan Retail,Bellary,3.9
CUST10361,Prisha Tandon,Hapur,Rajasthan,active,ORD100135,6681.39,Running Shoes,Footwear,2025-02-22 04:39:10,returned,no,Credit Card,Prisha Tandon,SELL1001,Chaudry Ltd Retail,Hapur,3.5
CUST10213,Ekantika Mutti,Gandhidham,Assam,active,ORD100506,20596.78,Earphones,Mobile Accessories,2025-11-24 21:15:55,fulfilled,no,Credit Card,Ekantika Mutti,SELL1023,"Sidhu, Wadhwa and Krishnamurthy Retail",Gandhidham,3.7
CUST10024,Wahab Raval,Jehanabad,Haryana,new,ORD100513,9949.95,Charger,Mobile Accessories,2026-01-21 10:30:10,fulfilled,yes,Cash,Wahab Raval,SELL1003,Tiwari PLC Retail,Kishanganj,3.8
CUST10359,Vivaan Nagar,Patiala,Jharkhand,new,ORD101371,13693.09,Power Bank,Mobile Accessories,2024-09-22 07:18:45,fulfilled,no,Cash,Vivaan Nagar,SELL1010,Boase Inc Retail,Patiala,3.8
CUST10313,David Devi,Kishanganj,Karnataka,active,ORD100435,15722.29,Gold Necklace,Jewelry,2025-05-07 03:07:07,fulfilled,yes,UPI,David Devi,SELL1016,Balay LLC Retail,Agartala,3.8
CUST10323,Odika Narayanan,Salem,Sikkim,active,ORD100873,11293.85,Face Cream,Beauty,2025-08-05 20:47:49,fulfilled,yes,Credit Card,Odika Narayanan,SELL1005,Ahuja-Dutta Retail,Mau,4.5
CUST10067,Tanish Bhatt,Vellore,Karnataka,active,ORD101462,14209.74,Bed Sheet,Home & Kitchen,2025-05-31 00:06:23,fulfilled,yes,Credit Card,Tanish Bhatt,SELL1008,"Lalla, Bassi and Sharaf Retail",Burhanpur,4.1
CUST10356,Amol Khosla,Jabalpur,Bihar,dormant,ORD100752,39829.95,Face Cream,Beauty,2024-12-09 04:33:54,fulfilled,yes,Cash,Amol Khosla,SELL1000,"Choudhury, Bakshi and Maharaj Retail",Rajahmundry,4.5
CUST10219,David Seshadri,Tiruvottiyur,Tamil Nadu,new,ORD100665,34878.6,Water Bottle,Home & Kitchen,2026-01-16 20:53:53,fulfilled,yes,Cash,David Seshadri,SELL1007,Rai Inc Retail,Hapur,3.6
CUST10288,Ojasvi Sule,Kurnool,Karnataka,new,ORD100158,12802.79,Flip Flops,Footwear,2026-01-03 04:22:43,fulfilled,no,Credit Card,Ojasvi Sule,SELL1003,Tiwari PLC Retail,Kurnool,3.8
CUST10310,Manbir Kibe,Chapra,Tamil Nadu,new,ORD101253,19305.83,Fiction Novel,Books,2026-05-19 02:53:37,fulfilled,yes,Credit Card,Manbir Kibe,SELL1008,"Lalla, Bassi and Sharaf Retail",Burhanpur,4.1
CUST10340,Kiaan Sridhar,Malda,Telangana,active,ORD101292,7863.01,Sandals,Footwear,2025-09-17 18:29:34,fulfilled,yes,Cash,Kiaan Sridhar,SELL1016,Balay LLC Retail,Malda,3.8
CUST10019,Tanay Rattan,Dehradun,Madhya Pradesh,new,ORD100575,6973.08,Headphones,Electronics,2026-01-20 16:36:56,fulfilled,no,Credit Card,Tanay Rattan,SELL1012,Patla-Gaba Retail,Raichur,3.5
CUST10343,David Tiwari,Chapra,Nagaland,dormant,ORD100352,30332.19,Screen Guard,Mobile Accessories,2025-10-07 02:53:10,fulfilled,yes,Cash,Nitesh Kohli,SELL1005,Ahuja-Dutta Retail,Mau,4.5
CUST10152,Theodore Gupta,Durgapur,Rajasthan,dormant,ORD100937,26500.96,Saree,Fashion,2024-10-22 10:11:05,fulfilled,no,Credit Card,Theodore Gupta,SELL1006,Dugal-Kale Retail,Kota,4.8
CUST10040,Warjas Gaba,Haridwar,Andhra Pradesh,new,ORD101295,21140.94,Saree,Fashion,2026-01-18 23:31:41,fulfilled,yes,Credit Card,Warjas Gaba,SELL1014,"Garg, Walla and Konda Retail",Haridwar,4.5
CUST10249,Frederick Viswanathan,Jabalpur,Mizoram,active,ORD101392,3563.33,Sandals,Footwear,2025-02-25 17:43:47,returned,no,Cash,Frederick Viswanathan,SELL1014,"Garg, Walla and Konda Retail",Surendranagar Dudhrej,4.5
CUST10010,Veer Bir,Bathinda,Assam,active,ORD101300,37612.01,Remote Car,Toys & Games,2025-08-17 09:44:22,fulfilled,no,Cash,Veer Bir,SELL1017,Kakar PLC Retail,Rajpur Sonarpur,4.4
CUST10302,Jasmit Dhawan,Madanapalle,Mizoram,active,ORD100591,24113.26,Building Blocks,Toys & Games,2024-09-22 07:24:21,fulfilled,no,Credit Card,Jasmit Dhawan,SELL1013,Loke Ltd Retail,Madanapalle,3.8
CUST10038,Janya Baral,Bhagalpur,Sikkim,new,ORD100664,16641.28,Sneakers,Footwear,2024-12-29 03:09:36,fulfilled,yes,Cash,Janya Baral,SELL1011,Kaul Inc Retail,Alwar,4.3
CUST10284,Onveer Nazareth,Bhopal,Assam,new,ORD100195,34989.82,Refrigerator,Home & Kitchen,2024-09-28 16:49:23,fulfilled,no,Cash,Onveer Nazareth,SELL1009,Memon Ltd Retail,Bhopal,3.5
CUST10205,Pushti Ravel,Ramagundam,Bihar,active,ORD101240,37447.22,Fiction Novel,Books,2025-12-30 09:13:47,fulfilled,no,Credit Card,Pushti Ravel,SELL1022,"Dutta, Sami and Bhatt Retail",Eluru,4.0
CUST10313,David Devi,Kishanganj,Karnataka,active,ORD101048,5357.55,Puzzle,Toys & Games,2025-08-11 23:31:48,fulfilled,no,Credit Card,David Devi,SELL1004,Saini and Sons Retail,Kishanganj,4.6
CUST10006,Noah Lanka,Rajpur Sonarpur,Nagaland,new,ORD100438,2227.59,Flip Flops,Footwear,2026-03-25 02:21:18,fulfilled,yes,Cash,Noah Lanka,SELL1005,Ahuja-Dutta Retail,Rajpur Sonarpur,4.5
CUST10219,David Seshadri,Tiruvottiyur,Tamil Nadu,new,ORD101435,37732.15,Building Blocks,Toys & Games,2025-11-26 10:17:49,fulfilled,yes,Cash,David Seshadri,SELL1016,Balay LLC Retail,Agartala,3.8
CUST10267,Mitesh Sengupta,Serampore,Manipur,new,ORD100643,26839.35,Cookbook,Books,2025-02-18 14:27:53,fulfilled,yes,UPI,Mitesh Sengupta,SELL1022,"Dutta, Sami and Bhatt Retail",Eluru,4.0
CUST10268,Laksh Wagle,Sikar,Karnataka,inactive,ORD100096,18970.34,Jacket,Fashion,2026-03-01 02:51:55,fulfilled,no,Credit Card,Laksh Wagle,SELL1000,"Choudhury, Bakshi and Maharaj Retail",Rajahmundry,4.5
CUST10215,Yashica Borah,Surendranagar Dudhrej,Manipur,dormant,ORD100584,12415.3,Biography,Books,2024-10-25 23:20:09,fulfilled,no,UPI,Yashica Borah,SELL1007,Rai Inc Retail,Surendranagar Dudhrej,3.6
CUST10086,Veda Shroff,Guntakal,Himachal Pradesh,new,ORD101214,29560.31,Refrigerator,Home & Kitchen,2025-03-26 13:10:47,fulfilled,yes,Credit Card,Veda Shroff,SELL1014,"Garg, Walla and Konda Retail",Surendranagar Dudhrej,4.5
CUST10104,Max Dixit,Guwahati,Haryana,active,ORD100156,664.54,Jacket,Fashion,2025-05-02 06:19:43,fulfilled,no,Cash,Max Dixit,SELL1004,Saini and Sons Retail,Giridih,4.6
CUST10112,Ekbal Bhasin,Aizawl,Punjab,new,ORD100419,33748.61,Yoga Mat,Sports,2025-03-19 13:19:53,fulfilled,yes,Cash,Ekbal Bhasin,SELL1013,Loke Ltd Retail,Narasaraopet,3.8
CUST10061,Jairaj Shan,Madhyamgram,Sikkim,new,ORD100410,43045.5,Phone Case,Mobile Accessories,2024-08-21 08:57:06,fulfilled,yes,Credit Card,Jairaj Shan,SELL1000,"Choudhury, Bakshi and Maharaj Retail",Rajahmundry,4.5
CUST10211,Aahana Hora,Madanapalle,Chhattisgarh,active,ORD101222,5718.66,Charger,Mobile Accessories,2025-03-04 17:59:51,fulfilled,no,Cash,Aahana Hora,SELL1019,Koshy Ltd Retail,Bhimavaram,3.5
CUST10295,Yashasvi Shankar,Thrissur,Odisha,active,ORD100477,20277.22,Jacket,Fashion,2026-02-20 06:57:18,processing,yes,Cash,Yashasvi Shankar,SELL1019,Koshy Ltd Retail,Thrissur,3.5
CUST10207,Gaurang Sarkar,Latur,Maharashtra,active,ORD100514,11418.96,Refrigerator,Home & Kitchen,2024-10-29 07:31:15,fulfilled,no,Cash,Gaurang Sarkar,SELL1023,"Sidhu, Wadhwa and Krishnamurthy Retail",Raipur,3.7
CUST10249,Frederick Viswanathan,Jabalpur,Mizoram,active,ORD101285,8256.33,Badminton Racket,Sports,2025-01-30 03:17:44,fulfilled,yes,Cash,Frederick Viswanathan,SELL1024,"Yadav, Loke and Oak Retail",Durg,4.9
CUST10210,Ikshita Panchal,Noida,Bihar,dormant,ORD101453,4984.01,Formal Shoes,Footwear,2025-03-08 11:59:59,fulfilled,yes,Cash,Ikshita Panchal,SELL1023,"Sidhu, Wadhwa and Krishnamurthy Retail",Noida,3.7
CUST10075,Suhani Narain,Nadiad,Himachal Pradesh,new,ORD101118,2518.84,Ring,Jewelry,2024-07-21 06:16:20,fulfilled,no,UPI,Suhani Narain,SELL1001,Chaudry Ltd Retail,Gudivada,3.5
CUST10001,Yashica Cherian,Guna,Punjab,active,ORD100447,33540.71,Tablet,Electronics,2025-06-07 18:17:10,fulfilled,yes,Credit Card,Yashica Cherian,SELL1016,Balay LLC Retail,Guna,3.8
CUST10248,Aarav Pandit,Aurangabad,Maharashtra,active,ORD100178,32421.06,Bluetooth Speaker,Electronics,2026-04-21 18:14:41,fulfilled,yes,Cash,Aarav Pandit,SELL1010,Boase Inc Retail,Ramagundam,3.8
CUST10263,Indali Sekhon,Nagercoil,Punjab,active,ORD100390,8061.34,Mixer Grinder,Home & Kitchen,2024-12-11 14:28:23,lost_parcel,no,Cash,Indali Sekhon,SELL1012,Patla-Gaba Retail,Raichur,3.5
CUST10378,Vritti Sharma,Nagercoil,Goa,new,ORD101289,28560.76,Silver Earrings,Jewelry,2024-05-31 10:19:45,returned,yes,Cash,Vritti Sharma,SELL1015,Madan-Kanda Retail,Pimpri-Chinchwad,4.3
CUST10288,Ojasvi Sule,Kurnool,Karnataka,new,ORD101307,40568.59,Charger,Mobile Accessories,2026-01-17 07:37:04,processing,no,UPI,Ojasvi Sule,SELL1013,Loke Ltd Retail,Narasaraopet,3.8
CUST10342,Sanya Wable,Solapur,Odisha,new,ORD101366,6224.07,Fiction Novel,Books,2025-03-08 06:02:34,returned,no,Cash,Sanya Wable,SELL1006,Dugal-Kale Retail,Solapur,4.8
CUST10327,Balhaar Ranganathan,Gaya,Telangana,new,ORD101047,44018.79,Water Bottle,Home & Kitchen,2024-11-08 05:58:47,returned,no,Cash,Balhaar Ranganathan,SELL1004,Saini and Sons Retail,Giridih,4.6
CUST10005,Vedika Biswas,Warangal,Sikkim,new,ORD101142,43854.35,Jeans,Fashion,2024-08-08 14:37:00,fulfilled,no,Credit Card,Vedika Biswas,SELL1021,"Tak, Chand and Batta Retail",Jamnagar,4.5
CUST10148,Zashil Shan,Davanagere,Madhya Pradesh,active,ORD100634,35735.23,Cookbook,Books,2026-02-12 14:07:42,processing,yes,UPI,Zashil Shan,SELL1017,Kakar PLC Retail,Rajpur Sonarpur,4.4
CUST10116,Ansh Luthra,Akola,Meghalaya,new,ORD100865,39869.3,Cookware Set,Home & Kitchen,2024-08-04 01:32:09,fulfilled,yes,UPI,Ansh Luthra,SELL1015,Madan-Kanda Retail,Akola,4.3
CUST10291,Amara Sengupta,Ajmer,Bihar,inactive,ORD100787,6922.15,Board Game,Toys & Games,2025-01-26 18:40:32,fulfilled,no,Credit Card,Amara Sengupta,SELL1003,Tiwari PLC Retail,Ajmer,3.8
CUST10094,Urvashi Wali,Khandwa,Telangana,active,ORD100744,17495.04,Cricket Bat,Sports,2024-09-26 01:54:46,fulfilled,no,UPI,Urvashi Wali,SELL1017,Kakar PLC Retail,Rajpur Sonarpur,4.4
CUST10297,Bhavika Yadav,Moradabad,Maharashtra,new,ORD100859,3070.56,Gold Necklace,Jewelry,2026-04-17 10:38:03,fulfilled,yes,UPI,Bhavika Yadav,SELL1009,Memon Ltd Retail,Gangtok,3.5
CUST10086,Veda Shroff,Guntakal,Himachal Pradesh,new,ORD100294,42476.84,Refrigerator,Home & Kitchen,2024-11-30 15:12:43,fulfilled,no,Credit Card,Veda Shroff,SELL1003,Tiwari PLC Retail,Guntakal,3.8
CUST10067,Tanish Bhatt,Vellore,Karnataka,active,ORD100544,37826.5,Mixer Grinder,Home & Kitchen,2026-05-19 02:25:17,processing,no,UPI,Tanish Bhatt,SELL1024,"Yadav, Loke and Oak Retail",Vellore,4.9
CUST10320,Hiral Sathe,Nangloi Jat,Gujarat,new,ORD101362,38104.69,Power Bank,Mobile Accessories,2025-06-02 02:50:47,fulfilled,yes,Cash,Hiral Sathe,SELL1023,"Sidhu, Wadhwa and Krishnamurthy Retail",Nangloi Jat,3.7
CUST10007,Devika Rastogi,Bahraich,Mizoram,new,ORD100088,12514.46,Exam Guide,Books,2025-01-21 02:16:15,fulfilled,no,Credit Card,Devika Rastogi,SELL1011,Kaul Inc Retail,Bahraich,4.3
CUST10242,Madhav Devan,Baranagar,Uttarakhand,new,ORD101031,764.26,Yoga Mat,Sports,2026-01-07 10:49:31,fulfilled,yes,Credit Card,Madhav Devan,SELL1023,"Sidhu, Wadhwa and Krishnamurthy Retail",Raipur,3.7
CUST10133,William Rajagopal,Bulandshahr,Arunachal Pradesh,active,ORD101379,36299.88,Bracelet,Jewelry,2026-03-14 01:08:48,fulfilled,no,Credit Card,William Rajagopal,SELL1000,"Choudhury, Bakshi and Maharaj Retail",Rajahmundry,4.5
CUST10070,Oni Yohannan,Morbi,Haryana,dormant,ORD100576,5522.07,Exam Guide,Books,2026-03-02 17:06:37,lost_parcel,no,UPI,Amol Dash,SELL1022,"Dutta, Sami and Bhatt Retail",Morbi,4.0
CUST10129,Rayaan Trivedi,Coimbatore,Himachal Pradesh,active,ORD100906,18149.98,Perfume,Beauty,2024-07-31 16:10:59,fulfilled,yes,Credit Card,Rayaan Trivedi,SELL1001,Chaudry Ltd Retail,Coimbatore,3.5
CUST10085,Tripti Dua,Belgaum,Telangana,active,ORD101387,16489.87,Hair Oil,Beauty,2026-02-27 18:47:26,fulfilled,no,Credit Card,Tripti Dua,SELL1008,"Lalla, Bassi and Sharaf Retail",Burhanpur,4.1
CUST10028,Ethan Yogi,Guna,Himachal Pradesh,new,ORD101091,1033.28,Board Game,Toys & Games,2025-01-11 05:09:41,processing,yes,Cash,Ethan Yogi,SELL1015,Madan-Kanda Retail,Pimpri-Chinchwad,4.3
CUST10095,Indira Setty,Farrukhabad,Himachal Pradesh,new,ORD100943,40631.52,Doll,Toys & Games,2024-08-01 06:27:26,lost_parcel,yes,Credit Card,Indira Setty,SELL1020,Rastogi-Pathak Retail,Durgapur,4.7
CUST10032,Anita Manda,Tiruvottiyur,Gujarat,active,ORD100290,23982.24,Perfume,Beauty,2026-05-02 01:31:34,fulfilled,yes,Credit Card,Anita Manda,SELL1015,Madan-Kanda Retail,Pimpri-Chinchwad,4.3
CUST10293,Falak Munshi,Kozhikode,Meghalaya,inactive,ORD101418,20696.78,Dress,Fashion,2025-08-09 07:30:53,fulfilled,yes,UPI,Timothy Kar,SELL1010,Boase Inc Retail,Ramagundam,3.8
CUST10031,Krish Lalla,Aligarh,Telangana,new,ORD101018,909.69,Power Bank,Mobile Accessories,2025-01-24 12:09:36,returned,no,UPI,Krish Lalla,SELL1010,Boase Inc Retail,Ramagundam,3.8
CUST10219,David Seshadri,Tiruvottiyur,Tamil Nadu,new,ORD100348,26841.23,Exam Guide,Books,2024-08-19 05:11:46,fulfilled,no,Credit Card,David Seshadri,SELL1021,"Tak, Chand and Batta Retail",Tiruvottiyur,4.5
CUST10165,Oeshi Chaudhary,Tadepalligudem,Maharashtra,dormant,ORD100567,38196.42,Biography,Books,2024-12-28 02:24:34,fulfilled,no,UPI,Oeshi Chaudhary,SELL1018,"Tata, Randhawa and Shanker Retail",Bilaspur,4.7
CUST10084,Advik Salvi,Aligarh,Maharashtra,dormant,ORD101412,3972.93,Dress,Fashion,2024-09-25 19:57:57,fulfilled,yes,Cash,Gautam Mane,SELL1012,Patla-Gaba Retail,Aligarh,3.5
CUST10259,Watika Tank,Kadapa,Himachal Pradesh,active,ORD101058,39456.03,Screen Guard,Mobile Accessories,2025-01-16 21:01:05,fulfilled,yes,Cash,Watika Tank,SELL1018,"Tata, Randhawa and Shanker Retail",Bilaspur,4.7
CUST10037,Kala Divan,Warangal,Arunachal Pradesh,dormant,ORD100599,12914.04,Laptop,Electronics,2026-04-23 19:54:34,fulfilled,no,UPI,Kala Divan,SELL1013,Loke Ltd Retail,Narasaraopet,3.8
CUST10175,Oviya Vora,Rajkot,Meghalaya,active,ORD100458,18356.26,Headphones,Electronics,2026-01-02 22:58:30,fulfilled,no,Credit Card,Oviya Vora,SELL1005,Ahuja-Dutta Retail,Mau,4.5
CUST10038,Janya Baral,Bhagalpur,Sikkim,new,ORD100375,31418.49,Laptop,Electronics,2025-11-19 10:53:01,fulfilled,no,Cash,Janya Baral,SELL1003,Tiwari PLC Retail,Kishanganj,3.8
CUST10027,Tanvi Mutti,Bangalore,Manipur,inactive,ORD100333,25169.04,Screen Guard,Mobile Accessories,2025-06-30 14:08:09,fulfilled,no,Credit Card,Tanvi Mutti,SELL1008,"Lalla, Bassi and Sharaf Retail",Burhanpur,4.1
CUST10233,Sachi Mane,Muzaffarpur,Nagaland,new,ORD100756,44785.77,Self Help Book,Books,2024-08-21 12:35:17,fulfilled,no,Credit Card,Sachi Mane,SELL1013,Loke Ltd Retail,Muzaffarpur,3.8
CUST10170,Yagnesh Dass,Coimbatore,Uttarakhand,active,ORD101323,21074.38,Smartphone,Electronics,2025-05-24 06:04:46,lost_parcel,no,Credit Card,Yagnesh Dass,SELL1015,Madan-Kanda Retail,Pimpri-Chinchwad,4.3
CUST10281,Ekantika Kar,Kadapa,Jharkhand,new,ORD100711,40191.41,Mixer Grinder,Home & Kitchen,2025-06-15 00:04:51,fulfilled,no,UPI,Ekantika Kar,SELL1011,Kaul Inc Retail,Alwar,4.3
CUST10362,Eiravati Saha,Jalgaon,Jharkhand,new,ORD101389,39326.59,Dumbbells,Sports,2025-05-11 08:40:16,fulfilled,yes,UPI,Eiravati Saha,SELL1015,Madan-Kanda Retail,Jalgaon,4.3
CUST10206,Ansh Nair,Tadipatri,Manipur,inactive,ORD100566,31403.27,Sneakers,Footwear,2026-02-24 05:17:44,fulfilled,no,Cash,Ansh Nair,SELL1003,Tiwari PLC Retail,Kishanganj,3.8
CUST10220,Yamini Gera,Shahjahanpur,Tamil Nadu,inactive,ORD100328,7054.69,T-Shirt,Fashion,2026-02-26 12:44:14,returned,yes,Cash,Ijaya Muni,SELL1021,"Tak, Chand and Batta Retail",Shahjahanpur,4.5
CUST10002,Michael Prakash,Panvel,Tripura,active,ORD100318,9672.1,Kurta,Fashion,2025-03-08 09:56:44,fulfilled,no,Cash,Michael Prakash,SELL1008,"Lalla, Bassi and Sharaf Retail",Burhanpur,4.1
CUST10095,Indira Setty,Farrukhabad,Himachal Pradesh,new,ORD101302,21205.13,Smartphone,Electronics,2026-05-21 16:11:48,fulfilled,no,Credit Card,Indira Setty,SELL1016,Balay LLC Retail,Agartala,3.8
CUST10280,Jeet Vasa,Avadi,Goa,active,ORD100952,35789.82,Badminton Racket,Sports,2024-06-30 03:48:23,lost_parcel,no,Cash,Jeet Vasa,SELL1015,Madan-Kanda Retail,Pimpri-Chinchwad,4.3
CUST10186,Gopal Pradhan,Miryalaguda,Arunachal Pradesh,active,ORD100012,33781.13,Headphones,Electronics,2024-11-07 17:04:53,fulfilled,yes,Cash,Gopal Pradhan,SELL1007,Rai Inc Retail,Hapur,3.6
CUST10350,Pranit Deshmukh,Dindigul,Madhya Pradesh,dormant,ORD100171,31418.55,Mixer Grinder,Home & Kitchen,2025-08-28 11:19:53,fulfilled,yes,Credit Card,Lekha Arora,SELL1019,Koshy Ltd Retail,Bhimavaram,3.5
CUST10124,Raksha Sundaram,Bhopal,Rajasthan,active,ORD100260,409.55,Dress,Fashion,2024-12-04 02:10:45,fulfilled,yes,Cash,Raksha Sundaram,SELL1014,"Garg, Walla and Konda Retail",Surendranagar Dudhrej,4.5
CUST10276,Unni Dayal,Amritsar,Jharkhand,new,ORD100819,18935.85,Cookware Set,Home & Kitchen,2026-01-14 11:24:50,fulfilled,yes,Cash,Unni Dayal,SELL1016,Balay LLC Retail,Amritsar,3.8
CUST10325,Bhavna Nagi,Allahabad,Tripura,new,ORD101494,34369.04,Tablet,Electronics,2025-11-05 21:44:53,returned,no,Cash,Bhavna Nagi,SELL1017,Kakar PLC Retail,Allahabad,4.4
CUST10354,Ladli Karpe,Jaunpur,Kerala,inactive,ORD100796,22369.0,Lipstick,Beauty,2025-10-26 19:33:08,fulfilled,yes,Credit Card,Praneel Kapoor,SELL1017,Kakar PLC Retail,Jaunpur,4.4
CUST10198,Hemani Sani,Anantapuram,Sikkim,active,ORD100138,17597.72,Charger,Mobile Accessories,2025-04-22 06:04:50,fulfilled,no,Cash,Hemani Sani,SELL1008,"Lalla, Bassi and Sharaf Retail",Burhanpur,4.1
CUST10066,Lakshit Dora,Yamunanagar,Tamil Nadu,active,ORD100549,42975.0,Ring,Jewelry,2025-01-31 00:57:56,lost_parcel,no,UPI,Lakshit Dora,SELL1022,"Dutta, Sami and Bhatt Retail",Yamunanagar,4.0
CUST10284,Onveer Nazareth,Bhopal,Assam,new,ORD100615,5484.06,Bed Sheet,Home & Kitchen,2024-09-01 21:33:17,returned,yes,UPI,Onveer Nazareth,SELL1012,Patla-Gaba Retail,Raichur,3.5
CUST10338,Udyati Mohanty,Machilipatnam,Sikkim,active,ORD100845,36777.55,Gold Necklace,Jewelry,2024-10-28 04:57:06,returned,no,UPI,Udyati Mohanty,SELL1011,Kaul Inc Retail,Alwar,4.3
CUST10349,Darpan Biswas,Patna,Jharkhand,new,ORD100777,23868.89,Charger,Mobile Accessories,2025-02-28 12:51:54,lost_parcel,no,Credit Card,Darpan Biswas,SELL1009,Memon Ltd Retail,Gangtok,3.5
CUST10221,Reva Viswanathan,Bharatpur,Kerala,new,ORD100558,29780.67,Cookware Set,Home & Kitchen,2025-05-12 21:57:53,fulfilled,no,Cash,Reva Viswanathan,SELL1004,Saini and Sons Retail,Bharatpur,4.6
CUST10263,Indali Sekhon,Nagercoil,Punjab,active,ORD100139,44938.71,Face Cream,Beauty,2024-10-13 02:15:20,fulfilled,no,UPI,Indali Sekhon,SELL1004,Saini and Sons Retail,Giridih,4.6
CUST10044,Mohini Narasimhan,Coimbatore,Tripura,new,ORD101309,15191.01,Smartphone,Electronics,2026-01-22 03:12:41,returned,no,Credit Card,Mohini Narasimhan,SELL1009,Memon Ltd Retail,Gangtok,3.5
CUST10020,Madhavi Lanka,Baranagar,Maharashtra,active,ORD101023,19028.91,Charger,Mobile Accessories,2026-02-10 12:11:47,processing,no,Cash,Madhavi Lanka,SELL1005,Ahuja-Dutta Retail,Mau,4.5
CUST10032,Anita Manda,Tiruvottiyur,Gujarat,active,ORD100224,4201.27,Doll,Toys & Games,2026-02-20 11:39:39,fulfilled,yes,UPI,Anita Manda,SELL1017,Kakar PLC Retail,Rajpur Sonarpur,4.4
CUST10049,Aarav Venkatesh,Bharatpur,Maharashtra,new,ORD100963,30040.84,Tablet,Electronics,2025-11-03 11:51:47,fulfilled,no,Cash,Aarav Venkatesh,SELL1010,Boase Inc Retail,Bharatpur,3.8
CUST10202,Qushi Gill,Nadiad,Nagaland,dormant,ORD100409,23039.99,Gold Necklace,Jewelry,2025-01-07 20:37:29,fulfilled,yes,Credit Card,Krish Munshi,SELL1009,Memon Ltd Retail,Gangtok,3.5
CUST10107,Sarthak Kakar,Jodhpur,Goa,active,ORD100325,29891.97,Running Shoes,Footwear,2025-05-31 19:21:24,fulfilled,no,Credit Card,Sarthak Kakar,SELL1006,Dugal-Kale Retail,Jodhpur,4.8
CUST10138,Hamsini Rao,Ozhukarai,West Bengal,new,ORD100299,28473.93,Saree,Fashion,2025-10-06 08:48:09,fulfilled,yes,Credit Card,Hamsini Rao,SELL1018,"Tata, Randhawa and Shanker Retail",Ozhukarai,4.7
CUST10375,Madhav Babu,Begusarai,Odisha,new,ORD100993,35991.36,Screen Guard,Mobile Accessories,2026-01-31 00:41:53,processing,yes,Cash,Madhav Babu,SELL1008,"Lalla, Bassi and Sharaf Retail",Burhanpur,4.1
CUST10211,Aahana Hora,Madanapalle,Chhattisgarh,active,ORD101032,44050.66,Sneakers,Footwear,2025-08-18 10:11:37,processing,no,UPI,Aahana Hora,SELL1023,"Sidhu, Wadhwa and Krishnamurthy Retail",Raipur,3.7
CUST10205,Pushti Ravel,Ramagundam,Bihar,active,ORD100670,28338.87,Cookbook,Books,2025-10-15 05:25:01,fulfilled,no,Credit Card,Pushti Ravel,SELL1021,"Tak, Chand and Batta Retail",Jamnagar,4.5
CUST10013,Raagini Pandya,Bulandshahr,Manipur,new,ORD101479,17351.93,Kurta,Fashion,2026-04-26 05:54:29,returned,no,Cash,Raagini Pandya,SELL1000,"Choudhury, Bakshi and Maharaj Retail",Rajahmundry,4.5
CUST10078,Yug Iyengar,Jamnagar,Haryana,new,ORD100946,35692.65,Building Blocks,Toys & Games,2026-02-25 00:10:15,processing,no,UPI,Yug Iyengar,SELL1016,Balay LLC Retail,Agartala,3.8
CUST10268,Laksh Wagle,Sikar,Karnataka,inactive,ORD101269,23294.59,T-Shirt,Fashion,2026-02-08 18:39:05,fulfilled,yes,UPI,Jonathan Basak,SELL1013,Loke Ltd Retail,Narasaraopet,3.8
CUST10243,Liam Singh,Tadepalligudem,Andhra Pradesh,active,ORD100573,40174.9,Screen Guard,Mobile Accessories,2024-08-07 04:03:32,processing,yes,UPI,Liam Singh,SELL1014,"Garg, Walla and Konda Retail",Surendranagar Dudhrej,4.5
CUST10309,Charan Srinivasan,Loni,Rajasthan,new,ORD100503,19910.17,Face Cream,Beauty,2026-01-14 06:40:23,fulfilled,yes,Cash,Charan Srinivasan,SELL1022,"Dutta, Sami and Bhatt Retail",Eluru,4.0
CUST10031,Krish Lalla,Aligarh,Telangana,new,ORD101037,23846.53,Tablet,Electronics,2025-10-14 00:41:30,fulfilled,yes,Credit Card,Krish Lalla,SELL1003,Tiwari PLC Retail,Kishanganj,3.8
CUST10359,Vivaan Nagar,Patiala,Jharkhand,new,ORD100003,40146.63,Flip Flops,Footwear,2026-02-16 04:24:01,fulfilled,yes,Cash,Vivaan Nagar,SELL1013,Loke Ltd Retail,Narasaraopet,3.8
CUST10351,Krishna Prashad,Panvel,Chhattisgarh,new,ORD101468,40003.93,Kurta,Fashion,2026-03-21 23:13:07,fulfilled,yes,Cash,Krishna Prashad,SELL1009,Memon Ltd Retail,Panvel,3.5
CUST10152,Theodore Gupta,Durgapur,Rajasthan,dormant,ORD100467,33832.32,Mixer Grinder,Home & Kitchen,2026-01-18 05:54:12,fulfilled,no,UPI,Theodore Gupta,SELL1016,Balay LLC Retail,Agartala,3.8
CUST10097,Rehaan Kalita,Bally,Telangana,active,ORD100321,4980.31,Yoga Mat,Sports,2026-01-11 17:21:14,fulfilled,yes,Credit Card,Rehaan Kalita,SELL1012,Patla-Gaba Retail,Bally,3.5
CUST10100,Brinda Date,Kota,West Bengal,new,ORD100005,3762.58,Self Help Book,Books,2024-06-28 12:13:30,fulfilled,yes,Cash,Brinda Date,SELL1008,"Lalla, Bassi and Sharaf Retail",Kota,4.1
CUST10249,Frederick Viswanathan,Jabalpur,Mizoram,active,ORD100973,17078.49,Jacket,Fashion,2026-04-08 00:03:52,fulfilled,no,Cash,Frederick Viswanathan,SELL1020,Rastogi-Pathak Retail,Durgapur,4.7
CUST10046,Jack Lal,Amaravati,Himachal Pradesh,new,ORD100547,38122.23,Bracelet,Jewelry,2025-05-09 23:59:33,fulfilled,yes,UPI,Jack Lal,SELL1005,Ahuja-Dutta Retail,Mau,4.5
CUST10280,Jeet Vasa,Avadi,Goa,active,ORD101476,24182.39,Headphones,Electronics,2025-12-03 01:32:41,fulfilled,no,Cash,Jeet Vasa,SELL1012,Patla-Gaba Retail,Avadi,3.5
CUST10244,Anirudh Kunda,Jalgaon,Nagaland,new,ORD100039,22279.64,Jacket,Fashion,2024-12-03 21:16:03,fulfilled,yes,UPI,Anirudh Kunda,SELL1011,Kaul Inc Retail,Alwar,4.3
CUST10227,Pallavi Trivedi,Surat,Kerala,active,ORD100542,30876.66,Lipstick,Beauty,2024-12-23 22:21:14,lost_parcel,no,Cash,Pallavi Trivedi,SELL1009,Memon Ltd Retail,Gangtok,3.5
CUST10362,Eiravati Saha,Jalgaon,Jharkhand,new,ORD100242,10663.17,Remote Car,Toys & Games,2025-11-02 07:53:45,fulfilled,yes,UPI,Eiravati Saha,SELL1005,Ahuja-Dutta Retail,Mau,4.5
CUST10135,Jonathan Thakkar,Salem,West Bengal,new,ORD100136,42741.13,Tablet,Electronics,2025-07-25 09:13:18,fulfilled,yes,UPI,Jonathan Thakkar,SELL1004,Saini and Sons Retail,Giridih,4.6
CUST10251,Amol Parikh,Hapur,Haryana,new,ORD100602,43881.36,Mixer Grinder,Home & Kitchen,2024-07-01 01:14:10,lost_parcel,no,UPI,Amol Parikh,SELL1004,Saini and Sons Retail,Giridih,4.6
CUST10029,Ikshita Biswas,Uluberia,Jharkhand,new,ORD100772,11705.08,Perfume,Beauty,2026-03-23 02:00:16,fulfilled,no,Credit Card,Ikshita Biswas,SELL1002,Balay-Balan Retail,Uluberia,3.9
CUST10147,Ethan Sathe,Dharmavaram,Jharkhand,active,ORD100846,37809.66,Smartphone,Electronics,2025-07-07 08:18:33,fulfilled,yes,Credit Card,Ethan Sathe,SELL1014,"Garg, Walla and Konda Retail",Surendranagar Dudhrej,4.5
CUST10104,Max Dixit,Guwahati,Haryana,active,ORD101090,29784.03,Puzzle,Toys & Games,2025-02-07 05:48:16,processing,yes,Credit Card,Max Dixit,SELL1022,"Dutta, Sami and Bhatt Retail",Eluru,4.0
CUST10262,Damini Sehgal,Rourkela,Tamil Nadu,new,ORD101365,20685.61,Tablet,Electronics,2026-03-26 09:25:31,returned,yes,Credit Card,Damini Sehgal,SELL1008,"Lalla, Bassi and Sharaf Retail",Burhanpur,4.1
CUST10125,Nathan Mukhopadhyay,Suryapet,Maharashtra,new,ORD100581,40046.5,Saree,Fashion,2025-05-11 09:57:58,fulfilled,no,UPI,Nathan Mukhopadhyay,SELL1024,"Yadav, Loke and Oak Retail",Durg,4.9
CUST10032,Anita Manda,Tiruvottiyur,Gujarat,active,ORD101474,25387.57,Running Shoes,Footwear,2025-11-01 14:03:30,returned,yes,UPI,Anita Manda,SELL1009,Memon Ltd Retail,Gangtok,3.5
CUST10186,Gopal Pradhan,Miryalaguda,Arunachal Pradesh,active,ORD100788,38732.76,Formal Shoes,Footwear,2024-11-30 15:48:45,fulfilled,yes,UPI,Gopal Pradhan,SELL1006,Dugal-Kale Retail,Miryalaguda,4.8
CUST10165,Oeshi Chaudhary,Tadepalligudem,Maharashtra,dormant,ORD101388,36330.9,Tablet,Electronics,2024-10-24 17:40:10,fulfilled,yes,Cash,Zaid Bali,SELL1001,Chaudry Ltd Retail,Gudivada,3.5
CUST10067,Tanish Bhatt,Vellore,Karnataka,active,ORD100376,17274.24,Dumbbells,Sports,2026-02-08 23:40:02,processing,yes,Cash,Tanish Bhatt,SELL1000,"Choudhury, Bakshi and Maharaj Retail",Rajahmundry,4.5
CUST10249,Frederick Viswanathan,Jabalpur,Mizoram,active,ORD100314,8086.03,Phone Case,Mobile Accessories,2025-11-06 22:50:42,returned,no,Cash,Frederick Viswanathan,SELL1011,Kaul Inc Retail,Jabalpur,4.3
CUST10044,Mohini Narasimhan,Coimbatore,Tripura,new,ORD100442,1039.37,Phone Case,Mobile Accessories,2024-09-04 21:02:34,fulfilled,yes,Credit Card,Mohini Narasimhan,SELL1021,"Tak, Chand and Batta Retail",Jamnagar,4.5
CUST10170,Yagnesh Dass,Coimbatore,Uttarakhand,active,ORD100319,19057.92,Bed Sheet,Home & Kitchen,2025-03-21 15:07:14,fulfilled,yes,UPI,Yagnesh Dass,SELL1015,Madan-Kanda Retail,Pimpri-Chinchwad,4.3
CUST10176,Janaki Varghese,Bidhannagar,Mizoram,inactive,ORD101478,8600.22,Hair Oil,Beauty,2025-10-12 21:24:12,fulfilled,yes,UPI,Chakrika Lad,SELL1002,Balay-Balan Retail,Bellary,3.9
CUST10185,Urvi Bhavsar,Guwahati,Assam,dormant,ORD100793,19882.99,Power Bank,Mobile Accessories,2024-12-18 12:27:58,returned,no,UPI,Urvi Bhavsar,SELL1018,"Tata, Randhawa and Shanker Retail",Bilaspur,4.7
CUST10147,Ethan Sathe,Dharmavaram,Jharkhand,active,ORD101132,20523.16,Flip Flops,Footwear,2024-12-07 04:18:07,fulfilled,no,Credit Card,Ethan Sathe,SELL1006,Dugal-Kale Retail,Kota,4.8
CUST10001,Yashica Cherian,Guna,Punjab,active,ORD100424,11303.27,Perfume,Beauty,2025-03-15 20:43:24,fulfilled,no,Credit Card,Yashica Cherian,SELL1008,"Lalla, Bassi and Sharaf Retail",Burhanpur,4.1
CUST10180,Dominic Date,Bhimavaram,Nagaland,dormant,ORD100553,19183.48,Sneakers,Footwear,2026-01-13 02:46:44,fulfilled,yes,Credit Card,Dominic Date,SELL1022,"Dutta, Sami and Bhatt Retail",Eluru,4.0
CUST10316,Chanchal Kar,Tumkur,Tamil Nadu,new,ORD100594,8174.15,Board Game,Toys & Games,2026-04-02 16:46:02,returned,no,Cash,Chanchal Kar,SELL1019,Koshy Ltd Retail,Tumkur,3.5
CUST10373,Unnati Chaudhari,Imphal,Gujarat,active,ORD100893,9427.15,Board Game,Toys & Games,2024-10-30 02:28:16,fulfilled,no,UPI,Unnati Chaudhari,SELL1017,Kakar PLC Retail,Rajpur Sonarpur,4.4
CUST10334,Nandini Chandran,Kolhapur,Meghalaya,active,ORD101481,19200.4,Sandals,Footwear,2025-04-01 02:07:17,returned,no,Cash,Nandini Chandran,SELL1006,Dugal-Kale Retail,Kota,4.8
CUST10223,Dominic Narayan,Proddatur,Sikkim,inactive,ORD101217,37362.29,Board Game,Toys & Games,2026-04-16 21:34:36,fulfilled,no,UPI,Gavin Ram,SELL1020,Rastogi-Pathak Retail,Durgapur,4.7
CUST10328,Baljiwan Andra,Tezpur,Punjab,active,ORD101164,5727.61,Flip Flops,Footwear,2025-02-08 07:42:24,fulfilled,yes,Cash,Baljiwan Andra,SELL1023,"Sidhu, Wadhwa and Krishnamurthy Retail",Raipur,3.7
CUST10196,Chandran Bumb,Mango,Sikkim,inactive,ORD100227,3127.1,Puzzle,Toys & Games,2025-09-02 08:31:27,processing,no,Credit Card,Varenya Murthy,SELL1013,Loke Ltd Retail,Mango,3.8
CUST10195,Devika Nair,Faridabad,Chhattisgarh,new,ORD100714,10616.96,Mixer Grinder,Home & Kitchen,2025-04-15 19:51:57,fulfilled,yes,Credit Card,Devika Nair,SELL1003,Tiwari PLC Retail,Kishanganj,3.8
CUST10295,Yashasvi Shankar,Thrissur,Odisha,active,ORD100810,39679.45,T-Shirt,Fashion,2025-01-12 21:07:53,fulfilled,yes,Cash,Yashasvi Shankar,SELL1017,Kakar PLC Retail,Thrissur,4.4
CUST10249,Frederick Viswanathan,Jabalpur,Mizoram,active,ORD100979,4224.68,Fiction Novel,Books,2024-11-28 17:36:42,fulfilled,yes,Cash,Frederick Viswanathan,SELL1002,Balay-Balan Retail,Bellary,3.9
CUST10265,Azaan Dhar,Visakhapatnam,Chhattisgarh,new,ORD101075,25367.34,Mixer Grinder,Home & Kitchen,2026-02-04 02:07:37,fulfilled,yes,Cash,Azaan Dhar,SELL1009,Memon Ltd Retail,Gangtok,3.5
CUST10366,Samar Narayanan,Hospet,West Bengal,new,ORD100066,36264.87,Cricket Bat,Sports,2026-03-09 09:56:27,fulfilled,no,Cash,Samar Narayanan,SELL1012,Patla-Gaba Retail,Hospet,3.5
CUST10076,Zayyan Bumb,Surat,Telangana,active,ORD100393,28199.92,Exam Guide,Books,2025-06-06 00:29:38,fulfilled,yes,Cash,Zayyan Bumb,SELL1021,"Tak, Chand and Batta Retail",Surat,4.5
CUST10295,Yashasvi Shankar,Thrissur,Odisha,active,ORD100579,6704.43,Saree,Fashion,2024-09-21 12:52:39,returned,no,Credit Card,Yashasvi Shankar,SELL1021,"Tak, Chand and Batta Retail",Jamnagar,4.5
CUST10298,Aishani Pau,Ambarnath,Arunachal Pradesh,dormant,ORD100989,5819.73,Screen Guard,Mobile Accessories,2024-12-25 03:15:13,fulfilled,no,UPI,Laksh Saini,SELL1018,"Tata, Randhawa and Shanker Retail",Bilaspur,4.7
CUST10252,Gaurangi Deol,Nagercoil,Nagaland,new,ORD100211,1002.23,Phone Case,Mobile Accessories,2024-05-27 02:00:15,returned,no,Cash,Gaurangi Deol,SELL1013,Loke Ltd Retail,Nagercoil,3.8
CUST10297,Bhavika Yadav,Moradabad,Maharashtra,new,ORD101159,37573.03,Jeans,Fashion,2025-02-11 07:37:05,fulfilled,no,UPI,Bhavika Yadav,SELL1016,Balay LLC Retail,Agartala,3.8
CUST10322,Xavier Bedi,Muzaffarpur,Arunachal Pradesh,new,ORD100781,2322.11,Puzzle,Toys & Games,2026-05-01 17:04:14,returned,no,UPI,Xavier Bedi,SELL1010,Boase Inc Retail,Ramagundam,3.8
CUST10253,Parth Shetty,South Dumdum,Uttar Pradesh,inactive,ORD100536,41105.15,Cricket Bat,Sports,2025-11-25 09:12:45,processing,yes,Cash,Yug Ramaswamy,SELL1000,"Choudhury, Bakshi and Maharaj Retail",South Dumdum,4.5
CUST10342,Sanya Wable,Solapur,Odisha,new,ORD100774,27276.66,Cricket Bat,Sports,2024-11-27 18:37:15,fulfilled,no,UPI,Sanya Wable,SELL1011,Kaul Inc Retail,Alwar,4.3
CUST10372,Jagrati Morar,Karimnagar,Mizoram,inactive,ORD100661,21029.56,Bed Sheet,Home & Kitchen,2025-08-30 20:48:31,fulfilled,yes,UPI,Jagrati Morar,SELL1005,Ahuja-Dutta Retail,Mau,4.5
CUST10329,Gautami Mane,Tinsukia,Mizoram,active,ORD100085,32531.13,Biography,Books,2024-10-08 03:15:41,fulfilled,yes,Cash,Gautami Mane,SELL1009,Memon Ltd Retail,Gangtok,3.5
CUST10001,Yashica Cherian,Guna,Punjab,active,ORD101349,1743.85,Building Blocks,Toys & Games,2026-01-13 00:49:59,returned,no,Credit Card,Yashica Cherian,SELL1015,Madan-Kanda Retail,Pimpri-Chinchwad,4.3
CUST10233,Sachi Mane,Muzaffarpur,Nagaland,new,ORD101216,15932.27,Saree,Fashion,2025-06-05 17:16:36,fulfilled,no,Credit Card,Sachi Mane,SELL1014,"Garg, Walla and Konda Retail",Muzaffarpur,4.5
CUST10086,Veda Shroff,Guntakal,Himachal Pradesh,new,ORD100915,5032.18,Yoga Mat,Sports,2024-12-09 21:42:42,fulfilled,yes,UPI,Veda Shroff,SELL1000,"Choudhury, Bakshi and Maharaj Retail",Rajahmundry,4.5
CUST10088,Ladli Nayar,Shimla,West Bengal,active,ORD100660,44953.14,Smart Watch,Electronics,2025-08-31 15:17:09,fulfilled,yes,Cash,Ladli Nayar,SELL1021,"Tak, Chand and Batta Retail",Shimla,4.5
CUST10334,Nandini Chandran,Kolhapur,Meghalaya,active,ORD101350,24318.7,Flip Flops,Footwear,2026-02-22 06:18:50,returned,yes,UPI,Nandini Chandran,SELL1022,"Dutta, Sami and Bhatt Retail",Kolhapur,4.0
CUST10041,Gaurangi Sabharwal,Shimoga,Goa,active,ORD100630,24227.63,Football,Sports,2025-01-09 06:22:30,fulfilled,yes,Credit Card,Gaurangi Sabharwal,SELL1021,"Tak, Chand and Batta Retail",Shimoga,4.5
CUST10329,Gautami Mane,Tinsukia,Mizoram,active,ORD101033,28653.09,Power Bank,Mobile Accessories,2024-11-18 14:51:06,fulfilled,no,UPI,Gautami Mane,SELL1014,"Garg, Walla and Konda Retail",Tinsukia,4.5
CUST10173,Imaran Bal,Kanpur,Kerala,active,ORD101399,18142.66,Perfume,Beauty,2025-06-18 04:05:22,processing,yes,Credit Card,Imaran Bal,SELL1018,"Tata, Randhawa and Shanker Retail",Bilaspur,4.7
CUST10244,Anirudh Kunda,Jalgaon,Nagaland,new,ORD101092,22799.76,Bluetooth Speaker,Electronics,2025-01-27 09:36:39,fulfilled,no,Credit Card,Anirudh Kunda,SELL1009,Memon Ltd Retail,Gangtok,3.5
CUST10089,Qabil Sura,Raichur,Uttar Pradesh,new,ORD100273,28821.92,Saree,Fashion,2025-07-10 21:10:54,fulfilled,no,UPI,Qabil Sura,SELL1000,"Choudhury, Bakshi and Maharaj Retail",Rajahmundry,4.5
CUST10166,Bachittar Prabhakar,Raiganj,Manipur,inactive,ORD100722,44639.96,Puzzle,Toys & Games,2024-10-26 15:43:37,fulfilled,yes,Credit Card,Eta Raman,SELL1001,Chaudry Ltd Retail,Gudivada,3.5
CUST10109,Upma Manne,Ahmednagar,Jharkhand,inactive,ORD100362,13299.29,Phone Case,Mobile Accessories,2026-01-31 11:05:49,fulfilled,no,Cash,Upma Manne,SELL1016,Balay LLC Retail,Ahmednagar,3.8
CUST10359,Vivaan Nagar,Patiala,Jharkhand,new,ORD100622,28821.94,T-Shirt,Fashion,2024-07-30 05:06:12,returned,yes,Cash,Vivaan Nagar,SELL1019,Koshy Ltd Retail,Patiala,3.5
CUST10296,Chanakya Bedi,Shimla,Punjab,inactive,ORD100002,10081.42,Earphones,Mobile Accessories,2024-07-18 13:28:14,returned,no,Credit Card,Chanakya Bedi,SELL1001,Chaudry Ltd Retail,Gudivada,3.5
CUST10086,Veda Shroff,Guntakal,Himachal Pradesh,new,ORD100006,31319.25,Face Cream,Beauty,2026-01-05 12:09:36,fulfilled,yes,Cash,Veda Shroff,SELL1013,Loke Ltd Retail,Narasaraopet,3.8
CUST10000,Nakul Setty,Firozabad,Mizoram,new,ORD100311,41329.88,Lipstick,Beauty,2025-06-28 18:56:33,fulfilled,yes,UPI,Nakul Setty,SELL1010,Boase Inc Retail,Ramagundam,3.8
CUST10204,Rajata Bahl,Solapur,West Bengal,active,ORD101167,11349.36,Jacket,Fashion,2026-04-15 14:47:38,fulfilled,yes,UPI,Rajata Bahl,SELL1000,"Choudhury, Bakshi and Maharaj Retail",Rajahmundry,4.5
CUST10198,Hemani Sani,Anantapuram,Sikkim,active,ORD100938,24133.63,Building Blocks,Toys & Games,2026-04-22 19:35:51,lost_parcel,yes,Cash,Hemani Sani,SELL1009,Memon Ltd Retail,Gangtok,3.5
CUST10280,Jeet Vasa,Avadi,Goa,active,ORD101477,23721.63,Refrigerator,Home & Kitchen,2024-06-10 14:22:19,lost_parcel,yes,Credit Card,Jeet Vasa,SELL1011,Kaul Inc Retail,Alwar,4.3
CUST10216,Dakshesh Pillay,Solapur,Rajasthan,new,ORD100215,2807.39,Bluetooth Speaker,Electronics,2025-09-15 13:04:18,fulfilled,no,UPI,Dakshesh Pillay,SELL1005,Ahuja-Dutta Retail,Solapur,4.5
CUST10250,Madhavi Singhal,Munger,Kerala,inactive,ORD101320,30257.38,Board Game,Toys & Games,2025-06-02 23:48:28,fulfilled,no,Cash,Madhavi Singhal,SELL1009,Memon Ltd Retail,Gangtok,3.5
CUST10066,Lakshit Dora,Yamunanagar,Tamil Nadu,active,ORD100027,931.45,Power Bank,Mobile Accessories,2025-12-03 18:29:58,fulfilled,yes,Credit Card,Lakshit Dora,SELL1008,"Lalla, Bassi and Sharaf Retail",Yamunanagar,4.1
CUST10147,Ethan Sathe,Dharmavaram,Jharkhand,active,ORD101465,1535.14,Flip Flops,Footwear,2024-12-22 13:52:21,fulfilled,no,Credit Card,Ethan Sathe,SELL1011,Kaul Inc Retail,Alwar,4.3
CUST10013,Raagini Pandya,Bulandshahr,Manipur,new,ORD101024,25607.58,Perfume,Beauty,2026-01-16 12:51:24,processing,yes,Cash,Raagini Pandya,SELL1015,Madan-Kanda Retail,Pimpri-Chinchwad,4.3
CUST10028,Ethan Yogi,Guna,Himachal Pradesh,new,ORD100785,6338.73,Face Cream,Beauty,2025-04-12 13:27:42,returned,yes,Credit Card,Ethan Yogi,SELL1000,"Choudhury, Bakshi and Maharaj Retail",Rajahmundry,4.5
CUST10342,Sanya Wable,Solapur,Odisha,new,ORD100638,36986.86,Jacket,Fashion,2025-10-02 03:41:51,fulfilled,yes,Cash,Sanya Wable,SELL1019,Koshy Ltd Retail,Solapur,3.5
CUST10041,Gaurangi Sabharwal,Shimoga,Goa,active,ORD100829,42147.26,Mixer Grinder,Home & Kitchen,2026-05-16 01:00:04,returned,no,Credit Card,Gaurangi Sabharwal,SELL1008,"Lalla, Bassi and Sharaf Retail",Burhanpur,4.1
CUST10148,Zashil Shan,Davanagere,Madhya Pradesh,active,ORD100826,40540.83,Dumbbells,Sports,2024-11-28 05:20:51,returned,yes,UPI,Zashil Shan,SELL1001,Chaudry Ltd Retail,Gudivada,3.5
CUST10291,Amara Sengupta,Ajmer,Bihar,inactive,ORD100624,31241.99,Football,Sports,2026-02-06 19:58:32,fulfilled,no,UPI,Amara Sengupta,SELL1005,Ahuja-Dutta Retail,Mau,4.5
CUST10001,Yashica Cherian,Guna,Punjab,active,ORD100849,44296.56,Board Game,Toys & Games,2025-06-07 23:56:03,fulfilled,yes,UPI,Yashica Cherian,SELL1008,"Lalla, Bassi and Sharaf Retail",Burhanpur,4.1
CUST10223,Dominic Narayan,Proddatur,Sikkim,inactive,ORD100256,24092.48,Flip Flops,Footwear,2026-02-16 22:28:33,fulfilled,yes,Cash,Xalak Dewan,SELL1005,Ahuja-Dutta Retail,Proddatur,4.5
CUST10114,Anita Tella,Bahraich,Assam,inactive,ORD100025,10604.28,Hair Oil,Beauty,2025-07-09 05:00:40,fulfilled,no,Cash,Advik Badal,SELL1003,Tiwari PLC Retail,Kishanganj,3.8
CUST10010,Veer Bir,Bathinda,Assam,active,ORD100336,12610.29,Refrigerator,Home & Kitchen,2025-05-26 16:09:51,fulfilled,no,UPI,Veer Bir,SELL1019,Koshy Ltd Retail,Bhimavaram,3.5
CUST10318,Bhavna Dara,Tenali,Uttarakhand,active,ORD100572,8971.69,Badminton Racket,Sports,2024-06-26 12:17:22,fulfilled,yes,Cash,Bhavna Dara,SELL1015,Madan-Kanda Retail,Pimpri-Chinchwad,4.3
CUST10316,Chanchal Kar,Tumkur,Tamil Nadu,new,ORD100047,12942.19,Biography,Books,2025-04-02 04:45:03,lost_parcel,no,UPI,Chanchal Kar,SELL1018,"Tata, Randhawa and Shanker Retail",Bilaspur,4.7
CUST10376,Chakrika Dua,Ozhukarai,Haryana,active,ORD100106,23725.39,Formal Shoes,Footwear,2024-09-07 12:43:10,fulfilled,no,UPI,Chakrika Dua,SELL1011,Kaul Inc Retail,Alwar,4.3
CUST10247,Amol Varma,Asansol,Jharkhand,new,ORD100349,38808.54,Exam Guide,Books,2024-06-08 08:52:06,lost_parcel,no,Credit Card,Amol Varma,SELL1006,Dugal-Kale Retail,Asansol,4.8
CUST10172,Aradhana Dhillon,Panvel,Himachal Pradesh,active,ORD100055,31321.55,Smartphone,Electronics,2026-02-24 00:02:50,fulfilled,no,UPI,Aradhana Dhillon,SELL1010,Boase Inc Retail,Ramagundam,3.8
CUST10273,Idika Bhattacharyya,Dewas,West Bengal,active,ORD100808,14321.49,Cricket Bat,Sports,2025-08-02 17:58:14,processing,no,Cash,Idika Bhattacharyya,SELL1008,"Lalla, Bassi and Sharaf Retail",Burhanpur,4.1
CUST10239,Shravya Palla,Vijayanagaram,Arunachal Pradesh,new,ORD100213,11582.35,Football,Sports,2025-02-03 20:49:44,fulfilled,yes,UPI,Shravya Palla,SELL1012,Patla-Gaba Retail,Vijayanagaram,3.5
CUST10120,Balhaar Sha,Satna,Himachal Pradesh,dormant,ORD100120,4728.11,Yoga Mat,Sports,2025-02-10 08:57:37,fulfilled,no,UPI,Balhaar Sha,SELL1004,Saini and Sons Retail,Satna,4.6
CUST10175,Oviya Vora,Rajkot,Meghalaya,active,ORD100869,35576.64,Smart Watch,Electronics,2026-02-17 17:04:03,fulfilled,yes,Cash,Oviya Vora,SELL1007,Rai Inc Retail,Hapur,3.6
CUST10376,Chakrika Dua,Ozhukarai,Haryana,active,ORD100855,10384.8,Board Game,Toys & Games,2026-03-09 13:11:33,fulfilled,yes,UPI,Chakrika Dua,SELL1007,Rai Inc Retail,Ozhukarai,3.6
CUST10325,Bhavna Nagi,Allahabad,Tripura,new,ORD100072,4740.25,Dumbbells,Sports,2026-03-19 05:23:26,fulfilled,yes,UPI,Bhavna Nagi,SELL1020,Rastogi-Pathak Retail,Durgapur,4.7
CUST10107,Sarthak Kakar,Jodhpur,Goa,active,ORD101380,16993.71,Badminton Racket,Sports,2025-07-03 01:15:17,returned,yes,Cash,Sarthak Kakar,SELL1012,Patla-Gaba Retail,Jodhpur,3.5
CUST10097,Rehaan Kalita,Bally,Telangana,active,ORD100720,26719.31,Building Blocks,Toys & Games,2025-06-22 23:15:42,fulfilled,yes,UPI,Rehaan Kalita,SELL1021,"Tak, Chand and Batta Retail",Jamnagar,4.5
CUST10198,Hemani Sani,Anantapuram,Sikkim,active,ORD100045,32331.89,Screen Guard,Mobile Accessories,2024-07-22 04:52:36,fulfilled,yes,UPI,Hemani Sani,SELL1013,Loke Ltd Retail,Narasaraopet,3.8
CUST10140,Bhavna Karan,Raebareli,Bihar,inactive,ORD101263,19499.62,Perfume,Beauty,2026-03-16 02:26:36,fulfilled,yes,UPI,Bhavna Karan,SELL1017,Kakar PLC Retail,Raebareli,4.4
CUST10231,Krisha Dube,Bokaro,Uttarakhand,active,ORD100523,13726.88,Running Shoes,Footwear,2025-08-28 10:05:06,fulfilled,no,UPI,Krisha Dube,SELL1002,Balay-Balan Retail,Bellary,3.9
CUST10233,Sachi Mane,Muzaffarpur,Nagaland,new,ORD100868,15101.53,Flip Flops,Footwear,2025-09-28 18:24:45,fulfilled,yes,UPI,Sachi Mane,SELL1010,Boase Inc Retail,Ramagundam,3.8
CUST10371,Mekhala Khatri,Ichalkaranji,Madhya Pradesh,dormant,ORD101107,44720.15,Gold Necklace,Jewelry,2025-01-05 14:03:04,fulfilled,yes,UPI,Mekhala Khatri,SELL1005,Ahuja-Dutta Retail,Mau,4.5
CUST10060,Theodore Goda,Dhanbad,Nagaland,dormant,ORD101274,32263.85,Gold Necklace,Jewelry,2025-01-25 04:24:49,processing,yes,Credit Card,Theodore Goda,SELL1010,Boase Inc Retail,Ramagundam,3.8
CUST10248,Aarav Pandit,Aurangabad,Maharashtra,active,ORD100802,15256.29,Mixer Grinder,Home & Kitchen,2026-03-09 00:55:54,returned,yes,UPI,Aarav Pandit,SELL1006,Dugal-Kale Retail,Kota,4.8
CUST10174,Ekiya Babu,Bilaspur,Arunachal Pradesh,active,ORD100533,1315.86,Face Wash,Beauty,2024-07-06 21:01:13,returned,no,Cash,Ekiya Babu,SELL1006,Dugal-Kale Retail,Bilaspur,4.8
CUST10248,Aarav Pandit,Aurangabad,Maharashtra,active,ORD101137,43165.99,Face Cream,Beauty,2026-04-06 17:14:52,fulfilled,yes,Cash,Aarav Pandit,SELL1001,Chaudry Ltd Retail,Gudivada,3.5
CUST10242,Madhav Devan,Baranagar,Uttarakhand,new,ORD100603,20610.88,Building Blocks,Toys & Games,2025-03-25 16:11:37,fulfilled,yes,Credit Card,Madhav Devan,SELL1014,"Garg, Walla and Konda Retail",Surendranagar Dudhrej,4.5
CUST10055,Yasti Solanki,Guwahati,Jharkhand,new,ORD100465,5068.12,Dress,Fashion,2025-01-01 01:03:21,returned,yes,Credit Card,Yasti Solanki,SELL1021,"Tak, Chand and Batta Retail",Jamnagar,4.5
CUST10274,Owen Pathak,Bhilai,Gujarat,inactive,ORD101202,35520.71,Laptop,Electronics,2024-08-05 03:49:05,fulfilled,yes,UPI,Owen Pathak,SELL1022,"Dutta, Sami and Bhatt Retail",Eluru,4.0
CUST10228,Pranit Kala,Shivpuri,Gujarat,active,ORD101277,13966.35,Running Shoes,Footwear,2026-05-01 21:17:19,fulfilled,yes,Cash,Pranit Kala,SELL1008,"Lalla, Bassi and Sharaf Retail",Burhanpur,4.1
CUST10032,Anita Manda,Tiruvottiyur,Gujarat,active,ORD101443,32570.47,Puzzle,Toys & Games,2025-02-16 16:15:43,returned,yes,Credit Card,Anita Manda,SELL1019,Koshy Ltd Retail,Bhimavaram,3.5
CUST10049,Aarav Venkatesh,Bharatpur,Maharashtra,new,ORD100988,35974.75,Fiction Novel,Books,2024-07-28 23:05:58,fulfilled,yes,Credit Card,Aarav Venkatesh,SELL1003,Tiwari PLC Retail,Kishanganj,3.8
CUST10006,Noah Lanka,Rajpur Sonarpur,Nagaland,new,ORD100060,37402.51,Puzzle,Toys & Games,2025-09-28 09:41:45,returned,yes,Cash,Noah Lanka,SELL1000,"Choudhury, Bakshi and Maharaj Retail",Rajahmundry,4.5
CUST10348,Tejas Bora,Bhusawal,Kerala,new,ORD100885,4697.99,Kurta,Fashion,2025-05-06 00:22:58,fulfilled,no,UPI,Tejas Bora,SELL1001,Chaudry Ltd Retail,Gudivada,3.5
CUST10130,Harini Tripathi,Delhi,Jharkhand,active,ORD100092,5255.88,Running Shoes,Footwear,2024-09-25 00:08:36,fulfilled,yes,Credit Card,Harini Tripathi,SELL1016,Balay LLC Retail,Agartala,3.8
CUST10284,Onveer Nazareth,Bhopal,Assam,new,ORD100666,34311.36,Football,Sports,2025-11-09 03:15:30,fulfilled,yes,UPI,Onveer Nazareth,SELL1008,"Lalla, Bassi and Sharaf Retail",Burhanpur,4.1
CUST10347,Darika Bains,Rohtak,Uttarakhand,active,ORD100705,38352.82,Bracelet,Jewelry,2026-01-24 21:17:00,fulfilled,yes,UPI,Darika Bains,SELL1022,"Dutta, Sami and Bhatt Retail",Eluru,4.0
CUST10031,Krish Lalla,Aligarh,Telangana,new,ORD100194,1799.89,Sneakers,Footwear,2024-07-09 23:14:11,fulfilled,yes,UPI,Krish Lalla,SELL1007,Rai Inc Retail,Hapur,3.6
CUST10361,Prisha Tandon,Hapur,Rajasthan,active,ORD100280,23677.86,Self Help Book,Books,2025-07-18 02:07:57,returned,yes,UPI,Prisha Tandon,SELL1011,Kaul Inc Retail,Hapur,4.3
CUST10316,Chanchal Kar,Tumkur,Tamil Nadu,new,ORD100695,875.54,Screen Guard,Mobile Accessories,2024-10-03 00:31:24,fulfilled,yes,UPI,Chanchal Kar,SELL1011,Kaul Inc Retail,Alwar,4.3
CUST10244,Anirudh Kunda,Jalgaon,Nagaland,new,ORD100359,18331.09,Ring,Jewelry,2025-04-17 23:57:09,returned,yes,Credit Card,Anirudh Kunda,SELL1000,"Choudhury, Bakshi and Maharaj Retail",Jalgaon,4.5
CUST10376,Chakrika Dua,Ozhukarai,Haryana,active,ORD100519,13791.62,Self Help Book,Books,2025-08-07 14:48:26,returned,no,Credit Card,Chakrika Dua,SELL1006,Dugal-Kale Retail,Kota,4.8
CUST10006,Noah Lanka,Rajpur Sonarpur,Nagaland,new,ORD100812,40097.16,Phone Case,Mobile Accessories,2025-09-17 12:08:50,returned,yes,UPI,Noah Lanka,SELL1008,"Lalla, Bassi and Sharaf Retail",Rajpur Sonarpur,4.1
CUST10219,David Seshadri,Tiruvottiyur,Tamil Nadu,new,ORD100767,29941.92,Face Wash,Beauty,2025-12-18 04:59:26,fulfilled,yes,Cash,David Seshadri,SELL1000,"Choudhury, Bakshi and Maharaj Retail",Rajahmundry,4.5
CUST10183,Odika Nori,Silchar,Maharashtra,active,ORD100182,7438.5,Screen Guard,Mobile Accessories,2025-08-09 01:57:59,fulfilled,yes,UPI,Odika Nori,SELL1022,"Dutta, Sami and Bhatt Retail",Silchar,4.0
CUST10150,Chakrika Bains,Panipat,Andhra Pradesh,new,ORD101486,39886.19,Face Cream,Beauty,2025-11-22 19:12:48,fulfilled,yes,Credit Card,Chakrika Bains,SELL1017,Kakar PLC Retail,Rajpur Sonarpur,4.4
CUST10247,Amol Varma,Asansol,Jharkhand,new,ORD100110,14982.23,Refrigerator,Home & Kitchen,2024-07-21 17:50:58,fulfilled,yes,UPI,Amol Varma,SELL1002,Balay-Balan Retail,Bellary,3.9
CUST10071,Rajata Sunder,Pali,Karnataka,active,ORD100042,16470.9,Ring,Jewelry,2024-12-15 11:08:44,fulfilled,no,UPI,Rajata Sunder,SELL1024,"Yadav, Loke and Oak Retail",Pali,4.9
CUST10334,Nandini Chandran,Kolhapur,Meghalaya,active,ORD101006,32001.82,Jeans,Fashion,2025-07-18 18:23:56,fulfilled,no,UPI,Nandini Chandran,SELL1009,Memon Ltd Retail,Kolhapur,3.5
CUST10116,Ansh Luthra,Akola,Meghalaya,new,ORD100204,16375.47,Ring,Jewelry,2024-12-03 07:52:28,fulfilled,no,Cash,Ansh Luthra,SELL1003,Tiwari PLC Retail,Kishanganj,3.8
CUST10263,Indali Sekhon,Nagercoil,Punjab,active,ORD100820,20657.28,Bluetooth Speaker,Electronics,2024-10-20 14:47:21,processing,yes,UPI,Indali Sekhon,SELL1005,Ahuja-Dutta Retail,Mau,4.5
CUST10022,Dipta Bhandari,Bhimavaram,Meghalaya,active,ORD100052,35233.96,Exam Guide,Books,2024-11-13 06:08:08,fulfilled,no,Cash,Dipta Bhandari,SELL1019,Koshy Ltd Retail,Bhimavaram,3.5
CUST10172,Aradhana Dhillon,Panvel,Himachal Pradesh,active,ORD100545,42039.39,Self Help Book,Books,2026-04-03 06:13:56,fulfilled,no,Credit Card,Aradhana Dhillon,SELL1024,"Yadav, Loke and Oak Retail",Panvel,4.9
CUST10287,Chameli Setty,Allahabad,Goa,active,ORD101131,14237.91,Silver Earrings,Jewelry,2025-02-18 01:17:37,fulfilled,no,Credit Card,Chameli Setty,SELL1016,Balay LLC Retail,Allahabad,3.8
CUST10231,Krisha Dube,Bokaro,Uttarakhand,active,ORD101157,8045.77,Puzzle,Toys & Games,2024-08-11 04:04:04,fulfilled,no,Credit Card,Krisha Dube,SELL1018,"Tata, Randhawa and Shanker Retail",Bokaro,4.7
CUST10337,Advika Parsa,Ghaziabad,Sikkim,new,ORD101467,31874.34,Refrigerator,Home & Kitchen,2025-01-29 08:50:44,fulfilled,yes,UPI,Advika Parsa,SELL1004,Saini and Sons Retail,Giridih,4.6
CUST10338,Udyati Mohanty,Machilipatnam,Sikkim,active,ORD100910,24093.29,Gold Necklace,Jewelry,2025-03-25 14:23:00,fulfilled,yes,Cash,Udyati Mohanty,SELL1020,Rastogi-Pathak Retail,Durgapur,4.7
CUST10080,Jyoti Ganesh,Ujjain,Jharkhand,active,ORD100183,6269.66,Bed Sheet,Home & Kitchen,2025-06-30 13:56:38,fulfilled,no,UPI,Jyoti Ganesh,SELL1023,"Sidhu, Wadhwa and Krishnamurthy Retail",Raipur,3.7
CUST10224,Bhanumati Krishnan,Thoothukudi,Assam,new,ORD100137,23966.39,Puzzle,Toys & Games,2025-03-09 10:19:04,fulfilled,yes,Credit Card,Bhanumati Krishnan,SELL1020,Rastogi-Pathak Retail,Thoothukudi,4.7
CUST10375,Madhav Babu,Begusarai,Odisha,new,ORD101149,39461.23,Water Bottle,Home & Kitchen,2025-12-31 18:32:07,fulfilled,no,UPI,Madhav Babu,SELL1021,"Tak, Chand and Batta Retail",Begusarai,4.5
CUST10022,Dipta Bhandari,Bhimavaram,Meghalaya,active,ORD100080,3910.42,Formal Shoes,Footwear,2026-04-21 20:47:49,fulfilled,no,Cash,Dipta Bhandari,SELL1002,Balay-Balan Retail,Bhimavaram,3.9
CUST10156,Nitesh Kurian,Sagar,Telangana,active,ORD101212,26206.37,Kurta,Fashion,2025-01-16 07:58:31,fulfilled,no,Credit Card,Nitesh Kurian,SELL1019,Koshy Ltd Retail,Bhimavaram,3.5
CUST10032,Anita Manda,Tiruvottiyur,Gujarat,active,ORD100105,40490.87,Cricket Bat,Sports,2025-12-17 09:42:03,fulfilled,no,Credit Card,Anita Manda,SELL1016,Balay LLC Retail,Agartala,3.8
CUST10159,Jatin Sha,Firozabad,Odisha,active,ORD100541,25908.14,Puzzle,Toys & Games,2025-12-25 05:10:51,fulfilled,yes,Cash,Jatin Sha,SELL1019,Koshy Ltd Retail,Firozabad,3.5
CUST10148,Zashil Shan,Davanagere,Madhya Pradesh,active,ORD101313,14529.86,Bed Sheet,Home & Kitchen,2026-04-05 10:46:17,returned,no,UPI,Zashil Shan,SELL1024,"Yadav, Loke and Oak Retail",Davanagere,4.9
CUST10282,Zashil Hegde,Cuttack,Rajasthan,new,ORD100480,23585.35,Ring,Jewelry,2026-02-19 18:25:49,fulfilled,yes,Credit Card,Zashil Hegde,SELL1005,Ahuja-Dutta Retail,Cuttack,4.5
CUST10262,Damini Sehgal,Rourkela,Tamil Nadu,new,ORD100165,18643.28,Running Shoes,Footwear,2024-08-10 01:22:16,fulfilled,yes,Cash,Damini Sehgal,SELL1023,"Sidhu, Wadhwa and Krishnamurthy Retail",Raipur,3.7
CUST10245,Indrajit Mani,Barasat,Bihar,active,ORD100248,31296.15,Refrigerator,Home & Kitchen,2025-11-23 00:46:13,fulfilled,no,Credit Card,Indrajit Mani,SELL1005,Ahuja-Dutta Retail,Mau,4.5
CUST10092,Vamakshi Swaminathan,Pune,Assam,new,ORD100307,11078.77,Charger,Mobile Accessories,2024-12-08 19:05:03,fulfilled,no,Credit Card,Vamakshi Swaminathan,SELL1024,"Yadav, Loke and Oak Retail",Durg,4.9
CUST10046,Jack Lal,Amaravati,Himachal Pradesh,new,ORD100446,21627.69,Face Cream,Beauty,2025-11-04 15:31:20,fulfilled,yes,Cash,Jack Lal,SELL1009,Memon Ltd Retail,Gangtok,3.5
CUST10346,Yochana Sagar,Phusro,Arunachal Pradesh,new,ORD100746,28521.1,Board Game,Toys & Games,2025-02-15 02:54:12,fulfilled,no,UPI,Yochana Sagar,SELL1008,"Lalla, Bassi and Sharaf Retail",Burhanpur,4.1
CUST10038,Janya Baral,Bhagalpur,Sikkim,new,ORD100334,6988.16,Flip Flops,Footwear,2025-05-31 22:14:40,processing,yes,Credit Card,Janya Baral,SELL1018,"Tata, Randhawa and Shanker Retail",Bilaspur,4.7
CUST10028,Ethan Yogi,Guna,Himachal Pradesh,new,ORD100097,38048.3,Perfume,Beauty,2026-03-12 14:36:21,fulfilled,no,Credit Card,Ethan Yogi,SELL1018,"Tata, Randhawa and Shanker Retail",Bilaspur,4.7
CUST10014,Guneet Bhat,Sonipat,Uttar Pradesh,new,ORD100759,41918.52,Bracelet,Jewelry,2025-06-11 04:42:44,fulfilled,yes,Cash,Guneet Bhat,SELL1019,Koshy Ltd Retail,Bhimavaram,3.5
CUST10297,Bhavika Yadav,Moradabad,Maharashtra,new,ORD100737,2772.18,Kurta,Fashion,2025-09-06 17:18:36,lost_parcel,no,Credit Card,Bhavika Yadav,SELL1019,Koshy Ltd Retail,Moradabad,3.5
CUST10345,Vrinda Chand,Pimpri-Chinchwad,Manipur,new,ORD100836,1131.46,Phone Case,Mobile Accessories,2026-03-04 22:38:42,fulfilled,yes,Cash,Vrinda Chand,SELL1021,"Tak, Chand and Batta Retail",Pimpri-Chinchwad,4.5
CUST10199,Darika Bath,Tenali,Punjab,new,ORD100942,5226.76,Formal Shoes,Footwear,2024-08-29 20:41:59,fulfilled,yes,Cash,Darika Bath,SELL1005,Ahuja-Dutta Retail,Tenali,4.5
CUST10230,Yashica Zacharia,Naihati,Tripura,active,ORD100102,16031.17,Kurta,Fashion,2025-02-03 11:44:37,fulfilled,no,Credit Card,Yashica Zacharia,SELL1014,"Garg, Walla and Konda Retail",Surendranagar Dudhrej,4.5
CUST10135,Jonathan Thakkar,Salem,West Bengal,new,ORD100434,29503.8,Saree,Fashion,2026-03-06 19:35:36,fulfilled,no,Credit Card,Jonathan Thakkar,SELL1008,"Lalla, Bassi and Sharaf Retail",Burhanpur,4.1
CUST10300,Libni Thaman,Jamalpur,Himachal Pradesh,new,ORD100074,11186.77,Refrigerator,Home & Kitchen,2026-04-16 19:58:06,fulfilled,yes,Cash,Libni Thaman,SELL1006,Dugal-Kale Retail,Jamalpur,4.8
CUST10288,Ojasvi Sule,Kurnool,Karnataka,new,ORD101340,44301.89,Building Blocks,Toys & Games,2026-04-18 13:43:40,fulfilled,no,Credit Card,Ojasvi Sule,SELL1013,Loke Ltd Retail,Narasaraopet,3.8
CUST10063,Vaishnavi Sengupta,Shahjahanpur,Uttarakhand,inactive,ORD101124,8844.03,Dumbbells,Sports,2026-04-09 11:25:01,returned,yes,Credit Card,Gautami Sekhon,SELL1000,"Choudhury, Bakshi and Maharaj Retail",Rajahmundry,4.5
CUST10228,Pranit Kala,Shivpuri,Gujarat,active,ORD101359,22698.46,Screen Guard,Mobile Accessories,2026-02-20 19:45:17,fulfilled,no,UPI,Pranit Kala,SELL1012,Patla-Gaba Retail,Raichur,3.5
CUST10100,Brinda Date,Kota,West Bengal,new,ORD100302,20236.16,Mixer Grinder,Home & Kitchen,2025-08-02 07:02:18,fulfilled,no,Credit Card,Brinda Date,SELL1019,Koshy Ltd Retail,Bhimavaram,3.5
CUST10300,Libni Thaman,Jamalpur,Himachal Pradesh,new,ORD101262,19303.75,Headphones,Electronics,2026-04-23 00:50:17,fulfilled,no,Credit Card,Libni Thaman,SELL1008,"Lalla, Bassi and Sharaf Retail",Burhanpur,4.1
CUST10099,Chasmum Atwal,Panipat,Arunachal Pradesh,new,ORD101223,37669.44,Self Help Book,Books,2024-10-13 18:00:34,fulfilled,no,UPI,Chasmum Atwal,SELL1010,Boase Inc Retail,Panipat,3.8
CUST10322,Xavier Bedi,Muzaffarpur,Arunachal Pradesh,new,ORD100733,18638.04,Dress,Fashion,2025-04-24 07:12:45,returned,yes,UPI,Xavier Bedi,SELL1006,Dugal-Kale Retail,Kota,4.8
CUST10013,Raagini Pandya,Bulandshahr,Manipur,new,ORD100388,28605.48,Sneakers,Footwear,2025-05-12 05:12:34,fulfilled,yes,UPI,Raagini Pandya,SELL1024,"Yadav, Loke and Oak Retail",Durg,4.9
CUST10302,Jasmit Dhawan,Madanapalle,Mizoram,active,ORD100235,16370.33,Phone Case,Mobile Accessories,2024-12-25 13:01:29,returned,no,Credit Card,Jasmit Dhawan,SELL1020,Rastogi-Pathak Retail,Durgapur,4.7
CUST10186,Gopal Pradhan,Miryalaguda,Arunachal Pradesh,active,ORD101245,21956.96,Bed Sheet,Home & Kitchen,2026-03-05 21:26:47,lost_parcel,yes,Cash,Gopal Pradhan,SELL1009,Memon Ltd Retail,Miryalaguda,3.5
CUST10263,Indali Sekhon,Nagercoil,Punjab,active,ORD100267,21652.68,Perfume,Beauty,2024-07-18 06:39:41,fulfilled,no,Credit Card,Indali Sekhon,SELL1002,Balay-Balan Retail,Bellary,3.9
CUST10345,Vrinda Chand,Pimpri-Chinchwad,Manipur,new,ORD100305,22756.48,Puzzle,Toys & Games,2024-05-30 00:28:34,fulfilled,no,Cash,Vrinda Chand,SELL1005,Ahuja-Dutta Retail,Pimpri-Chinchwad,4.5
CUST10331,Ganga Gaba,Bardhaman,Tamil Nadu,new,ORD100117,25087.53,Dress,Fashion,2024-11-18 03:19:45,fulfilled,yes,UPI,Ganga Gaba,SELL1016,Balay LLC Retail,Agartala,3.8
CUST10323,Odika Narayanan,Salem,Sikkim,active,ORD101211,20137.69,Smart Watch,Electronics,2024-08-19 13:05:37,fulfilled,yes,UPI,Odika Narayanan,SELL1000,"Choudhury, Bakshi and Maharaj Retail",Rajahmundry,4.5
CUST10177,Caleb Verma,Berhampore,Rajasthan,inactive,ORD100673,25655.72,Self Help Book,Books,2024-10-28 09:38:13,returned,yes,UPI,Caleb Verma,SELL1008,"Lalla, Bassi and Sharaf Retail",Berhampore,4.1
CUST10239,Shravya Palla,Vijayanagaram,Arunachal Pradesh,new,ORD100249,38988.71,Smart Watch,Electronics,2024-10-31 15:58:50,processing,no,UPI,Shravya Palla,SELL1004,Saini and Sons Retail,Vijayanagaram,4.6
CUST10216,Dakshesh Pillay,Solapur,Rajasthan,new,ORD101093,5417.31,Gold Necklace,Jewelry,2024-09-04 19:29:41,fulfilled,no,UPI,Dakshesh Pillay,SELL1011,Kaul Inc Retail,Alwar,4.3
CUST10246,William Saini,Rajkot,Bihar,inactive,ORD101079,14611.66,Tablet,Electronics,2025-08-20 11:02:20,processing,yes,UPI,William Saini,SELL1024,"Yadav, Loke and Oak Retail",Durg,4.9
CUST10319,Madhav Mannan,Tumkur,Tamil Nadu,new,ORD100071,27819.27,Fiction Novel,Books,2025-08-04 08:11:00,fulfilled,yes,UPI,Madhav Mannan,SELL1022,"Dutta, Sami and Bhatt Retail",Eluru,4.0
CUST10282,Zashil Hegde,Cuttack,Rajasthan,new,ORD100094,8152.73,Building Blocks,Toys & Games,2024-11-24 14:34:40,returned,no,Cash,Zashil Hegde,SELL1022,"Dutta, Sami and Bhatt Retail",Cuttack,4.0
CUST10281,Ekantika Kar,Kadapa,Jharkhand,new,ORD100847,34201.18,Yoga Mat,Sports,2024-11-22 19:37:01,fulfilled,yes,Cash,Ekantika Kar,SELL1002,Balay-Balan Retail,Bellary,3.9
CUST10055,Yasti Solanki,Guwahati,Jharkhand,new,ORD100033,18560.14,Running Shoes,Footwear,2026-02-12 10:12:02,fulfilled,no,UPI,Yasti Solanki,SELL1009,Memon Ltd Retail,Guwahati,3.5
CUST10170,Yagnesh Dass,Coimbatore,Uttarakhand,active,ORD101100,28411.2,Formal Shoes,Footwear,2025-10-08 01:26:55,processing,yes,Cash,Yagnesh Dass,SELL1000,"Choudhury, Bakshi and Maharaj Retail",Rajahmundry,4.5
CUST10262,Damini Sehgal,Rourkela,Tamil Nadu,new,ORD100448,14420.12,Cricket Bat,Sports,2025-04-09 15:45:51,fulfilled,no,Cash,Damini Sehgal,SELL1004,Saini and Sons Retail,Giridih,4.6
CUST10085,Tripti Dua,Belgaum,Telangana,active,ORD100445,36162.62,Puzzle,Toys & Games,2025-04-04 14:40:06,fulfilled,no,Cash,Tripti Dua,SELL1018,"Tata, Randhawa and Shanker Retail",Bilaspur,4.7
CUST10079,Urvashi Contractor,Kirari Suleman Nagar,Tamil Nadu,new,ORD100771,2475.15,Exam Guide,Books,2026-03-19 18:58:28,processing,no,Cash,Urvashi Contractor,SELL1001,Chaudry Ltd Retail,Gudivada,3.5
CUST10302,Jasmit Dhawan,Madanapalle,Mizoram,active,ORD100716,9325.55,Ring,Jewelry,2025-03-30 06:50:45,returned,yes,UPI,Jasmit Dhawan,SELL1016,Balay LLC Retail,Madanapalle,3.8
CUST10092,Vamakshi Swaminathan,Pune,Assam,new,ORD100886,33610.69,Self Help Book,Books,2025-05-18 19:44:54,processing,no,Credit Card,Vamakshi Swaminathan,SELL1022,"Dutta, Sami and Bhatt Retail",Eluru,4.0
CUST10359,Vivaan Nagar,Patiala,Jharkhand,new,ORD101244,28339.27,Lipstick,Beauty,2024-07-08 04:40:14,fulfilled,no,Credit Card,Vivaan Nagar,SELL1018,"Tata, Randhawa and Shanker Retail",Bilaspur,4.7
CUST10182,Hardik Contractor,Chinsurah,Manipur,dormant,ORD100900,2046.13,Kurta,Fashion,2024-07-31 01:25:08,returned,no,UPI,Daksha Baria,SELL1020,Rastogi-Pathak Retail,Durgapur,4.7
CUST10068,Ojasvi Bhatia,Bidar,Madhya Pradesh,inactive,ORD101035,38847.0,Face Wash,Beauty,2024-08-07 14:29:26,fulfilled,yes,Credit Card,Ojasvi Bhatia,SELL1015,Madan-Kanda Retail,Pimpri-Chinchwad,4.3
CUST10014,Guneet Bhat,Sonipat,Uttar Pradesh,new,ORD100077,33454.54,Charger,Mobile Accessories,2024-06-23 21:04:25,returned,yes,UPI,Guneet Bhat,SELL1023,"Sidhu, Wadhwa and Krishnamurthy Retail",Sonipat,3.7
CUST10311,Rayaan Bahl,Satara,Maharashtra,inactive,ORD100084,25169.33,Flip Flops,Footwear,2026-05-09 15:25:43,lost_parcel,no,Credit Card,Avni Bali,SELL1017,Kakar PLC Retail,Satara,4.4
CUST10139,Edhitha Sura,Tadipatri,Assam,dormant,ORD100834,37299.87,T-Shirt,Fashion,2025-02-14 21:39:25,fulfilled,no,Cash,Edhitha Sura,SELL1006,Dugal-Kale Retail,Tadipatri,4.8
CUST10167,Janani Chaudhary,Tinsukia,Rajasthan,new,ORD100082,39997.56,Puzzle,Toys & Games,2025-11-10 13:01:46,fulfilled,no,Cash,Janani Chaudhary,SELL1014,"Garg, Walla and Konda Retail",Surendranagar Dudhrej,4.5
CUST10346,Yochana Sagar,Phusro,Arunachal Pradesh,new,ORD100457,24866.34,Phone Case,Mobile Accessories,2026-01-30 00:08:47,fulfilled,yes,UPI,Yochana Sagar,SELL1011,Kaul Inc Retail,Phusro,4.3
CUST10259,Watika Tank,Kadapa,Himachal Pradesh,active,ORD100918,43764.77,Water Bottle,Home & Kitchen,2025-05-08 01:29:31,fulfilled,no,Cash,Watika Tank,SELL1005,Ahuja-Dutta Retail,Mau,4.5
CUST10254,Dev Shankar,Durg,Gujarat,new,ORD100676,44017.59,Water Bottle,Home & Kitchen,2024-07-03 05:05:37,fulfilled,yes,Credit Card,Dev Shankar,SELL1014,"Garg, Walla and Konda Retail",Surendranagar Dudhrej,4.5
CUST10154,Karan Chana,Khammam,Telangana,active,ORD100984,4020.54,Cookbook,Books,2026-04-07 12:02:12,fulfilled,no,Credit Card,Karan Chana,SELL1022,"Dutta, Sami and Bhatt Retail",Khammam,4.0
CUST10001,Yashica Cherian,Guna,Punjab,active,ORD101239,37512.78,Headphones,Electronics,2025-04-08 09:07:18,fulfilled,no,Cash,Yashica Cherian,SELL1006,Dugal-Kale Retail,Guna,4.8
CUST10202,Qushi Gill,Nadiad,Nagaland,dormant,ORD100436,12851.47,Cookware Set,Home & Kitchen,2025-09-14 22:29:25,fulfilled,no,Cash,Qushi Gill,SELL1005,Ahuja-Dutta Retail,Mau,4.5
CUST10243,Liam Singh,Tadepalligudem,Andhra Pradesh,active,ORD100770,12337.8,Headphones,Electronics,2024-06-25 00:46:38,fulfilled,yes,UPI,Liam Singh,SELL1001,Chaudry Ltd Retail,Gudivada,3.5
CUST10048,Lekha Gupta,Varanasi,Tamil Nadu,inactive,ORD100644,12410.72,Ring,Jewelry,2025-12-03 22:57:37,fulfilled,no,Cash,Lekha Gupta,SELL1007,Rai Inc Retail,Hapur,3.6
CUST10064,Vedhika Khare,Gandhidham,Assam,dormant,ORD101119,14910.63,Remote Car,Toys & Games,2024-11-22 16:25:01,returned,yes,Credit Card,Vedhika Khare,SELL1018,"Tata, Randhawa and Shanker Retail",Gandhidham,4.7
CUST10094,Urvashi Wali,Khandwa,Telangana,active,ORD100905,22920.59,Gold Necklace,Jewelry,2024-09-14 00:48:26,returned,no,Cash,Urvashi Wali,SELL1002,Balay-Balan Retail,Bellary,3.9
CUST10007,Devika Rastogi,Bahraich,Mizoram,new,ORD101193,35247.25,Face Wash,Beauty,2025-04-18 23:00:15,fulfilled,yes,Cash,Devika Rastogi,SELL1019,Koshy Ltd Retail,Bhimavaram,3.5
CUST10195,Devika Nair,Faridabad,Chhattisgarh,new,ORD100404,25898.23,Cricket Bat,Sports,2024-10-02 19:59:50,processing,yes,Credit Card,Devika Nair,SELL1022,"Dutta, Sami and Bhatt Retail",Faridabad,4.0
CUST10228,Pranit Kala,Shivpuri,Gujarat,active,ORD101303,16940.41,Building Blocks,Toys & Games,2024-08-07 15:47:21,fulfilled,yes,Credit Card,Pranit Kala,SELL1001,Chaudry Ltd Retail,Shivpuri,3.5
CUST10156,Nitesh Kurian,Sagar,Telangana,active,ORD100933,2034.6,Jacket,Fashion,2025-08-20 01:53:48,processing,no,UPI,Nitesh Kurian,SELL1018,"Tata, Randhawa and Shanker Retail",Sagar,4.7
CUST10361,Prisha Tandon,Hapur,Rajasthan,active,ORD101485,32261.26,Puzzle,Toys & Games,2025-08-17 16:12:03,fulfilled,yes,Cash,Prisha Tandon,SELL1017,Kakar PLC Retail,Hapur,4.4
CUST10174,Ekiya Babu,Bilaspur,Arunachal Pradesh,active,ORD100104,36498.58,Hair Oil,Beauty,2025-12-29 17:25:44,processing,no,Credit Card,Ekiya Babu,SELL1019,Koshy Ltd Retail,Bhimavaram,3.5
CUST10275,Warjas Tak,Karimnagar,Nagaland,active,ORD100609,25497.23,Bluetooth Speaker,Electronics,2025-11-19 09:44:01,fulfilled,no,Cash,Warjas Tak,SELL1015,Madan-Kanda Retail,Pimpri-Chinchwad,4.3
CUST10006,Noah Lanka,Rajpur Sonarpur,Nagaland,new,ORD101455,20345.98,Headphones,Electronics,2025-10-06 15:10:59,fulfilled,no,Credit Card,Noah Lanka,SELL1015,Madan-Kanda Retail,Pimpri-Chinchwad,4.3
CUST10197,Vedika Sathe,Darbhanga,Gujarat,active,ORD100688,33371.3,Face Cream,Beauty,2024-05-31 04:47:48,processing,no,UPI,Vedika Sathe,SELL1000,"Choudhury, Bakshi and Maharaj Retail",Darbhanga,4.5
CUST10254,Dev Shankar,Durg,Gujarat,new,ORD100948,17215.45,Headphones,Electronics,2025-02-03 08:23:21,fulfilled,no,Credit Card,Dev Shankar,SELL1010,Boase Inc Retail,Ramagundam,3.8
CUST10021,Mohammed Gupta,Bellary,Arunachal Pradesh,inactive,ORD100931,6407.68,Silver Earrings,Jewelry,2024-10-22 17:19:07,fulfilled,no,Credit Card,Kashish Chad,SELL1004,Saini and Sons Retail,Giridih,4.6
CUST10259,Watika Tank,Kadapa,Himachal Pradesh,active,ORD100062,32525.22,Mixer Grinder,Home & Kitchen,2025-11-18 17:50:04,returned,yes,UPI,Watika Tank,SELL1020,Rastogi-Pathak Retail,Durgapur,4.7
CUST10293,Falak Munshi,Kozhikode,Meghalaya,inactive,ORD100281,1611.25,Puzzle,Toys & Games,2024-06-19 09:12:13,fulfilled,no,Cash,Falak Munshi,SELL1016,Balay LLC Retail,Kozhikode,3.8
CUST10111,Pavani Contractor,Jalgaon,Himachal Pradesh,inactive,ORD100778,44293.11,Self Help Book,Books,2025-03-15 07:06:22,fulfilled,yes,Cash,Praneel Banik,SELL1016,Balay LLC Retail,Agartala,3.8
CUST10337,Advika Parsa,Ghaziabad,Sikkim,new,ORD101393,18244.93,Fiction Novel,Books,2025-11-20 03:10:48,fulfilled,no,Credit Card,Advika Parsa,SELL1019,Koshy Ltd Retail,Bhimavaram,3.5
CUST10182,Hardik Contractor,Chinsurah,Manipur,dormant,ORD100238,30675.81,Power Bank,Mobile Accessories,2025-03-23 00:41:35,fulfilled,yes,UPI,Ishaan Iyengar,SELL1011,Kaul Inc Retail,Alwar,4.3
CUST10280,Jeet Vasa,Avadi,Goa,active,ORD100223,14454.83,T-Shirt,Fashion,2026-02-14 05:24:57,fulfilled,no,UPI,Jeet Vasa,SELL1000,"Choudhury, Bakshi and Maharaj Retail",Rajahmundry,4.5
CUST10289,Dhriti Nagar,Silchar,Chhattisgarh,dormant,ORD100145,6066.9,Charger,Mobile Accessories,2026-01-11 14:05:42,fulfilled,yes,UPI,Yatin Borah,SELL1003,Tiwari PLC Retail,Kishanganj,3.8
CUST10293,Falak Munshi,Kozhikode,Meghalaya,inactive,ORD101398,1519.18,Gold Necklace,Jewelry,2025-05-17 09:30:38,fulfilled,yes,Cash,Falak Munshi,SELL1012,Patla-Gaba Retail,Kozhikode,3.5
CUST10254,Dev Shankar,Durg,Gujarat,new,ORD100373,7921.07,Badminton Racket,Sports,2024-12-24 00:34:30,fulfilled,no,Cash,Dev Shankar,SELL1019,Koshy Ltd Retail,Durg,3.5
CUST10340,Kiaan Sridhar,Malda,Telangana,active,ORD101228,39475.21,Laptop,Electronics,2025-05-18 01:09:36,fulfilled,no,Cash,Kiaan Sridhar,SELL1003,Tiwari PLC Retail,Kishanganj,3.8
CUST10099,Chasmum Atwal,Panipat,Arunachal Pradesh,new,ORD100118,40767.09,Bed Sheet,Home & Kitchen,2026-03-04 05:52:48,returned,no,Credit Card,Chasmum Atwal,SELL1002,Balay-Balan Retail,Bellary,3.9
CUST10272,Siya Gera,Chandigarh,Uttar Pradesh,active,ORD101166,42162.88,Silver Earrings,Jewelry,2025-09-10 11:01:05,fulfilled,yes,Credit Card,Siya Gera,SELL1003,Tiwari PLC Retail,Chandigarh,3.8
CUST10156,Nitesh Kurian,Sagar,Telangana,active,ORD100250,22279.64,Ring,Jewelry,2025-04-27 09:14:38,returned,yes,Credit Card,Nitesh Kurian,SELL1005,Ahuja-Dutta Retail,Sagar,4.5
CUST10098,Harish Hari,Ambattur,Kerala,active,ORD101444,31920.31,Football,Sports,2025-05-13 08:11:40,processing,no,Credit Card,Harish Hari,SELL1014,"Garg, Walla and Konda Retail",Surendranagar Dudhrej,4.5
CUST10337,Advika Parsa,Ghaziabad,Sikkim,new,ORD101022,34242.93,Screen Guard,Mobile Accessories,2026-04-17 14:07:01,fulfilled,no,Cash,Advika Parsa,SELL1011,Kaul Inc Retail,Alwar,4.3
CUST10170,Yagnesh Dass,Coimbatore,Uttarakhand,active,ORD100009,1596.44,Badminton Racket,Sports,2024-09-05 14:52:45,lost_parcel,yes,UPI,Yagnesh Dass,SELL1023,"Sidhu, Wadhwa and Krishnamurthy Retail",Coimbatore,3.7
CUST10221,Reva Viswanathan,Bharatpur,Kerala,new,ORD100449,27650.68,Remote Car,Toys & Games,2025-11-24 09:51:52,fulfilled,no,Cash,Reva Viswanathan,SELL1013,Loke Ltd Retail,Narasaraopet,3.8
CUST10046,Jack Lal,Amaravati,Himachal Pradesh,new,ORD100882,4055.14,Bracelet,Jewelry,2024-10-26 06:41:19,fulfilled,no,UPI,Jack Lal,SELL1007,Rai Inc Retail,Hapur,3.6
CUST10197,Vedika Sathe,Darbhanga,Gujarat,active,ORD100708,17499.1,Bracelet,Jewelry,2024-12-30 08:22:15,fulfilled,no,UPI,Vedika Sathe,SELL1021,"Tak, Chand and Batta Retail",Jamnagar,4.5
CUST10327,Balhaar Ranganathan,Gaya,Telangana,new,ORD100255,27578.31,Remote Car,Toys & Games,2024-07-14 13:03:44,returned,yes,Credit Card,Balhaar Ranganathan,SELL1019,Koshy Ltd Retail,Gaya,3.5
CUST10065,Wahab Magar,Imphal,Nagaland,active,ORD100593,30231.02,Running Shoes,Footwear,2026-05-16 07:06:57,fulfilled,yes,UPI,Wahab Magar,SELL1003,Tiwari PLC Retail,Kishanganj,3.8
CUST10363,Qarin Yogi,New Delhi,West Bengal,new,ORD100389,492.9,Tablet,Electronics,2024-08-18 08:07:33,processing,yes,UPI,Qarin Yogi,SELL1013,Loke Ltd Retail,Narasaraopet,3.8
CUST10367,George Wason,Faridabad,Himachal Pradesh,dormant,ORD101087,26084.17,Headphones,Electronics,2025-03-25 02:17:13,lost_parcel,no,UPI,George Wason,SELL1011,Kaul Inc Retail,Faridabad,4.3
CUST10207,Gaurang Sarkar,Latur,Maharashtra,active,ORD101200,12258.09,Phone Case,Mobile Accessories,2025-05-29 21:49:18,fulfilled,no,UPI,Gaurang Sarkar,SELL1003,Tiwari PLC Retail,Latur,3.8
CUST10275,Warjas Tak,Karimnagar,Nagaland,active,ORD100557,43891.03,Formal Shoes,Footwear,2025-12-10 13:24:36,returned,no,Credit Card,Warjas Tak,SELL1012,Patla-Gaba Retail,Raichur,3.5
CUST10344,Nitesh Narang,Bhiwandi,Sikkim,active,ORD101287,41236.49,Charger,Mobile Accessories,2026-05-04 04:59:18,fulfilled,no,Cash,Nitesh Narang,SELL1019,Koshy Ltd Retail,Bhiwandi,3.5
CUST10250,Madhavi Singhal,Munger,Kerala,inactive,ORD100839,7781.13,Smart Watch,Electronics,2024-05-29 06:42:42,fulfilled,yes,Cash,Aarav Puri,SELL1008,"Lalla, Bassi and Sharaf Retail",Burhanpur,4.1
CUST10365,Omaja Wagle,Munger,Haryana,dormant,ORD100460,25473.2,Hair Oil,Beauty,2025-01-03 16:48:07,lost_parcel,no,UPI,Omaja Wagle,SELL1024,"Yadav, Loke and Oak Retail",Durg,4.9
CUST10344,Nitesh Narang,Bhiwandi,Sikkim,active,ORD100723,3226.93,Fiction Novel,Books,2025-08-20 07:49:56,fulfilled,no,Cash,Nitesh Narang,SELL1010,Boase Inc Retail,Bhiwandi,3.8
CUST10239,Shravya Palla,Vijayanagaram,Arunachal Pradesh,new,ORD101381,19972.05,Fiction Novel,Books,2026-04-04 19:47:56,returned,no,UPI,Shravya Palla,SELL1002,Balay-Balan Retail,Vijayanagaram,3.9
CUST10247,Amol Varma,Asansol,Jharkhand,new,ORD100144,20413.31,Screen Guard,Mobile Accessories,2024-07-27 09:18:19,fulfilled,yes,Cash,Amol Varma,SELL1004,Saini and Sons Retail,Giridih,4.6
CUST10138,Hamsini Rao,Ozhukarai,West Bengal,new,ORD100501,4298.84,Bed Sheet,Home & Kitchen,2026-03-24 22:02:05,processing,yes,UPI,Hamsini Rao,SELL1002,Balay-Balan Retail,Bellary,3.9
CUST10154,Karan Chana,Khammam,Telangana,active,ORD101098,14519.5,Bed Sheet,Home & Kitchen,2025-09-30 08:37:59,fulfilled,no,Credit Card,Karan Chana,SELL1007,Rai Inc Retail,Khammam,3.6
CUST10205,Pushti Ravel,Ramagundam,Bihar,active,ORD100739,37355.31,Screen Guard,Mobile Accessories,2024-05-31 15:56:36,fulfilled,no,Credit Card,Pushti Ravel,SELL1015,Madan-Kanda Retail,Pimpri-Chinchwad,4.3
CUST10317,Vrinda Nadig,Karnal,Nagaland,new,ORD101384,39365.47,Sandals,Footwear,2024-10-03 18:33:01,fulfilled,no,Credit Card,Vrinda Nadig,SELL1018,"Tata, Randhawa and Shanker Retail",Karnal,4.7
CUST10252,Gaurangi Deol,Nagercoil,Nagaland,new,ORD100731,37128.51,Bracelet,Jewelry,2024-07-27 18:58:27,returned,no,Cash,Gaurangi Deol,SELL1020,Rastogi-Pathak Retail,Durgapur,4.7
CUST10242,Madhav Devan,Baranagar,Uttarakhand,new,ORD100539,10857.59,Screen Guard,Mobile Accessories,2025-05-07 21:35:16,lost_parcel,yes,UPI,Madhav Devan,SELL1001,Chaudry Ltd Retail,Gudivada,3.5
CUST10337,Advika Parsa,Ghaziabad,Sikkim,new,ORD100177,6297.87,Earphones,Mobile Accessories,2025-12-05 19:55:11,fulfilled,no,Credit Card,Advika Parsa,SELL1008,"Lalla, Bassi and Sharaf Retail",Ghaziabad,4.1
CUST10152,Theodore Gupta,Durgapur,Rajasthan,dormant,ORD101446,31394.63,Face Cream,Beauty,2024-11-07 07:33:46,fulfilled,no,Cash,Chasmum Verma,SELL1002,Balay-Balan Retail,Bellary,3.9
CUST10159,Jatin Sha,Firozabad,Odisha,active,ORD100697,41246.51,Jeans,Fashion,2025-05-22 16:12:01,fulfilled,yes,UPI,Jatin Sha,SELL1000,"Choudhury, Bakshi and Maharaj Retail",Rajahmundry,4.5
CUST10001,Yashica Cherian,Guna,Punjab,active,ORD100940,7826.59,Gold Necklace,Jewelry,2025-05-01 06:00:37,fulfilled,no,Cash,Yashica Cherian,SELL1003,Tiwari PLC Retail,Guna,3.8
CUST10132,Gaurangi Purohit,Pondicherry,West Bengal,inactive,ORD101049,22390.52,Ring,Jewelry,2026-03-10 07:50:59,processing,yes,UPI,Isha Ghose,SELL1019,Koshy Ltd Retail,Bhimavaram,3.5
CUST10280,Jeet Vasa,Avadi,Goa,active,ORD100922,14991.77,Exam Guide,Books,2024-12-01 21:26:31,fulfilled,no,Credit Card,Jeet Vasa,SELL1020,Rastogi-Pathak Retail,Durgapur,4.7
CUST10235,Triya Manda,Ambala,Mizoram,new,ORD100898,42280.13,Formal Shoes,Footwear,2026-03-14 23:16:16,fulfilled,yes,UPI,Triya Manda,SELL1016,Balay LLC Retail,Agartala,3.8
CUST10016,Pahal Goswami,Surendranagar Dudhrej,Haryana,active,ORD101492,30908.58,Building Blocks,Toys & Games,2025-11-26 22:01:07,fulfilled,no,Cash,Pahal Goswami,SELL1017,Kakar PLC Retail,Surendranagar Dudhrej,4.4
CUST10077,Inaya Kapur,Thane,Tripura,active,ORD100007,19079.84,Sneakers,Footwear,2024-05-26 18:51:16,fulfilled,no,UPI,Inaya Kapur,SELL1024,"Yadav, Loke and Oak Retail",Durg,4.9
CUST10175,Oviya Vora,Rajkot,Meghalaya,active,ORD100862,14969.59,Face Cream,Beauty,2025-12-23 17:42:24,fulfilled,yes,Cash,Oviya Vora,SELL1003,Tiwari PLC Retail,Rajkot,3.8
CUST10138,Hamsini Rao,Ozhukarai,West Bengal,new,ORD100667,20522.21,Phone Case,Mobile Accessories,2024-06-11 15:53:40,fulfilled,no,Cash,Hamsini Rao,SELL1003,Tiwari PLC Retail,Kishanganj,3.8
CUST10184,Dhriti Sane,Rohtak,Kerala,inactive,ORD101160,19416.24,Doll,Toys & Games,2024-09-30 22:50:31,returned,yes,Cash,Naveen Borde,SELL1014,"Garg, Walla and Konda Retail",Rohtak,4.5
CUST10049,Aarav Venkatesh,Bharatpur,Maharashtra,new,ORD100357,38848.87,Mixer Grinder,Home & Kitchen,2025-02-02 21:56:44,fulfilled,yes,Credit Card,Aarav Venkatesh,SELL1015,Madan-Kanda Retail,Bharatpur,4.3
CUST10169,Gavin Kala,Dhanbad,Uttar Pradesh,inactive,ORD100783,1099.83,Board Game,Toys & Games,2025-12-18 02:51:47,fulfilled,no,UPI,Gavin Kala,SELL1000,"Choudhury, Bakshi and Maharaj Retail",Dhanbad,4.5
CUST10183,Odika Nori,Silchar,Maharashtra,active,ORD100735,25323.74,Doll,Toys & Games,2025-05-08 23:18:54,fulfilled,yes,Credit Card,Odika Nori,SELL1020,Rastogi-Pathak Retail,Durgapur,4.7
CUST10216,Dakshesh Pillay,Solapur,Rajasthan,new,ORD100329,37883.47,Earphones,Mobile Accessories,2025-02-12 07:04:40,fulfilled,yes,UPI,Dakshesh Pillay,SELL1017,Kakar PLC Retail,Rajpur Sonarpur,4.4
CUST10253,Parth Shetty,South Dumdum,Uttar Pradesh,inactive,ORD101055,3596.61,Formal Shoes,Footwear,2025-12-16 03:07:39,fulfilled,no,Credit Card,Ayaan Pandey,SELL1000,"Choudhury, Bakshi and Maharaj Retail",South Dumdum,4.5
CUST10134,Urvashi Raj,Saharanpur,Meghalaya,active,ORD101148,33572.87,Perfume,Beauty,2025-10-09 10:48:12,lost_parcel,no,UPI,Urvashi Raj,SELL1020,Rastogi-Pathak Retail,Saharanpur,4.7
CUST10272,Siya Gera,Chandigarh,Uttar Pradesh,active,ORD101117,42598.26,Saree,Fashion,2025-12-21 18:03:29,fulfilled,no,UPI,Siya Gera,SELL1020,Rastogi-Pathak Retail,Durgapur,4.7
CUST10092,Vamakshi Swaminathan,Pune,Assam,new,ORD100258,32099.06,Perfume,Beauty,2025-01-12 01:03:39,fulfilled,no,Cash,Vamakshi Swaminathan,SELL1015,Madan-Kanda Retail,Pune,4.3
CUST10347,Darika Bains,Rohtak,Uttarakhand,active,ORD101175,3348.06,Ring,Jewelry,2026-04-12 22:03:16,fulfilled,no,Credit Card,Darika Bains,SELL1015,Madan-Kanda Retail,Pimpri-Chinchwad,4.3
CUST10134,Urvashi Raj,Saharanpur,Meghalaya,active,ORD100372,30551.14,Board Game,Toys & Games,2024-10-28 15:57:07,fulfilled,yes,Credit Card,Urvashi Raj,SELL1003,Tiwari PLC Retail,Kishanganj,3.8
CUST10245,Indrajit Mani,Barasat,Bihar,active,ORD101103,26196.73,T-Shirt,Fashion,2025-03-11 17:26:32,fulfilled,no,Credit Card,Indrajit Mani,SELL1014,"Garg, Walla and Konda Retail",Surendranagar Dudhrej,4.5
CUST10019,Tanay Rattan,Dehradun,Madhya Pradesh,new,ORD100925,22275.9,Face Cream,Beauty,2024-05-31 02:44:40,fulfilled,yes,Credit Card,Tanay Rattan,SELL1020,Rastogi-Pathak Retail,Durgapur,4.7
CUST10302,Jasmit Dhawan,Madanapalle,Mizoram,active,ORD100142,1473.92,Phone Case,Mobile Accessories,2025-10-16 23:40:06,fulfilled,yes,Cash,Jasmit Dhawan,SELL1011,Kaul Inc Retail,Alwar,4.3
CUST10206,Ansh Nair,Tadipatri,Manipur,inactive,ORD100525,14572.77,Formal Shoes,Footwear,2024-09-29 14:37:58,fulfilled,no,Credit Card,Brinda Mann,SELL1010,Boase Inc Retail,Ramagundam,3.8
CUST10208,Farhan Randhawa,Sonipat,Haryana,active,ORD101138,12612.31,Running Shoes,Footwear,2025-03-11 23:33:55,returned,no,Credit Card,Farhan Randhawa,SELL1012,Patla-Gaba Retail,Raichur,3.5
CUST10340,Kiaan Sridhar,Malda,Telangana,active,ORD101007,7465.13,Perfume,Beauty,2026-01-18 18:51:27,fulfilled,no,Credit Card,Kiaan Sridhar,SELL1021,"Tak, Chand and Batta Retail",Jamnagar,4.5
CUST10020,Madhavi Lanka,Baranagar,Maharashtra,active,ORD101121,4550.95,Puzzle,Toys & Games,2025-01-25 00:06:40,fulfilled,no,UPI,Madhavi Lanka,SELL1008,"Lalla, Bassi and Sharaf Retail",Baranagar,4.1
CUST10322,Xavier Bedi,Muzaffarpur,Arunachal Pradesh,new,ORD101423,33874.11,Refrigerator,Home & Kitchen,2026-01-17 21:45:57,fulfilled,no,Credit Card,Xavier Bedi,SELL1019,Koshy Ltd Retail,Bhimavaram,3.5
CUST10358,Vivaan Zacharia,Pimpri-Chinchwad,Chhattisgarh,inactive,ORD100440,9980.94,Running Shoes,Footwear,2024-05-29 06:29:58,returned,yes,UPI,Vivaan Zacharia,SELL1015,Madan-Kanda Retail,Pimpri-Chinchwad,4.3
CUST10062,Saanvi Thaman,Motihari,Manipur,inactive,ORD100531,15931.67,Silver Earrings,Jewelry,2025-10-31 10:54:30,fulfilled,yes,Credit Card,Krishna Sabharwal,SELL1014,"Garg, Walla and Konda Retail",Motihari,4.5
CUST10102,Charan Krishnan,Raipur,Uttarakhand,active,ORD101201,9398.11,Refrigerator,Home & Kitchen,2024-10-23 22:03:34,fulfilled,no,Cash,Charan Krishnan,SELL1007,Rai Inc Retail,Raipur,3.6
CUST10274,Owen Pathak,Bhilai,Gujarat,inactive,ORD100226,25310.84,Face Wash,Beauty,2025-10-09 12:03:28,fulfilled,no,UPI,Charita Nagi,SELL1016,Balay LLC Retail,Bhilai,3.8
CUST10334,Nandini Chandran,Kolhapur,Meghalaya,active,ORD101036,36842.03,Formal Shoes,Footwear,2024-11-30 08:14:30,fulfilled,no,UPI,Nandini Chandran,SELL1002,Balay-Balan Retail,Kolhapur,3.9
CUST10231,Krisha Dube,Bokaro,Uttarakhand,active,ORD100228,9040.2,Jeans,Fashion,2024-10-06 19:15:00,fulfilled,no,UPI,Krisha Dube,SELL1009,Memon Ltd Retail,Bokaro,3.5
CUST10125,Nathan Mukhopadhyay,Suryapet,Maharashtra,new,ORD101279,34807.22,Flip Flops,Footwear,2024-07-12 21:02:41,lost_parcel,no,Cash,Nathan Mukhopadhyay,SELL1008,"Lalla, Bassi and Sharaf Retail",Burhanpur,4.1
CUST10091,Frederick Khurana,Unnao,Nagaland,inactive,ORD101449,10393.95,Lipstick,Beauty,2025-06-23 03:09:29,fulfilled,no,Credit Card,Frederick Khurana,SELL1000,"Choudhury, Bakshi and Maharaj Retail",Unnao,4.5
CUST10004,Wriddhish Bhardwaj,Tezpur,Assam,active,ORD100212,36647.94,Remote Car,Toys & Games,2025-03-25 04:05:04,fulfilled,yes,Cash,Wriddhish Bhardwaj,SELL1003,Tiwari PLC Retail,Kishanganj,3.8
CUST10247,Amol Varma,Asansol,Jharkhand,new,ORD100079,1691.46,Ring,Jewelry,2024-11-02 00:57:03,fulfilled,no,UPI,Amol Varma,SELL1013,Loke Ltd Retail,Narasaraopet,3.8
CUST10322,Xavier Bedi,Muzaffarpur,Arunachal Pradesh,new,ORD100148,25493.29,Smartphone,Electronics,2024-09-18 14:44:18,fulfilled,yes,Cash,Xavier Bedi,SELL1001,Chaudry Ltd Retail,Gudivada,3.5
CUST10109,Upma Manne,Ahmednagar,Jharkhand,inactive,ORD100814,33237.32,Bracelet,Jewelry,2025-05-17 04:04:18,lost_parcel,yes,Cash,Upma Manne,SELL1007,Rai Inc Retail,Hapur,3.6
CUST10100,Brinda Date,Kota,West Bengal,new,ORD100903,28374.95,Fiction Novel,Books,2026-03-18 03:32:04,lost_parcel,no,Credit Card,Brinda Date,SELL1022,"Dutta, Sami and Bhatt Retail",Eluru,4.0
CUST10247,Amol Varma,Asansol,Jharkhand,new,ORD100958,17151.74,Building Blocks,Toys & Games,2025-12-05 12:13:16,fulfilled,no,Credit Card,Amol Varma,SELL1013,Loke Ltd Retail,Narasaraopet,3.8
CUST10172,Aradhana Dhillon,Panvel,Himachal Pradesh,active,ORD100671,29117.04,Self Help Book,Books,2026-04-02 02:27:12,returned,no,Credit Card,Aradhana Dhillon,SELL1002,Balay-Balan Retail,Panvel,3.9
CUST10361,Prisha Tandon,Hapur,Rajasthan,active,ORD101155,32179.62,Cookware Set,Home & Kitchen,2025-01-24 09:09:54,fulfilled,yes,Credit Card,Prisha Tandon,SELL1013,Loke Ltd Retail,Narasaraopet,3.8
CUST10175,Oviya Vora,Rajkot,Meghalaya,active,ORD100555,40378.7,Perfume,Beauty,2025-12-11 22:49:02,fulfilled,yes,Cash,Oviya Vora,SELL1002,Balay-Balan Retail,Rajkot,3.9
CUST10124,Raksha Sundaram,Bhopal,Rajasthan,active,ORD100907,33765.57,Ring,Jewelry,2025-11-25 04:47:10,fulfilled,no,Cash,Raksha Sundaram,SELL1002,Balay-Balan Retail,Bhopal,3.9
CUST10124,Raksha Sundaram,Bhopal,Rajasthan,active,ORD100133,13514.4,Ring,Jewelry,2025-06-06 21:21:45,fulfilled,no,UPI,Raksha Sundaram,SELL1005,Ahuja-Dutta Retail,Mau,4.5
CUST10211,Aahana Hora,Madanapalle,Chhattisgarh,active,ORD101108,23453.89,Cookware Set,Home & Kitchen,2024-08-28 17:47:49,fulfilled,yes,Credit Card,Aahana Hora,SELL1011,Kaul Inc Retail,Madanapalle,4.3
CUST10337,Advika Parsa,Ghaziabad,Sikkim,new,ORD100823,9935.71,Gold Necklace,Jewelry,2025-07-20 08:27:14,lost_parcel,no,Credit Card,Advika Parsa,SELL1003,Tiwari PLC Retail,Kishanganj,3.8
CUST10346,Yochana Sagar,Phusro,Arunachal Pradesh,new,ORD100408,42540.89,Puzzle,Toys & Games,2026-02-02 16:21:59,lost_parcel,no,Credit Card,Yochana Sagar,SELL1017,Kakar PLC Retail,Rajpur Sonarpur,4.4
CUST10075,Suhani Narain,Nadiad,Himachal Pradesh,new,ORD100368,9228.0,Biography,Books,2025-03-19 20:16:32,fulfilled,yes,UPI,Suhani Narain,SELL1006,Dugal-Kale Retail,Kota,4.8
CUST10295,Yashasvi Shankar,Thrissur,Odisha,active,ORD100507,10973.0,Dress,Fashion,2025-09-07 19:57:21,fulfilled,no,Credit Card,Yashasvi Shankar,SELL1017,Kakar PLC Retail,Rajpur Sonarpur,4.4
CUST10075,Suhani Narain,Nadiad,Himachal Pradesh,new,ORD101181,22251.8,Self Help Book,Books,2024-10-28 11:35:23,returned,yes,UPI,Suhani Narain,SELL1006,Dugal-Kale Retail,Kota,4.8
CUST10192,Harinakshi Panchal,Bokaro,West Bengal,dormant,ORD100504,19855.69,Biography,Books,2026-02-11 10:33:27,fulfilled,no,Cash,Shaurya Panchal,SELL1022,"Dutta, Sami and Bhatt Retail",Eluru,4.0
CUST10170,Yagnesh Dass,Coimbatore,Uttarakhand,active,ORD101488,6680.46,Sneakers,Footwear,2026-02-14 15:28:04,returned,no,Credit Card,Yagnesh Dass,SELL1021,"Tak, Chand and Batta Retail",Jamnagar,4.5
CUST10258,Rajeshri Ratta,Kharagpur,Karnataka,new,ORD100347,37146.52,Building Blocks,Toys & Games,2025-11-24 21:43:55,processing,no,Cash,Rajeshri Ratta,SELL1003,Tiwari PLC Retail,Kharagpur,3.8
CUST10214,Riya Mitter,Gudivada,Arunachal Pradesh,active,ORD100386,17012.27,T-Shirt,Fashion,2025-01-30 00:39:02,returned,no,Cash,Riya Mitter,SELL1005,Ahuja-Dutta Retail,Mau,4.5
CUST10309,Charan Srinivasan,Loni,Rajasthan,new,ORD100000,6885.87,Laptop,Electronics,2026-03-04 13:13:18,fulfilled,yes,Credit Card,Charan Srinivasan,SELL1015,Madan-Kanda Retail,Pimpri-Chinchwad,4.3
CUST10338,Udyati Mohanty,Machilipatnam,Sikkim,active,ORD100360,34130.85,Power Bank,Mobile Accessories,2025-05-15 17:09:54,returned,yes,Cash,Udyati Mohanty,SELL1000,"Choudhury, Bakshi and Maharaj Retail",Rajahmundry,4.5
CUST10245,Indrajit Mani,Barasat,Bihar,active,ORD100894,13916.96,Mixer Grinder,Home & Kitchen,2025-05-07 20:11:46,returned,no,Credit Card,Indrajit Mani,SELL1021,"Tak, Chand and Batta Retail",Jamnagar,4.5
CUST10361,Prisha Tandon,Hapur,Rajasthan,active,ORD100828,24519.54,Tablet,Electronics,2024-05-26 18:44:37,fulfilled,yes,UPI,Prisha Tandon,SELL1016,Balay LLC Retail,Hapur,3.8
CUST10048,Lekha Gupta,Varanasi,Tamil Nadu,inactive,ORD101415,1823.93,Lipstick,Beauty,2024-06-29 09:24:50,returned,yes,Cash,Lekha Gupta,SELL1012,Patla-Gaba Retail,Varanasi,3.5
CUST10134,Urvashi Raj,Saharanpur,Meghalaya,active,ORD100475,25347.21,Exam Guide,Books,2026-01-13 21:00:19,lost_parcel,yes,UPI,Urvashi Raj,SELL1000,"Choudhury, Bakshi and Maharaj Retail",Rajahmundry,4.5
CUST10078,Yug Iyengar,Jamnagar,Haryana,new,ORD101280,418.39,Lipstick,Beauty,2024-07-28 10:09:37,fulfilled,yes,Cash,Yug Iyengar,SELL1002,Balay-Balan Retail,Bellary,3.9
CUST10198,Hemani Sani,Anantapuram,Sikkim,active,ORD100057,26366.71,Perfume,Beauty,2024-07-23 10:39:34,fulfilled,no,UPI,Hemani Sani,SELL1020,Rastogi-Pathak Retail,Anantapuram,4.7
CUST10195,Devika Nair,Faridabad,Chhattisgarh,new,ORD100637,1151.14,Sneakers,Footwear,2024-09-02 05:52:37,fulfilled,yes,Credit Card,Devika Nair,SELL1007,Rai Inc Retail,Hapur,3.6
CUST10263,Indali Sekhon,Nagercoil,Punjab,active,ORD101330,2481.8,Running Shoes,Footwear,2025-09-06 14:00:28,fulfilled,yes,UPI,Indali Sekhon,SELL1006,Dugal-Kale Retail,Kota,4.8
CUST10107,Sarthak Kakar,Jodhpur,Goa,active,ORD101053,6742.21,Earphones,Mobile Accessories,2025-01-23 19:52:56,fulfilled,yes,Credit Card,Sarthak Kakar,SELL1007,Rai Inc Retail,Jodhpur,3.6
CUST10094,Urvashi Wali,Khandwa,Telangana,active,ORD101370,18499.86,Cookbook,Books,2026-01-26 14:18:06,fulfilled,no,Cash,Urvashi Wali,SELL1020,Rastogi-Pathak Retail,Khandwa,4.7
CUST10245,Indrajit Mani,Barasat,Bihar,active,ORD100172,2645.4,Puzzle,Toys & Games,2025-01-03 12:16:49,returned,yes,Cash,Indrajit Mani,SELL1022,"Dutta, Sami and Bhatt Retail",Eluru,4.0
CUST10218,Shivani Guha,Mahbubnagar,Meghalaya,inactive,ORD100450,21923.56,Biography,Books,2026-03-05 04:34:09,returned,yes,UPI,Shivani Guha,SELL1011,Kaul Inc Retail,Alwar,4.3
CUST10361,Prisha Tandon,Hapur,Rajasthan,active,ORD100125,24620.01,Phone Case,Mobile Accessories,2025-03-25 22:55:55,fulfilled,no,UPI,Prisha Tandon,SELL1000,"Choudhury, Bakshi and Maharaj Retail",Rajahmundry,4.5
CUST10347,Darika Bains,Rohtak,Uttarakhand,active,ORD101179,3067.18,Fiction Novel,Books,2024-08-08 11:26:01,fulfilled,no,Credit Card,Darika Bains,SELL1001,Chaudry Ltd Retail,Gudivada,3.5
CUST10038,Janya Baral,Bhagalpur,Sikkim,new,ORD100530,18786.53,Football,Sports,2026-04-20 23:57:43,fulfilled,no,Cash,Janya Baral,SELL1006,Dugal-Kale Retail,Bhagalpur,4.8
CUST10088,Ladli Nayar,Shimla,West Bengal,active,ORD100857,15533.19,Headphones,Electronics,2025-04-07 15:47:17,returned,no,Credit Card,Ladli Nayar,SELL1016,Balay LLC Retail,Agartala,3.8
CUST10133,William Rajagopal,Bulandshahr,Arunachal Pradesh,active,ORD100713,30100.13,Doll,Toys & Games,2025-04-09 12:03:54,fulfilled,no,UPI,William Rajagopal,SELL1016,Balay LLC Retail,Bulandshahr,3.8
CUST10056,Girik Keer,Kamarhati,Uttar Pradesh,inactive,ORD100090,14229.5,Dumbbells,Sports,2024-10-29 17:33:30,returned,yes,Credit Card,Mitali Bose,SELL1019,Koshy Ltd Retail,Kamarhati,3.5
CUST10158,Mekhala Pau,Tenali,Andhra Pradesh,new,ORD101450,24939.36,Formal Shoes,Footwear,2025-10-18 07:03:06,fulfilled,no,Cash,Mekhala Pau,SELL1013,Loke Ltd Retail,Tenali,3.8
CUST10112,Ekbal Bhasin,Aizawl,Punjab,new,ORD100181,32612.57,Headphones,Electronics,2024-11-26 08:53:59,fulfilled,yes,Credit Card,Ekbal Bhasin,SELL1020,Rastogi-Pathak Retail,Durgapur,4.7
CUST10353,Aarush Bajaj,Madhyamgram,Sikkim,new,ORD100875,43976.43,Running Shoes,Footwear,2025-01-03 09:05:11,lost_parcel,yes,Credit Card,Aarush Bajaj,SELL1022,"Dutta, Sami and Bhatt Retail",Madhyamgram,4.0
CUST10026,William Lanka,Mira-Bhayandar,Sikkim,new,ORD101030,31833.84,Screen Guard,Mobile Accessories,2025-02-23 10:53:00,fulfilled,yes,Cash,William Lanka,SELL1023,"Sidhu, Wadhwa and Krishnamurthy Retail",Mira-Bhayandar,3.7
CUST10190,Ishwar Mallick,Haldia,West Bengal,new,ORD100786,6787.54,Perfume,Beauty,2024-11-12 05:07:12,fulfilled,no,Cash,Ishwar Mallick,SELL1020,Rastogi-Pathak Retail,Durgapur,4.7
CUST10004,Wriddhish Bhardwaj,Tezpur,Assam,active,ORD100414,30396.13,Charger,Mobile Accessories,2024-10-11 00:02:54,returned,yes,Credit Card,Wriddhish Bhardwaj,SELL1020,Rastogi-Pathak Retail,Durgapur,4.7
CUST10106,Pushti Mody,Phagwara,Telangana,dormant,ORD100251,12585.2,Screen Guard,Mobile Accessories,2026-01-31 09:47:14,returned,yes,Cash,Pushti Mody,SELL1005,Ahuja-Dutta Retail,Mau,4.5
CUST10047,Ikbal Saraf,Satara,Maharashtra,active,ORD100069,42597.84,Cookbook,Books,2026-01-21 01:41:08,fulfilled,no,Cash,Ikbal Saraf,SELL1003,Tiwari PLC Retail,Satara,3.8
CUST10091,Frederick Khurana,Unnao,Nagaland,inactive,ORD100803,36468.6,Football,Sports,2025-01-18 03:40:39,returned,no,UPI,Gabriel Shan,SELL1016,Balay LLC Retail,Unnao,3.8
CUST10337,Advika Parsa,Ghaziabad,Sikkim,new,ORD100131,33525.6,Puzzle,Toys & Games,2026-01-20 10:14:50,fulfilled,no,UPI,Advika Parsa,SELL1005,Ahuja-Dutta Retail,Mau,4.5
CUST10075,Suhani Narain,Nadiad,Himachal Pradesh,new,ORD100300,29175.26,Mixer Grinder,Home & Kitchen,2025-09-09 16:59:43,fulfilled,no,UPI,Suhani Narain,SELL1010,Boase Inc Retail,Nadiad,3.8
CUST10293,Falak Munshi,Kozhikode,Meghalaya,inactive,ORD101429,27050.16,Perfume,Beauty,2024-09-01 14:21:53,fulfilled,yes,Cash,Falak Munshi,SELL1009,Memon Ltd Retail,Gangtok,3.5
CUST10372,Jagrati Morar,Karimnagar,Mizoram,inactive,ORD100326,21468.08,Kurta,Fashion,2024-08-11 00:47:33,fulfilled,no,Cash,Ojasvi Chada,SELL1012,Patla-Gaba Retail,Raichur,3.5
CUST10374,Dhriti Sachdev,Phusro,West Bengal,new,ORD101464,2942.89,Cricket Bat,Sports,2025-02-07 00:37:58,fulfilled,no,Cash,Dhriti Sachdev,SELL1005,Ahuja-Dutta Retail,Phusro,4.5
CUST10174,Ekiya Babu,Bilaspur,Arunachal Pradesh,active,ORD101113,40058.29,Screen Guard,Mobile Accessories,2025-09-01 17:11:24,returned,no,Cash,Ekiya Babu,SELL1018,"Tata, Randhawa and Shanker Retail",Bilaspur,4.7
CUST10075,Suhani Narain,Nadiad,Himachal Pradesh,new,ORD100499,39972.01,Face Cream,Beauty,2024-07-28 09:19:55,fulfilled,no,UPI,Suhani Narain,SELL1007,Rai Inc Retail,Hapur,3.6
CUST10085,Tripti Dua,Belgaum,Telangana,active,ORD101377,12048.9,Exam Guide,Books,2024-09-04 04:32:50,fulfilled,no,Cash,Tripti Dua,SELL1004,Saini and Sons Retail,Belgaum,4.6
CUST10049,Aarav Venkatesh,Bharatpur,Maharashtra,new,ORD100832,11722.54,Jeans,Fashion,2024-11-18 19:14:38,fulfilled,no,Cash,Aarav Venkatesh,SELL1009,Memon Ltd Retail,Gangtok,3.5
CUST10230,Yashica Zacharia,Naihati,Tripura,active,ORD100364,7852.79,Cricket Bat,Sports,2025-09-22 23:26:04,returned,yes,UPI,Yashica Zacharia,SELL1012,Patla-Gaba Retail,Raichur,3.5
CUST10016,Pahal Goswami,Surendranagar Dudhrej,Haryana,active,ORD100495,34971.46,Saree,Fashion,2024-12-11 23:04:56,returned,yes,UPI,Pahal Goswami,SELL1015,Madan-Kanda Retail,Surendranagar Dudhrej,4.3
CUST10165,Oeshi Chaudhary,Tadepalligudem,Maharashtra,dormant,ORD101394,11869.99,Face Wash,Beauty,2024-10-23 11:31:35,fulfilled,no,Cash,Oeshi Chaudhary,SELL1021,"Tak, Chand and Batta Retail",Jamnagar,4.5
CUST10326,Vincent Warrior,Akola,Maharashtra,inactive,ORD100338,30912.57,Lipstick,Beauty,2025-04-27 03:51:23,fulfilled,no,UPI,Vincent Warrior,SELL1009,Memon Ltd Retail,Gangtok,3.5
CUST10247,Amol Varma,Asansol,Jharkhand,new,ORD100421,3568.64,Kurta,Fashion,2025-08-28 02:02:04,fulfilled,no,Cash,Amol Varma,SELL1003,Tiwari PLC Retail,Asansol,3.8
CUST10050,Ganga Murthy,Dewas,Mizoram,inactive,ORD100164,30728.17,Tablet,Electronics,2025-04-21 13:53:30,fulfilled,no,Credit Card,Yauvani Reddy,SELL1022,"Dutta, Sami and Bhatt Retail",Dewas,4.0
CUST10245,Indrajit Mani,Barasat,Bihar,active,ORD100028,33949.56,T-Shirt,Fashion,2024-12-21 05:23:23,fulfilled,yes,UPI,Indrajit Mani,SELL1018,"Tata, Randhawa and Shanker Retail",Barasat,4.7
CUST10251,Amol Parikh,Hapur,Haryana,new,ORD100516,24164.89,Running Shoes,Footwear,2024-10-29 13:32:35,processing,no,Cash,Amol Parikh,SELL1011,Kaul Inc Retail,Alwar,4.3
CUST10055,Yasti Solanki,Guwahati,Jharkhand,new,ORD100193,8724.26,T-Shirt,Fashion,2024-09-12 04:16:25,fulfilled,yes,Credit Card,Yasti Solanki,SELL1021,"Tak, Chand and Batta Retail",Jamnagar,4.5
CUST10130,Harini Tripathi,Delhi,Jharkhand,active,ORD101327,20773.44,Formal Shoes,Footwear,2025-03-30 19:49:49,fulfilled,yes,Cash,Harini Tripathi,SELL1023,"Sidhu, Wadhwa and Krishnamurthy Retail",Raipur,3.7
CUST10102,Charan Krishnan,Raipur,Uttarakhand,active,ORD101361,35077.02,Dress,Fashion,2025-12-18 08:03:48,fulfilled,yes,UPI,Charan Krishnan,SELL1006,Dugal-Kale Retail,Kota,4.8
CUST10257,Champak Narula,Amravati,Uttar Pradesh,dormant,ORD100945,4805.27,Headphones,Electronics,2026-03-10 22:12:36,processing,yes,Cash,Champak Narula,SELL1024,"Yadav, Loke and Oak Retail",Durg,4.9
CUST10065,Wahab Magar,Imphal,Nagaland,active,ORD101360,40401.77,Bluetooth Speaker,Electronics,2025-04-03 02:03:25,fulfilled,yes,UPI,Wahab Magar,SELL1002,Balay-Balan Retail,Imphal,3.9
CUST10105,Omaja Kara,Hospet,Manipur,active,ORD100169,25933.99,Earphones,Mobile Accessories,2025-07-26 07:15:26,fulfilled,no,Credit Card,Omaja Kara,SELL1012,Patla-Gaba Retail,Raichur,3.5
CUST10214,Riya Mitter,Gudivada,Arunachal Pradesh,active,ORD100167,30511.0,Biography,Books,2024-07-30 10:28:03,fulfilled,no,Credit Card,Riya Mitter,SELL1015,Madan-Kanda Retail,Gudivada,4.3
CUST10080,Jyoti Ganesh,Ujjain,Jharkhand,active,ORD100652,27541.29,Bed Sheet,Home & Kitchen,2025-03-16 02:43:30,fulfilled,no,Cash,Jyoti Ganesh,SELL1011,Kaul Inc Retail,Ujjain,4.3
CUST10363,Qarin Yogi,New Delhi,West Bengal,new,ORD100173,44012.59,Bed Sheet,Home & Kitchen,2025-04-08 05:49:48,fulfilled,yes,UPI,Qarin Yogi,SELL1020,Rastogi-Pathak Retail,Durgapur,4.7
CUST10134,Urvashi Raj,Saharanpur,Meghalaya,active,ORD100518,20521.89,Board Game,Toys & Games,2024-07-06 22:21:41,fulfilled,yes,UPI,Urvashi Raj,SELL1023,"Sidhu, Wadhwa and Krishnamurthy Retail",Saharanpur,3.7
CUST10288,Ojasvi Sule,Kurnool,Karnataka,new,ORD101213,12642.93,Silver Earrings,Jewelry,2026-01-21 11:00:40,lost_parcel,yes,Credit Card,Ojasvi Sule,SELL1007,Rai Inc Retail,Hapur,3.6
CUST10059,Yagnesh Divan,Aligarh,Tripura,dormant,ORD101400,9670.03,Bracelet,Jewelry,2025-03-26 03:23:30,processing,no,UPI,Azaan Khurana,SELL1023,"Sidhu, Wadhwa and Krishnamurthy Retail",Raipur,3.7
CUST10138,Hamsini Rao,Ozhukarai,West Bengal,new,ORD100912,10961.99,T-Shirt,Fashion,2024-06-28 20:21:25,fulfilled,yes,Credit Card,Hamsini Rao,SELL1013,Loke Ltd Retail,Ozhukarai,3.8
CUST10104,Max Dixit,Guwahati,Haryana,active,ORD100491,33508.58,Cookbook,Books,2026-02-25 13:29:27,fulfilled,yes,Credit Card,Max Dixit,SELL1006,Dugal-Kale Retail,Kota,4.8
CUST10107,Sarthak Kakar,Jodhpur,Goa,active,ORD100953,9019.13,Refrigerator,Home & Kitchen,2024-09-29 07:23:49,fulfilled,yes,Cash,Sarthak Kakar,SELL1018,"Tata, Randhawa and Shanker Retail",Bilaspur,4.7
CUST10359,Vivaan Nagar,Patiala,Jharkhand,new,ORD100073,37141.17,Dress,Fashion,2024-08-03 21:31:29,processing,yes,Cash,Vivaan Nagar,SELL1006,Dugal-Kale Retail,Kota,4.8
CUST10337,Advika Parsa,Ghaziabad,Sikkim,new,ORD101252,35292.19,Tablet,Electronics,2026-03-26 03:55:37,fulfilled,no,Cash,Advika Parsa,SELL1024,"Yadav, Loke and Oak Retail",Ghaziabad,4.9
CUST10312,Nitara Jani,Orai,Tripura,inactive,ORD100587,41410.02,Gold Necklace,Jewelry,2024-09-01 06:53:22,fulfilled,yes,Cash,Nitara Jani,SELL1014,"Garg, Walla and Konda Retail",Orai,4.5
CUST10038,Janya Baral,Bhagalpur,Sikkim,new,ORD100750,11456.53,Refrigerator,Home & Kitchen,2026-02-19 16:29:26,fulfilled,yes,UPI,Janya Baral,SELL1021,"Tak, Chand and Batta Retail",Jamnagar,4.5
CUST10226,Dayita Puri,Warangal,Sikkim,new,ORD100657,40164.36,Formal Shoes,Footwear,2024-07-26 06:21:40,processing,yes,UPI,Dayita Puri,SELL1018,"Tata, Randhawa and Shanker Retail",Bilaspur,4.7
CUST10334,Nandini Chandran,Kolhapur,Meghalaya,active,ORD100842,42559.7,Cookbook,Books,2025-12-07 16:07:20,fulfilled,no,UPI,Nandini Chandran,SELL1008,"Lalla, Bassi and Sharaf Retail",Kolhapur,4.1
CUST10376,Chakrika Dua,Ozhukarai,Haryana,active,ORD100234,21721.27,Building Blocks,Toys & Games,2025-03-09 22:01:49,fulfilled,yes,Cash,Chakrika Dua,SELL1016,Balay LLC Retail,Agartala,3.8
CUST10351,Krishna Prashad,Panvel,Chhattisgarh,new,ORD100732,32779.42,Tablet,Electronics,2026-05-10 00:09:43,fulfilled,no,Credit Card,Krishna Prashad,SELL1006,Dugal-Kale Retail,Kota,4.8
CUST10376,Chakrika Dua,Ozhukarai,Haryana,active,ORD100214,10395.05,Dress,Fashion,2026-03-06 12:39:43,fulfilled,no,Credit Card,Chakrika Dua,SELL1020,Rastogi-Pathak Retail,Durgapur,4.7
CUST10188,Bhavna Muni,Vasai-Virar,Odisha,new,ORD100162,1042.69,Cricket Bat,Sports,2024-07-28 15:11:23,lost_parcel,yes,Cash,Bhavna Muni,SELL1013,Loke Ltd Retail,Narasaraopet,3.8
CUST10306,Gayathri Tripathi,Phusro,Jharkhand,inactive,ORD100132,32800.26,Jacket,Fashion,2025-05-06 18:42:56,fulfilled,yes,Credit Card,Gayathri Tripathi,SELL1019,Koshy Ltd Retail,Bhimavaram,3.5
CUST10170,Yagnesh Dass,Coimbatore,Uttarakhand,active,ORD101311,32668.53,Refrigerator,Home & Kitchen,2026-03-26 14:45:44,fulfilled,yes,UPI,Yagnesh Dass,SELL1024,"Yadav, Loke and Oak Retail",Durg,4.9
CUST10026,William Lanka,Mira-Bhayandar,Sikkim,new,ORD100222,27951.75,Face Cream,Beauty,2025-04-21 07:07:10,fulfilled,yes,UPI,William Lanka,SELL1002,Balay-Balan Retail,Mira-Bhayandar,3.9
CUST10118,Ijaya Rege,Pondicherry,Sikkim,new,ORD101227,3942.4,Building Blocks,Toys & Games,2025-04-28 09:12:25,lost_parcel,yes,Cash,Ijaya Rege,SELL1004,Saini and Sons Retail,Giridih,4.6
CUST10200,Abhimanyu Jayaraman,Rajpur Sonarpur,Tripura,active,ORD100934,22140.89,Cricket Bat,Sports,2024-12-08 20:37:04,returned,yes,UPI,Abhimanyu Jayaraman,SELL1020,Rastogi-Pathak Retail,Durgapur,4.7
CUST10024,Wahab Raval,Jehanabad,Haryana,new,ORD100185,25517.91,Tablet,Electronics,2025-11-05 03:04:02,fulfilled,no,Cash,Wahab Raval,SELL1016,Balay LLC Retail,Jehanabad,3.8
CUST10121,Jack Raval,Hosur,Manipur,active,ORD100041,43667.23,Building Blocks,Toys & Games,2025-02-21 03:06:44,fulfilled,yes,Cash,Jack Raval,SELL1000,"Choudhury, Bakshi and Maharaj Retail",Rajahmundry,4.5
CUST10180,Dominic Date,Bhimavaram,Nagaland,dormant,ORD100692,31289.45,Yoga Mat,Sports,2025-03-01 15:38:00,processing,yes,UPI,Dominic Date,SELL1001,Chaudry Ltd Retail,Bhimavaram,3.5
CUST10273,Idika Bhattacharyya,Dewas,West Bengal,active,ORD100108,29648.07,Formal Shoes,Footwear,2025-11-08 05:31:52,fulfilled,no,Cash,Idika Bhattacharyya,SELL1010,Boase Inc Retail,Dewas,3.8
CUST10226,Dayita Puri,Warangal,Sikkim,new,ORD100038,34410.74,Bed Sheet,Home & Kitchen,2025-07-04 17:42:08,fulfilled,no,UPI,Dayita Puri,SELL1016,Balay LLC Retail,Agartala,3.8
CUST10204,Rajata Bahl,Solapur,West Bengal,active,ORD100568,28543.67,Silver Earrings,Jewelry,2025-02-08 04:03:49,processing,yes,UPI,Rajata Bahl,SELL1019,Koshy Ltd Retail,Solapur,3.5
CUST10113,Reva Dash,Avadi,Tamil Nadu,dormant,ORD100994,38648.95,Cookbook,Books,2025-07-04 05:44:09,fulfilled,yes,Credit Card,Reva Dash,SELL1024,"Yadav, Loke and Oak Retail",Avadi,4.9
CUST10083,Benjamin Palan,Uluberia,Assam,inactive,ORD101342,18356.68,Bracelet,Jewelry,2024-06-06 13:01:11,fulfilled,no,Credit Card,Chavvi Mukhopadhyay,SELL1014,"Garg, Walla and Konda Retail",Uluberia,4.5
CUST10078,Yug Iyengar,Jamnagar,Haryana,new,ORD101441,34754.93,Screen Guard,Mobile Accessories,2025-03-10 05:51:44,returned,yes,UPI,Yug Iyengar,SELL1023,"Sidhu, Wadhwa and Krishnamurthy Retail",Raipur,3.7
CUST10026,William Lanka,Mira-Bhayandar,Sikkim,new,ORD100483,41941.99,Puzzle,Toys & Games,2026-01-02 03:21:18,fulfilled,yes,UPI,William Lanka,SELL1007,Rai Inc Retail,Mira-Bhayandar,3.6
CUST10150,Chakrika Bains,Panipat,Andhra Pradesh,new,ORD100468,30979.02,Bed Sheet,Home & Kitchen,2025-05-12 00:56:23,fulfilled,yes,UPI,Chakrika Bains,SELL1003,Tiwari PLC Retail,Kishanganj,3.8
CUST10324,Abdul Dugar,Fatehpur,Meghalaya,active,ORD100890,1644.68,Refrigerator,Home & Kitchen,2025-07-12 02:12:32,fulfilled,no,Cash,Abdul Dugar,SELL1004,Saini and Sons Retail,Fatehpur,4.6
CUST10284,Onveer Nazareth,Bhopal,Assam,new,ORD100947,27315.01,Football,Sports,2026-02-09 02:36:06,returned,no,UPI,Onveer Nazareth,SELL1021,"Tak, Chand and Batta Retail",Jamnagar,4.5
CUST10114,Anita Tella,Bahraich,Assam,inactive,ORD100024,26295.12,Bracelet,Jewelry,2025-10-15 21:48:08,fulfilled,no,Cash,Amol Ahuja,SELL1013,Loke Ltd Retail,Narasaraopet,3.8
CUST10362,Eiravati Saha,Jalgaon,Jharkhand,new,ORD101009,35734.06,Cookware Set,Home & Kitchen,2025-02-13 01:06:43,fulfilled,no,Cash,Eiravati Saha,SELL1011,Kaul Inc Retail,Alwar,4.3
CUST10200,Abhimanyu Jayaraman,Rajpur Sonarpur,Tripura,active,ORD101192,29369.71,Doll,Toys & Games,2024-05-24 18:58:43,fulfilled,yes,Credit Card,Abhimanyu Jayaraman,SELL1009,Memon Ltd Retail,Gangtok,3.5
CUST10345,Vrinda Chand,Pimpri-Chinchwad,Manipur,new,ORD100068,10194.34,Dress,Fashion,2025-10-04 17:47:37,fulfilled,yes,UPI,Vrinda Chand,SELL1014,"Garg, Walla and Konda Retail",Surendranagar Dudhrej,4.5
CUST10248,Aarav Pandit,Aurangabad,Maharashtra,active,ORD100884,16350.81,Kurta,Fashion,2024-09-26 12:01:23,fulfilled,no,Cash,Aarav Pandit,SELL1016,Balay LLC Retail,Agartala,3.8
CUST10283,Girik Thakkar,Guntakal,Odisha,active,ORD101354,34136.79,Football,Sports,2025-04-10 13:03:29,fulfilled,no,UPI,Girik Thakkar,SELL1022,"Dutta, Sami and Bhatt Retail",Eluru,4.0
CUST10042,Lavanya Barad,Korba,Gujarat,inactive,ORD100366,11596.65,Cookware Set,Home & Kitchen,2024-10-13 14:21:19,fulfilled,no,Credit Card,Meghana Balakrishnan,SELL1022,"Dutta, Sami and Bhatt Retail",Eluru,4.0
CUST10100,Brinda Date,Kota,West Bengal,new,ORD100505,37461.16,Power Bank,Mobile Accessories,2026-03-21 14:57:44,fulfilled,no,UPI,Brinda Date,SELL1002,Balay-Balan Retail,Bellary,3.9
CUST10252,Gaurangi Deol,Nagercoil,Nagaland,new,ORD100850,25586.67,Flip Flops,Footwear,2024-07-07 08:22:35,returned,yes,Credit Card,Gaurangi Deol,SELL1005,Ahuja-Dutta Retail,Nagercoil,4.5
CUST10289,Dhriti Nagar,Silchar,Chhattisgarh,dormant,ORD101315,16799.59,Dumbbells,Sports,2026-04-03 16:58:24,fulfilled,yes,UPI,Dhriti Nagar,SELL1000,"Choudhury, Bakshi and Maharaj Retail",Rajahmundry,4.5
CUST10010,Veer Bir,Bathinda,Assam,active,ORD100383,24844.26,Saree,Fashion,2025-07-12 20:11:16,fulfilled,no,Cash,Veer Bir,SELL1019,Koshy Ltd Retail,Bhimavaram,3.5
CUST10095,Indira Setty,Farrukhabad,Himachal Pradesh,new,ORD100734,27174.68,Remote Car,Toys & Games,2024-08-19 21:59:52,fulfilled,no,Credit Card,Indira Setty,SELL1003,Tiwari PLC Retail,Farrukhabad,3.8
CUST10360,Timothy Sachdev,Panipat,Arunachal Pradesh,dormant,ORD100717,1711.49,Board Game,Toys & Games,2024-07-24 20:25:01,fulfilled,yes,UPI,Arunima Chacko,SELL1012,Patla-Gaba Retail,Raichur,3.5
CUST10054,Ekanta Shroff,Mango,Sikkim,inactive,ORD101335,38489.57,Silver Earrings,Jewelry,2025-03-25 05:57:46,fulfilled,yes,Cash,Wazir Bawa,SELL1017,Kakar PLC Retail,Rajpur Sonarpur,4.4
CUST10270,Jacob Lala,Amroha,Gujarat,dormant,ORD100454,27006.62,Bed Sheet,Home & Kitchen,2024-07-25 00:56:36,fulfilled,yes,Cash,Jacob Lala,SELL1014,"Garg, Walla and Konda Retail",Amroha,4.5
CUST10029,Ikshita Biswas,Uluberia,Jharkhand,new,ORD100264,16410.82,Kurta,Fashion,2025-04-15 11:31:41,fulfilled,no,Credit Card,Ikshita Biswas,SELL1021,"Tak, Chand and Batta Retail",Jamnagar,4.5
CUST10312,Nitara Jani,Orai,Tripura,inactive,ORD100075,10714.27,Refrigerator,Home & Kitchen,2025-07-06 01:27:07,fulfilled,yes,Credit Card,Nitara Jani,SELL1000,"Choudhury, Bakshi and Maharaj Retail",Orai,4.5
CUST10313,David Devi,Kishanganj,Karnataka,active,ORD100914,14723.1,Face Wash,Beauty,2025-01-08 22:38:45,processing,yes,UPI,David Devi,SELL1006,Dugal-Kale Retail,Kota,4.8
CUST10259,Watika Tank,Kadapa,Himachal Pradesh,active,ORD100232,24888.98,Silver Earrings,Jewelry,2025-12-13 14:54:08,fulfilled,no,Cash,Watika Tank,SELL1014,"Garg, Walla and Konda Retail",Surendranagar Dudhrej,4.5
CUST10341,Ojasvi Sinha,Shahjahanpur,Sikkim,inactive,ORD100444,24405.62,Bluetooth Speaker,Electronics,2026-02-14 00:34:40,fulfilled,no,UPI,Yashasvi Talwar,SELL1020,Rastogi-Pathak Retail,Durgapur,4.7
CUST10258,Rajeshri Ratta,Kharagpur,Karnataka,new,ORD100395,40255.7,Screen Guard,Mobile Accessories,2025-09-30 05:41:56,fulfilled,no,Cash,Rajeshri Ratta,SELL1013,Loke Ltd Retail,Narasaraopet,3.8
CUST10094,Urvashi Wali,Khandwa,Telangana,active,ORD100611,27825.78,Exam Guide,Books,2024-05-22 16:06:05,fulfilled,yes,Cash,Urvashi Wali,SELL1000,"Choudhury, Bakshi and Maharaj Retail",Rajahmundry,4.5
CUST10332,Akshay Nazareth,Tezpur,Sikkim,new,ORD100176,713.25,Flip Flops,Footwear,2024-07-26 14:45:53,fulfilled,no,UPI,Akshay Nazareth,SELL1003,Tiwari PLC Retail,Kishanganj,3.8
CUST10003,Ekiya Suresh,Gorakhpur,Kerala,dormant,ORD100018,19076.05,Gold Necklace,Jewelry,2025-09-29 03:58:26,fulfilled,yes,Cash,Ekiya Suresh,SELL1013,Loke Ltd Retail,Narasaraopet,3.8
CUST10150,Chakrika Bains,Panipat,Andhra Pradesh,new,ORD101310,20887.73,Cookware Set,Home & Kitchen,2024-12-30 01:00:31,fulfilled,yes,Credit Card,Chakrika Bains,SELL1005,Ahuja-Dutta Retail,Panipat,4.5
CUST10361,Prisha Tandon,Hapur,Rajasthan,active,ORD101221,43150.5,Face Wash,Beauty,2025-03-14 02:30:18,fulfilled,no,Cash,Prisha Tandon,SELL1016,Balay LLC Retail,Agartala,3.8
CUST10331,Ganga Gaba,Bardhaman,Tamil Nadu,new,ORD100341,9271.69,Laptop,Electronics,2025-05-08 06:04:42,fulfilled,no,UPI,Ganga Gaba,SELL1001,Chaudry Ltd Retail,Gudivada,3.5
CUST10121,Jack Raval,Hosur,Manipur,active,ORD101347,13395.58,Laptop,Electronics,2025-12-20 11:51:53,fulfilled,no,Credit Card,Jack Raval,SELL1018,"Tata, Randhawa and Shanker Retail",Bilaspur,4.7
CUST10198,Hemani Sani,Anantapuram,Sikkim,active,ORD100879,21052.21,Football,Sports,2024-12-19 01:28:34,processing,no,Cash,Hemani Sani,SELL1016,Balay LLC Retail,Agartala,3.8
CUST10124,Raksha Sundaram,Bhopal,Rajasthan,active,ORD100595,29130.66,Smartphone,Electronics,2024-12-20 15:56:39,lost_parcel,yes,Cash,Raksha Sundaram,SELL1006,Dugal-Kale Retail,Kota,4.8
CUST10344,Nitesh Narang,Bhiwandi,Sikkim,active,ORD100061,33608.94,Self Help Book,Books,2024-05-29 04:00:55,fulfilled,no,Credit Card,Nitesh Narang,SELL1019,Koshy Ltd Retail,Bhimavaram,3.5
CUST10314,Krisha Murthy,Jaunpur,Nagaland,inactive,ORD101260,39484.86,T-Shirt,Fashion,2024-07-22 03:40:48,fulfilled,yes,Cash,Krisha Murthy,SELL1002,Balay-Balan Retail,Bellary,3.9
CUST10077,Inaya Kapur,Thane,Tripura,active,ORD100272,27429.24,Perfume,Beauty,2025-03-29 03:23:59,fulfilled,yes,Credit Card,Inaya Kapur,SELL1009,Memon Ltd Retail,Gangtok,3.5
CUST10058,Tamanna Sachdeva,Yamunanagar,Meghalaya,new,ORD101208,17343.09,Lipstick,Beauty,2024-07-24 11:15:03,processing,yes,Cash,Tamanna Sachdeva,SELL1000,"Choudhury, Bakshi and Maharaj Retail",Yamunanagar,4.5
CUST10012,Xavier Solanki,Jhansi,Bihar,active,ORD100872,1625.97,Hair Oil,Beauty,2025-08-24 13:35:17,fulfilled,no,UPI,Xavier Solanki,SELL1005,Ahuja-Dutta Retail,Jhansi,4.5
CUST10345,Vrinda Chand,Pimpri-Chinchwad,Manipur,new,ORD101120,13010.44,Board Game,Toys & Games,2025-02-15 04:51:38,fulfilled,yes,Credit Card,Vrinda Chand,SELL1017,Kakar PLC Retail,Rajpur Sonarpur,4.4
CUST10135,Jonathan Thakkar,Salem,West Bengal,new,ORD101406,41645.39,Mixer Grinder,Home & Kitchen,2026-03-28 22:47:20,fulfilled,no,UPI,Jonathan Thakkar,SELL1015,Madan-Kanda Retail,Salem,4.3
CUST10276,Unni Dayal,Amritsar,Jharkhand,new,ORD100278,38136.97,Laptop,Electronics,2025-11-10 02:14:21,fulfilled,yes,Credit Card,Unni Dayal,SELL1002,Balay-Balan Retail,Bellary,3.9
CUST10171,Tarak Kaul,Siliguri,Uttar Pradesh,dormant,ORD100036,21250.27,Cookbook,Books,2024-08-04 15:16:20,fulfilled,no,UPI,Wridesh Handa,SELL1008,"Lalla, Bassi and Sharaf Retail",Burhanpur,4.1
CUST10327,Balhaar Ranganathan,Gaya,Telangana,new,ORD100662,3459.3,Dumbbells,Sports,2025-12-02 23:36:51,fulfilled,yes,UPI,Balhaar Ranganathan,SELL1001,Chaudry Ltd Retail,Gaya,3.5
CUST10107,Sarthak Kakar,Jodhpur,Goa,active,ORD101351,18107.73,Headphones,Electronics,2025-01-26 01:16:13,fulfilled,no,Cash,Sarthak Kakar,SELL1012,Patla-Gaba Retail,Raichur,3.5
CUST10038,Janya Baral,Bhagalpur,Sikkim,new,ORD101089,8158.05,Puzzle,Toys & Games,2024-08-08 07:13:39,fulfilled,no,Credit Card,Janya Baral,SELL1005,Ahuja-Dutta Retail,Mau,4.5
CUST10019,Tanay Rattan,Dehradun,Madhya Pradesh,new,ORD100977,37720.17,Charger,Mobile Accessories,2025-09-14 18:08:19,lost_parcel,yes,Cash,Tanay Rattan,SELL1024,"Yadav, Loke and Oak Retail",Durg,4.9
CUST10339,Jacob Merchant,Srikakulam,Haryana,dormant,ORD100738,30323.41,Jacket,Fashion,2024-07-03 13:39:33,returned,yes,Credit Card,Parth Dar,SELL1023,"Sidhu, Wadhwa and Krishnamurthy Retail",Raipur,3.7
CUST10250,Madhavi Singhal,Munger,Kerala,inactive,ORD100191,15844.66,Refrigerator,Home & Kitchen,2024-12-16 07:19:00,returned,yes,Cash,Madhavi Singhal,SELL1012,Patla-Gaba Retail,Raichur,3.5
CUST10020,Madhavi Lanka,Baranagar,Maharashtra,active,ORD100919,1087.92,Running Shoes,Footwear,2025-07-27 15:34:50,fulfilled,yes,Cash,Madhavi Lanka,SELL1012,Patla-Gaba Retail,Raichur,3.5
CUST10371,Mekhala Khatri,Ichalkaranji,Madhya Pradesh,dormant,ORD100456,4180.96,Cookbook,Books,2024-06-14 19:08:11,fulfilled,yes,UPI,Mekhala Khatri,SELL1011,Kaul Inc Retail,Alwar,4.3
CUST10058,Tamanna Sachdeva,Yamunanagar,Meghalaya,new,ORD100675,5525.32,Dumbbells,Sports,2025-10-05 17:19:44,fulfilled,yes,UPI,Tamanna Sachdeva,SELL1004,Saini and Sons Retail,Giridih,4.6
CUST10001,Yashica Cherian,Guna,Punjab,active,ORD100760,22852.53,Puzzle,Toys & Games,2025-05-10 09:21:10,processing,yes,Credit Card,Yashica Cherian,SELL1012,Patla-Gaba Retail,Raichur,3.5
CUST10167,Janani Chaudhary,Tinsukia,Rajasthan,new,ORD101352,5844.47,Water Bottle,Home & Kitchen,2024-12-17 02:12:13,returned,no,Credit Card,Janani Chaudhary,SELL1024,"Yadav, Loke and Oak Retail",Durg,4.9
CUST10230,Yashica Zacharia,Naihati,Tripura,active,ORD100728,12518.69,Flip Flops,Footwear,2024-11-23 04:22:29,returned,no,UPI,Yashica Zacharia,SELL1015,Madan-Kanda Retail,Pimpri-Chinchwad,4.3
CUST10282,Zashil Hegde,Cuttack,Rajasthan,new,ORD100412,7171.98,Bracelet,Jewelry,2025-01-14 00:32:50,fulfilled,no,Credit Card,Zashil Hegde,SELL1001,Chaudry Ltd Retail,Cuttack,3.5
CUST10287,Chameli Setty,Allahabad,Goa,active,ORD100825,22862.45,Ring,Jewelry,2026-01-30 01:52:25,fulfilled,no,Cash,Chameli Setty,SELL1021,"Tak, Chand and Batta Retail",Jamnagar,4.5
CUST10143,Yash Wali,Buxar,Sikkim,inactive,ORD100616,31840.37,Bracelet,Jewelry,2025-08-25 22:50:21,processing,no,UPI,Zilmil Saxena,SELL1004,Saini and Sons Retail,Giridih,4.6
CUST10273,Idika Bhattacharyya,Dewas,West Bengal,active,ORD100114,2252.1,Yoga Mat,Sports,2024-07-02 12:49:31,returned,yes,Cash,Idika Bhattacharyya,SELL1014,"Garg, Walla and Konda Retail",Surendranagar Dudhrej,4.5
CUST10304,Urvi Venkataraman,Jalgaon,Punjab,active,ORD100417,38271.04,Self Help Book,Books,2024-09-08 14:57:56,fulfilled,yes,Cash,Urvi Venkataraman,SELL1009,Memon Ltd Retail,Gangtok,3.5
CUST10077,Inaya Kapur,Thane,Tripura,active,ORD101428,6664.8,Exam Guide,Books,2026-04-29 19:43:50,fulfilled,yes,Cash,Inaya Kapur,SELL1000,"Choudhury, Bakshi and Maharaj Retail",Rajahmundry,4.5
CUST10172,Aradhana Dhillon,Panvel,Himachal Pradesh,active,ORD100969,21864.63,Cookware Set,Home & Kitchen,2024-10-14 04:36:03,returned,yes,Credit Card,Aradhana Dhillon,SELL1006,Dugal-Kale Retail,Kota,4.8
CUST10226,Dayita Puri,Warangal,Sikkim,new,ORD100604,38151.98,Face Wash,Beauty,2025-09-19 17:57:37,fulfilled,yes,Cash,Dayita Puri,SELL1008,"Lalla, Bassi and Sharaf Retail",Burhanpur,4.1
CUST10003,Ekiya Suresh,Gorakhpur,Kerala,dormant,ORD101434,32175.09,Silver Earrings,Jewelry,2024-05-28 09:37:36,fulfilled,no,Cash,Zayyan Mody,SELL1018,"Tata, Randhawa and Shanker Retail",Bilaspur,4.7
CUST10020,Madhavi Lanka,Baranagar,Maharashtra,active,ORD100089,33421.06,Smartphone,Electronics,2024-06-02 23:44:21,fulfilled,no,UPI,Madhavi Lanka,SELL1023,"Sidhu, Wadhwa and Krishnamurthy Retail",Raipur,3.7
CUST10086,Veda Shroff,Guntakal,Himachal Pradesh,new,ORD100848,22372.74,Cricket Bat,Sports,2025-04-12 21:47:09,fulfilled,yes,Cash,Veda Shroff,SELL1008,"Lalla, Bassi and Sharaf Retail",Burhanpur,4.1
CUST10175,Oviya Vora,Rajkot,Meghalaya,active,ORD101145,33145.97,Screen Guard,Mobile Accessories,2026-01-24 10:50:38,fulfilled,no,UPI,Oviya Vora,SELL1021,"Tak, Chand and Batta Retail",Jamnagar,4.5
CUST10322,Xavier Bedi,Muzaffarpur,Arunachal Pradesh,new,ORD101433,33039.92,Biography,Books,2026-02-02 21:03:12,processing,yes,UPI,Xavier Bedi,SELL1010,Boase Inc Retail,Ramagundam,3.8
CUST10369,Varenya Joshi,Avadi,Andhra Pradesh,dormant,ORD100753,9161.7,Mixer Grinder,Home & Kitchen,2024-09-28 12:15:59,fulfilled,no,Cash,Jonathan Luthra,SELL1012,Patla-Gaba Retail,Raichur,3.5
CUST10351,Krishna Prashad,Panvel,Chhattisgarh,new,ORD100498,7389.09,Bluetooth Speaker,Electronics,2026-02-15 04:46:32,fulfilled,no,UPI,Krishna Prashad,SELL1017,Kakar PLC Retail,Rajpur Sonarpur,4.4
CUST10079,Urvashi Contractor,Kirari Suleman Nagar,Tamil Nadu,new,ORD100011,14909.33,Puzzle,Toys & Games,2024-05-28 22:15:38,fulfilled,yes,UPI,Urvashi Contractor,SELL1024,"Yadav, Loke and Oak Retail",Durg,4.9
CUST10049,Aarav Venkatesh,Bharatpur,Maharashtra,new,ORD100396,30260.03,Hair Oil,Beauty,2025-01-20 06:07:38,fulfilled,yes,UPI,Aarav Venkatesh,SELL1024,"Yadav, Loke and Oak Retail",Durg,4.9
CUST10066,Lakshit Dora,Yamunanagar,Tamil Nadu,active,ORD100284,43227.25,Tablet,Electronics,2025-11-17 19:15:44,fulfilled,yes,UPI,Lakshit Dora,SELL1022,"Dutta, Sami and Bhatt Retail",Eluru,4.0
CUST10196,Chandran Bumb,Mango,Sikkim,inactive,ORD100690,43686.92,Sandals,Footwear,2026-05-17 05:27:50,fulfilled,no,UPI,Chandran Bumb,SELL1018,"Tata, Randhawa and Shanker Retail",Bilaspur,4.7
CUST10342,Sanya Wable,Solapur,Odisha,new,ORD101230,16139.59,Building Blocks,Toys & Games,2024-11-13 13:18:47,fulfilled,no,Credit Card,Sanya Wable,SELL1007,Rai Inc Retail,Hapur,3.6
CUST10331,Ganga Gaba,Bardhaman,Tamil Nadu,new,ORD101403,1007.51,Exam Guide,Books,2025-08-26 05:37:35,fulfilled,yes,Credit Card,Ganga Gaba,SELL1001,Chaudry Ltd Retail,Bardhaman,3.5
CUST10042,Lavanya Barad,Korba,Gujarat,inactive,ORD100689,30066.0,Cookbook,Books,2025-02-26 07:12:35,fulfilled,no,Cash,Lavanya Barad,SELL1005,Ahuja-Dutta Retail,Mau,4.5
CUST10096,Jai Hans,Jamshedpur,Telangana,dormant,ORD100851,25774.25,Face Wash,Beauty,2024-09-09 09:53:07,fulfilled,no,Credit Card,Jai Hans,SELL1023,"Sidhu, Wadhwa and Krishnamurthy Retail",Raipur,3.7
CUST10217,Yashica Rajagopalan,Amaravati,Nagaland,new,ORD100159,16641.97,Cookware Set,Home & Kitchen,2024-12-17 08:39:44,fulfilled,yes,Cash,Yashica Rajagopalan,SELL1019,Koshy Ltd Retail,Bhimavaram,3.5
CUST10007,Devika Rastogi,Bahraich,Mizoram,new,ORD100895,9194.44,Puzzle,Toys & Games,2025-01-16 07:07:25,fulfilled,no,Cash,Devika Rastogi,SELL1006,Dugal-Kale Retail,Bahraich,4.8
CUST10097,Rehaan Kalita,Bally,Telangana,active,ORD101189,15253.33,Laptop,Electronics,2025-03-23 00:04:46,fulfilled,yes,Cash,Rehaan Kalita,SELL1006,Dugal-Kale Retail,Kota,4.8
CUST10046,Jack Lal,Amaravati,Himachal Pradesh,new,ORD100257,33828.96,Board Game,Toys & Games,2025-09-25 18:05:27,fulfilled,yes,Credit Card,Jack Lal,SELL1008,"Lalla, Bassi and Sharaf Retail",Burhanpur,4.1
CUST10300,Libni Thaman,Jamalpur,Himachal Pradesh,new,ORD100335,39076.01,Badminton Racket,Sports,2025-02-16 08:38:22,fulfilled,no,UPI,Libni Thaman,SELL1008,"Lalla, Bassi and Sharaf Retail",Burhanpur,4.1
CUST10240,Yadavi Prakash,Kharagpur,Assam,inactive,ORD101407,1572.0,Headphones,Electronics,2025-05-25 10:42:23,fulfilled,no,Credit Card,Yadavi Prakash,SELL1000,"Choudhury, Bakshi and Maharaj Retail",Rajahmundry,4.5
CUST10302,Jasmit Dhawan,Madanapalle,Mizoram,active,ORD101039,719.02,Saree,Fashion,2024-12-14 20:16:29,fulfilled,yes,Cash,Jasmit Dhawan,SELL1023,"Sidhu, Wadhwa and Krishnamurthy Retail",Raipur,3.7
CUST10258,Rajeshri Ratta,Kharagpur,Karnataka,new,ORD100515,31703.71,Board Game,Toys & Games,2026-02-12 17:08:50,fulfilled,no,Cash,Rajeshri Ratta,SELL1005,Ahuja-Dutta Retail,Mau,4.5
CUST10189,Mohammed Subramaniam,Moradabad,Kerala,dormant,ORD101015,23090.42,Headphones,Electronics,2024-12-17 21:08:16,fulfilled,yes,UPI,Mohammed Subramaniam,SELL1003,Tiwari PLC Retail,Moradabad,3.8
CUST10092,Vamakshi Swaminathan,Pune,Assam,new,ORD100768,22565.05,Kurta,Fashion,2025-06-21 01:02:05,fulfilled,no,Cash,Vamakshi Swaminathan,SELL1000,"Choudhury, Bakshi and Maharaj Retail",Pune,4.5
CUST10198,Hemani Sani,Anantapuram,Sikkim,active,ORD101316,2276.93,Cookbook,Books,2025-04-05 23:23:48,fulfilled,yes,Cash,Hemani Sani,SELL1002,Balay-Balan Retail,Anantapuram,3.9
CUST10227,Pallavi Trivedi,Surat,Kerala,active,ORD100761,11934.3,Earphones,Mobile Accessories,2025-06-22 13:30:56,fulfilled,no,Credit Card,Pallavi Trivedi,SELL1010,Boase Inc Retail,Ramagundam,3.8
CUST10108,Oscar Borde,Delhi,Maharashtra,inactive,ORD101102,24232.69,Perfume,Beauty,2024-10-04 03:13:28,processing,yes,Credit Card,Udant Gill,SELL1024,"Yadav, Loke and Oak Retail",Delhi,4.9
CUST10098,Harish Hari,Ambattur,Kerala,active,ORD100521,40066.14,Lipstick,Beauty,2025-07-09 06:17:04,fulfilled,yes,Credit Card,Harish Hari,SELL1008,"Lalla, Bassi and Sharaf Retail",Burhanpur,4.1
CUST10217,Yashica Rajagopalan,Amaravati,Nagaland,new,ORD100022,23392.75,Face Cream,Beauty,2026-04-30 18:46:18,fulfilled,yes,UPI,Yashica Rajagopalan,SELL1007,Rai Inc Retail,Hapur,3.6
CUST10208,Farhan Randhawa,Sonipat,Haryana,active,ORD100356,18765.31,Cookware Set,Home & Kitchen,2024-09-23 04:59:50,lost_parcel,no,Cash,Farhan Randhawa,SELL1006,Dugal-Kale Retail,Sonipat,4.8
CUST10047,Ikbal Saraf,Satara,Maharashtra,active,ORD101271,39377.29,Doll,Toys & Games,2024-07-21 16:44:47,processing,no,UPI,Ikbal Saraf,SELL1000,"Choudhury, Bakshi and Maharaj Retail",Satara,4.5
CUST10203,Xiti Pandya,Sikar,West Bengal,inactive,ORD100340,7405.23,Biography,Books,2025-11-14 00:27:36,fulfilled,yes,Cash,Xiti Pandya,SELL1012,Patla-Gaba Retail,Sikar,3.5
CUST10353,Aarush Bajaj,Madhyamgram,Sikkim,new,ORD100431,2105.81,Silver Earrings,Jewelry,2024-09-07 19:10:06,fulfilled,yes,Credit Card,Aarush Bajaj,SELL1002,Balay-Balan Retail,Madhyamgram,3.9
CUST10066,Lakshit Dora,Yamunanagar,Tamil Nadu,active,ORD100473,22631.52,Phone Case,Mobile Accessories,2025-06-10 13:09:40,fulfilled,yes,UPI,Lakshit Dora,SELL1023,"Sidhu, Wadhwa and Krishnamurthy Retail",Yamunanagar,3.7
CUST10099,Chasmum Atwal,Panipat,Arunachal Pradesh,new,ORD100217,41609.84,Biography,Books,2026-02-05 08:55:22,processing,no,Credit Card,Chasmum Atwal,SELL1018,"Tata, Randhawa and Shanker Retail",Bilaspur,4.7
CUST10148,Zashil Shan,Davanagere,Madhya Pradesh,active,ORD100911,14081.4,Tablet,Electronics,2025-06-24 15:26:00,returned,yes,UPI,Zashil Shan,SELL1000,"Choudhury, Bakshi and Maharaj Retail",Davanagere,4.5
CUST10327,Balhaar Ranganathan,Gaya,Telangana,new,ORD101204,17493.83,Laptop,Electronics,2024-10-29 13:44:04,fulfilled,yes,Cash,Balhaar Ranganathan,SELL1006,Dugal-Kale Retail,Kota,4.8
CUST10092,Vamakshi Swaminathan,Pune,Assam,new,ORD101011,7115.71,Power Bank,Mobile Accessories,2025-08-04 04:21:08,lost_parcel,yes,Credit Card,Vamakshi Swaminathan,SELL1007,Rai Inc Retail,Pune,3.6
CUST10049,Aarav Venkatesh,Bharatpur,Maharashtra,new,ORD101458,24420.22,Sandals,Footwear,2024-12-27 09:19:49,fulfilled,no,Credit Card,Aarav Venkatesh,SELL1000,"Choudhury, Bakshi and Maharaj Retail",Rajahmundry,4.5
CUST10001,Yashica Cherian,Guna,Punjab,active,ORD100093,13772.75,Lipstick,Beauty,2025-08-02 20:47:39,fulfilled,no,UPI,Yashica Cherian,SELL1024,"Yadav, Loke and Oak Retail",Guna,4.9
CUST10305,Falak Nagar,Singrauli,Punjab,dormant,ORD101008,32229.86,Badminton Racket,Sports,2025-06-02 06:55:54,fulfilled,yes,Cash,Falak Nagar,SELL1016,Balay LLC Retail,Agartala,3.8
CUST10048,Lekha Gupta,Varanasi,Tamil Nadu,inactive,ORD101070,39209.32,Charger,Mobile Accessories,2024-05-22 08:35:33,fulfilled,yes,UPI,Saksham De,SELL1015,Madan-Kanda Retail,Varanasi,4.3
CUST10032,Anita Manda,Tiruvottiyur,Gujarat,active,ORD100696,7207.76,Lipstick,Beauty,2026-01-04 06:05:36,returned,yes,Cash,Anita Manda,SELL1017,Kakar PLC Retail,Rajpur Sonarpur,4.4
CUST10258,Rajeshri Ratta,Kharagpur,Karnataka,new,ORD100996,41980.06,Bed Sheet,Home & Kitchen,2025-09-23 17:57:55,lost_parcel,yes,Cash,Rajeshri Ratta,SELL1015,Madan-Kanda Retail,Pimpri-Chinchwad,4.3
CUST10031,Krish Lalla,Aligarh,Telangana,new,ORD100153,13271.77,Building Blocks,Toys & Games,2024-07-31 21:54:57,returned,no,Credit Card,Krish Lalla,SELL1013,Loke Ltd Retail,Aligarh,3.8
CUST10029,Ikshita Biswas,Uluberia,Jharkhand,new,ORD101299,16174.7,Football,Sports,2025-08-21 11:44:16,returned,yes,UPI,Ikshita Biswas,SELL1024,"Yadav, Loke and Oak Retail",Durg,4.9
CUST10245,Indrajit Mani,Barasat,Bihar,active,ORD101497,8092.76,Puzzle,Toys & Games,2026-03-09 11:36:30,fulfilled,no,Credit Card,Indrajit Mani,SELL1005,Ahuja-Dutta Retail,Mau,4.5
CUST10032,Anita Manda,Tiruvottiyur,Gujarat,active,ORD100789,38188.89,Doll,Toys & Games,2025-04-10 03:26:12,returned,no,Cash,Anita Manda,SELL1015,Madan-Kanda Retail,Pimpri-Chinchwad,4.3
CUST10148,Zashil Shan,Davanagere,Madhya Pradesh,active,ORD100580,38956.88,T-Shirt,Fashion,2025-04-29 14:01:03,returned,yes,Cash,Zashil Shan,SELL1009,Memon Ltd Retail,Gangtok,3.5
CUST10131,Vrishti Dixit,Siwan,Meghalaya,active,ORD100703,38524.53,Formal Shoes,Footwear,2026-05-08 09:58:33,returned,yes,Credit Card,Vrishti Dixit,SELL1016,Balay LLC Retail,Agartala,3.8
CUST10010,Veer Bir,Bathinda,Assam,active,ORD101258,1194.29,Charger,Mobile Accessories,2025-05-26 18:01:25,fulfilled,no,UPI,Veer Bir,SELL1016,Balay LLC Retail,Agartala,3.8
CUST10190,Ishwar Mallick,Haldia,West Bengal,new,ORD100487,10451.87,Jacket,Fashion,2024-11-07 13:46:05,fulfilled,yes,UPI,Ishwar Mallick,SELL1009,Memon Ltd Retail,Gangtok,3.5
CUST10116,Ansh Luthra,Akola,Meghalaya,new,ORD100559,34657.55,Bracelet,Jewelry,2025-09-26 22:08:12,processing,yes,Credit Card,Ansh Luthra,SELL1020,Rastogi-Pathak Retail,Akola,4.7
CUST10344,Nitesh Narang,Bhiwandi,Sikkim,active,ORD100801,7318.51,Cookbook,Books,2026-01-12 15:26:55,lost_parcel,yes,Cash,Nitesh Narang,SELL1024,"Yadav, Loke and Oak Retail",Durg,4.9
CUST10316,Chanchal Kar,Tumkur,Tamil Nadu,new,ORD100512,35802.75,Tablet,Electronics,2024-09-06 23:22:45,fulfilled,no,Cash,Chanchal Kar,SELL1008,"Lalla, Bassi and Sharaf Retail",Burhanpur,4.1
CUST10193,Nandini Boase,Ludhiana,Assam,inactive,ORD100633,39868.96,Silver Earrings,Jewelry,2026-01-12 14:11:59,fulfilled,no,Credit Card,Nandini Boase,SELL1004,Saini and Sons Retail,Ludhiana,4.6
CUST10183,Odika Nori,Silchar,Maharashtra,active,ORD101110,36462.63,Building Blocks,Toys & Games,2025-12-08 22:14:42,fulfilled,no,UPI,Odika Nori,SELL1012,Patla-Gaba Retail,Raichur,3.5
CUST10303,Xiti Baria,Agra,Chhattisgarh,dormant,ORD101471,2158.13,Smart Watch,Electronics,2025-06-27 14:54:09,fulfilled,no,Cash,Dakshesh Raval,SELL1021,"Tak, Chand and Batta Retail",Jamnagar,4.5
CUST10010,Veer Bir,Bathinda,Assam,active,ORD100790,18165.11,Phone Case,Mobile Accessories,2026-05-03 04:37:17,lost_parcel,no,Cash,Veer Bir,SELL1023,"Sidhu, Wadhwa and Krishnamurthy Retail",Raipur,3.7
CUST10296,Chanakya Bedi,Shimla,Punjab,inactive,ORD100116,22779.43,Remote Car,Toys & Games,2025-04-26 07:46:01,fulfilled,no,Credit Card,Chanakya Bedi,SELL1006,Dugal-Kale Retail,Kota,4.8
CUST10124,Raksha Sundaram,Bhopal,Rajasthan,active,ORD100740,26418.97,Remote Car,Toys & Games,2025-11-22 16:04:30,fulfilled,no,Credit Card,Raksha Sundaram,SELL1013,Loke Ltd Retail,Bhopal,3.8
CUST10155,Parth Iyer,Panvel,Kerala,active,ORD101081,13634.95,Ring,Jewelry,2026-05-04 06:08:55,fulfilled,yes,UPI,Parth Iyer,SELL1016,Balay LLC Retail,Panvel,3.8
CUST10026,William Lanka,Mira-Bhayandar,Sikkim,new,ORD100830,24148.94,Badminton Racket,Sports,2025-04-05 07:28:42,fulfilled,yes,Credit Card,William Lanka,SELL1018,"Tata, Randhawa and Shanker Retail",Mira-Bhayandar,4.7
CUST10349,Darpan Biswas,Patna,Jharkhand,new,ORD100119,18845.31,Building Blocks,Toys & Games,2024-07-19 20:56:03,fulfilled,yes,Credit Card,Darpan Biswas,SELL1011,Kaul Inc Retail,Patna,4.3
CUST10230,Yashica Zacharia,Naihati,Tripura,active,ORD100656,37713.25,Fiction Novel,Books,2025-10-04 12:26:59,fulfilled,no,Credit Card,Yashica Zacharia,SELL1023,"Sidhu, Wadhwa and Krishnamurthy Retail",Raipur,3.7
CUST10010,Veer Bir,Bathinda,Assam,active,ORD100635,2804.69,Smart Watch,Electronics,2025-12-27 19:43:49,fulfilled,no,Cash,Veer Bir,SELL1003,Tiwari PLC Retail,Bathinda,3.8
CUST10214,Riya Mitter,Gudivada,Arunachal Pradesh,active,ORD100369,40992.85,Bracelet,Jewelry,2024-05-25 06:48:22,fulfilled,yes,Cash,Riya Mitter,SELL1007,Rai Inc Retail,Gudivada,3.6
CUST10333,Parth Ravi,Kottayam,Karnataka,dormant,ORD100268,6428.82,Cookware Set,Home & Kitchen,2025-05-05 15:03:42,fulfilled,no,Credit Card,Parth Ravi,SELL1002,Balay-Balan Retail,Bellary,3.9
CUST10226,Dayita Puri,Warangal,Sikkim,new,ORD100655,25007.73,Face Cream,Beauty,2024-12-22 22:54:09,lost_parcel,yes,UPI,Dayita Puri,SELL1013,Loke Ltd Retail,Narasaraopet,3.8
CUST10188,Bhavna Muni,Vasai-Virar,Odisha,new,ORD100935,41489.57,Cricket Bat,Sports,2026-05-04 09:57:34,fulfilled,no,Credit Card,Bhavna Muni,SELL1022,"Dutta, Sami and Bhatt Retail",Eluru,4.0
CUST10113,Reva Dash,Avadi,Tamil Nadu,dormant,ORD100822,17037.73,Cookbook,Books,2026-04-21 05:19:51,fulfilled,no,Credit Card,Reva Dash,SELL1000,"Choudhury, Bakshi and Maharaj Retail",Rajahmundry,4.5
CUST10204,Rajata Bahl,Solapur,West Bengal,active,ORD100866,29697.81,Mixer Grinder,Home & Kitchen,2025-06-18 09:42:28,returned,no,Cash,Rajata Bahl,SELL1007,Rai Inc Retail,Hapur,3.6
CUST10147,Ethan Sathe,Dharmavaram,Jharkhand,active,ORD100046,41507.43,Power Bank,Mobile Accessories,2025-03-07 14:02:12,fulfilled,no,UPI,Ethan Sathe,SELL1002,Balay-Balan Retail,Dharmavaram,3.9
CUST10010,Veer Bir,Bathinda,Assam,active,ORD101290,1588.04,Cookware Set,Home & Kitchen,2026-01-22 18:13:04,fulfilled,yes,Credit Card,Veer Bir,SELL1004,Saini and Sons Retail,Bathinda,4.6
CUST10188,Bhavna Muni,Vasai-Virar,Odisha,new,ORD100991,6001.61,Bluetooth Speaker,Electronics,2025-10-02 23:45:45,fulfilled,no,Cash,Bhavna Muni,SELL1016,Balay LLC Retail,Agartala,3.8
CUST10303,Xiti Baria,Agra,Chhattisgarh,dormant,ORD100876,8867.35,Puzzle,Toys & Games,2024-12-10 13:04:30,fulfilled,yes,Cash,Maya Narain,SELL1010,Boase Inc Retail,Ramagundam,3.8
CUST10104,Max Dixit,Guwahati,Haryana,active,ORD100773,33939.12,Mixer Grinder,Home & Kitchen,2024-05-31 08:55:03,returned,no,UPI,Max Dixit,SELL1009,Memon Ltd Retail,Gangtok,3.5
CUST10159,Jatin Sha,Firozabad,Odisha,active,ORD101499,18971.75,Ring,Jewelry,2026-03-05 18:29:32,fulfilled,no,UPI,Jatin Sha,SELL1012,Patla-Gaba Retail,Raichur,3.5
CUST10281,Ekantika Kar,Kadapa,Jharkhand,new,ORD100004,21517.42,Self Help Book,Books,2025-10-22 20:17:31,fulfilled,yes,Cash,Ekantika Kar,SELL1020,Rastogi-Pathak Retail,Kadapa,4.7
CUST10002,Michael Prakash,Panvel,Tripura,active,ORD101003,19556.36,Face Cream,Beauty,2025-11-26 22:02:40,fulfilled,no,Credit Card,Michael Prakash,SELL1016,Balay LLC Retail,Agartala,3.8
CUST10078,Yug Iyengar,Jamnagar,Haryana,new,ORD101301,31574.23,Phone Case,Mobile Accessories,2025-12-31 21:01:49,fulfilled,yes,Credit Card,Yug Iyengar,SELL1023,"Sidhu, Wadhwa and Krishnamurthy Retail",Raipur,3.7
CUST10172,Aradhana Dhillon,Panvel,Himachal Pradesh,active,ORD100263,329.21,Remote Car,Toys & Games,2025-11-28 08:49:26,fulfilled,no,Cash,Aradhana Dhillon,SELL1022,"Dutta, Sami and Bhatt Retail",Eluru,4.0
CUST10083,Benjamin Palan,Uluberia,Assam,inactive,ORD101333,31992.39,Face Cream,Beauty,2025-03-29 20:27:11,fulfilled,no,Cash,Benjamin Palan,SELL1019,Koshy Ltd Retail,Uluberia,3.5
CUST10322,Xavier Bedi,Muzaffarpur,Arunachal Pradesh,new,ORD101442,38591.95,Football,Sports,2026-03-14 06:34:05,fulfilled,no,Credit Card,Xavier Bedi,SELL1019,Koshy Ltd Retail,Bhimavaram,3.5
CUST10188,Bhavna Muni,Vasai-Virar,Odisha,new,ORD100443,27778.86,Tablet,Electronics,2024-10-20 09:18:36,fulfilled,yes,Credit Card,Bhavna Muni,SELL1016,Balay LLC Retail,Agartala,3.8
CUST10238,Anjali Sengupta,Junagadh,Assam,new,ORD101002,14985.59,Cricket Bat,Sports,2026-01-19 03:49:03,fulfilled,no,Cash,Anjali Sengupta,SELL1000,"Choudhury, Bakshi and Maharaj Retail",Junagadh,4.5
CUST10036,Aditya Choudhury,Jalgaon,Nagaland,dormant,ORD101077,8357.4,Jacket,Fashion,2026-03-27 04:35:28,fulfilled,no,UPI,Daniel Bains,SELL1024,"Yadav, Loke and Oak Retail",Durg,4.9
CUST10112,Ekbal Bhasin,Aizawl,Punjab,new,ORD100837,18480.95,Dress,Fashion,2025-11-11 10:53:51,fulfilled,yes,Credit Card,Ekbal Bhasin,SELL1016,Balay LLC Retail,Aizawl,3.8
CUST10142,Daksh Memon,Dindigul,Maharashtra,dormant,ORD101339,42712.16,T-Shirt,Fashion,2024-12-16 10:37:35,fulfilled,yes,Credit Card,Daksh Memon,SELL1012,Patla-Gaba Retail,Dindigul,3.5
CUST10243,Liam Singh,Tadepalligudem,Andhra Pradesh,active,ORD100304,36156.72,Smart Watch,Electronics,2024-08-12 02:48:03,returned,no,Cash,Liam Singh,SELL1022,"Dutta, Sami and Bhatt Retail",Eluru,4.0
CUST10065,Wahab Magar,Imphal,Nagaland,active,ORD101174,7066.85,Sandals,Footwear,2025-09-05 13:04:20,fulfilled,no,Credit Card,Wahab Magar,SELL1014,"Garg, Walla and Konda Retail",Surendranagar Dudhrej,4.5
CUST10228,Pranit Kala,Shivpuri,Gujarat,active,ORD100313,15343.62,Yoga Mat,Sports,2025-08-15 17:29:48,returned,no,UPI,Pranit Kala,SELL1005,Ahuja-Dutta Retail,Mau,4.5
CUST10288,Ojasvi Sule,Kurnool,Karnataka,new,ORD100149,18920.85,Smart Watch,Electronics,2025-03-12 23:33:52,processing,no,Cash,Ojasvi Sule,SELL1020,Rastogi-Pathak Retail,Durgapur,4.7
CUST10319,Madhav Mannan,Tumkur,Tamil Nadu,new,ORD100574,13679.96,Dumbbells,Sports,2025-09-20 04:41:01,fulfilled,no,Cash,Madhav Mannan,SELL1017,Kakar PLC Retail,Tumkur,4.4
CUST10147,Ethan Sathe,Dharmavaram,Jharkhand,active,ORD100050,29966.55,Bed Sheet,Home & Kitchen,2024-11-26 17:34:30,fulfilled,yes,Cash,Ethan Sathe,SELL1001,Chaudry Ltd Retail,Dharmavaram,3.5
CUST10226,Dayita Puri,Warangal,Sikkim,new,ORD101414,42077.65,Bluetooth Speaker,Electronics,2025-03-18 01:57:28,processing,yes,Credit Card,Dayita Puri,SELL1012,Patla-Gaba Retail,Raichur,3.5
CUST10061,Jairaj Shan,Madhyamgram,Sikkim,new,ORD100726,13687.88,Remote Car,Toys & Games,2025-12-09 19:15:42,returned,yes,Credit Card,Jairaj Shan,SELL1015,Madan-Kanda Retail,Pimpri-Chinchwad,4.3
CUST10067,Tanish Bhatt,Vellore,Karnataka,active,ORD100833,32184.25,Cookbook,Books,2025-07-16 10:59:08,lost_parcel,no,UPI,Tanish Bhatt,SELL1003,Tiwari PLC Retail,Vellore,3.8
CUST10297,Bhavika Yadav,Moradabad,Maharashtra,new,ORD101115,5766.09,Cricket Bat,Sports,2024-09-08 01:38:01,fulfilled,no,UPI,Bhavika Yadav,SELL1022,"Dutta, Sami and Bhatt Retail",Moradabad,4.0
CUST10088,Ladli Nayar,Shimla,West Bengal,active,ORD100470,21368.61,Sandals,Footwear,2025-12-19 13:23:41,fulfilled,no,UPI,Ladli Nayar,SELL1011,Kaul Inc Retail,Shimla,4.3
CUST10348,Tejas Bora,Bhusawal,Kerala,new,ORD100971,4592.43,Silver Earrings,Jewelry,2024-12-25 04:43:06,fulfilled,no,Cash,Tejas Bora,SELL1001,Chaudry Ltd Retail,Bhusawal,3.5
CUST10371,Mekhala Khatri,Ichalkaranji,Madhya Pradesh,dormant,ORD100653,9338.03,Mixer Grinder,Home & Kitchen,2025-02-18 20:57:02,returned,no,UPI,Divya Dey,SELL1022,"Dutta, Sami and Bhatt Retail",Eluru,4.0
CUST10263,Indali Sekhon,Nagercoil,Punjab,active,ORD100399,2399.05,Doll,Toys & Games,2025-09-08 15:27:58,fulfilled,yes,Cash,Indali Sekhon,SELL1013,Loke Ltd Retail,Narasaraopet,3.8
CUST10349,Darpan Biswas,Patna,Jharkhand,new,ORD100511,9629.8,Gold Necklace,Jewelry,2025-09-12 09:44:32,fulfilled,no,Credit Card,Darpan Biswas,SELL1014,"Garg, Walla and Konda Retail",Surendranagar Dudhrej,4.5
CUST10318,Bhavna Dara,Tenali,Uttarakhand,active,ORD100320,35556.02,Formal Shoes,Footwear,2025-05-16 11:58:30,fulfilled,no,Credit Card,Bhavna Dara,SELL1005,Ahuja-Dutta Retail,Mau,4.5
CUST10170,Yagnesh Dass,Coimbatore,Uttarakhand,active,ORD100019,33100.38,Biography,Books,2025-10-21 17:03:37,fulfilled,no,UPI,Yagnesh Dass,SELL1017,Kakar PLC Retail,Rajpur Sonarpur,4.4
CUST10309,Charan Srinivasan,Loni,Rajasthan,new,ORD100684,13201.23,Doll,Toys & Games,2025-08-26 03:30:17,fulfilled,yes,Cash,Charan Srinivasan,SELL1004,Saini and Sons Retail,Giridih,4.6
CUST10344,Nitesh Narang,Bhiwandi,Sikkim,active,ORD100035,37250.24,T-Shirt,Fashion,2026-05-04 21:31:20,returned,no,Cash,Nitesh Narang,SELL1005,Ahuja-Dutta Retail,Mau,4.5
CUST10147,Ethan Sathe,Dharmavaram,Jharkhand,active,ORD100902,29760.54,Sneakers,Footwear,2026-03-02 02:37:05,fulfilled,yes,Credit Card,Ethan Sathe,SELL1012,Patla-Gaba Retail,Raichur,3.5
CUST10328,Baljiwan Andra,Tezpur,Punjab,active,ORD100827,31911.93,Sandals,Footwear,2024-09-15 18:36:43,fulfilled,yes,Cash,Baljiwan Andra,SELL1017,Kakar PLC Retail,Rajpur Sonarpur,4.4
CUST10239,Shravya Palla,Vijayanagaram,Arunachal Pradesh,new,ORD101344,6493.31,Flip Flops,Footwear,2026-03-07 11:39:00,fulfilled,yes,Cash,Shravya Palla,SELL1002,Balay-Balan Retail,Bellary,3.9
CUST10173,Imaran Bal,Kanpur,Kerala,active,ORD100407,40730.9,Flip Flops,Footwear,2025-11-21 04:25:41,lost_parcel,no,Cash,Imaran Bal,SELL1007,Rai Inc Retail,Hapur,3.6
CUST10086,Veda Shroff,Guntakal,Himachal Pradesh,new,ORD100920,27850.4,Kurta,Fashion,2025-12-23 21:02:39,fulfilled,yes,Credit Card,Veda Shroff,SELL1007,Rai Inc Retail,Hapur,3.6
CUST10342,Sanya Wable,Solapur,Odisha,new,ORD100537,21963.88,Flip Flops,Footwear,2025-06-06 00:01:24,processing,yes,Cash,Sanya Wable,SELL1002,Balay-Balan Retail,Solapur,3.9
CUST10370,Ranveer Dalal,Latur,Tamil Nadu,inactive,ORD100758,18070.09,Perfume,Beauty,2024-12-19 01:56:13,fulfilled,yes,Cash,Adya Bose,SELL1022,"Dutta, Sami and Bhatt Retail",Eluru,4.0
CUST10007,Devika Rastogi,Bahraich,Mizoram,new,ORD101062,12913.93,Charger,Mobile Accessories,2024-07-30 22:22:15,returned,no,Credit Card,Devika Rastogi,SELL1002,Balay-Balan Retail,Bahraich,3.9
CUST10207,Gaurang Sarkar,Latur,Maharashtra,active,ORD100245,28867.79,Running Shoes,Footwear,2024-06-11 17:36:14,fulfilled,no,Credit Card,Gaurang Sarkar,SELL1019,Koshy Ltd Retail,Bhimavaram,3.5
CUST10245,Indrajit Mani,Barasat,Bihar,active,ORD101127,30169.78,Phone Case,Mobile Accessories,2024-10-31 16:38:59,fulfilled,no,Cash,Indrajit Mani,SELL1007,Rai Inc Retail,Hapur,3.6
CUST10112,Ekbal Bhasin,Aizawl,Punjab,new,ORD100784,36646.83,Sandals,Footwear,2025-10-13 03:02:48,fulfilled,no,Cash,Ekbal Bhasin,SELL1022,"Dutta, Sami and Bhatt Retail",Eluru,4.0
CUST10358,Vivaan Zacharia,Pimpri-Chinchwad,Chhattisgarh,inactive,ORD100489,21624.38,Smart Watch,Electronics,2024-08-09 09:01:55,fulfilled,no,Credit Card,Vivaan Zacharia,SELL1009,Memon Ltd Retail,Gangtok,3.5
CUST10071,Rajata Sunder,Pali,Karnataka,active,ORD100154,7421.77,Earphones,Mobile Accessories,2024-05-25 20:41:50,fulfilled,no,UPI,Rajata Sunder,SELL1015,Madan-Kanda Retail,Pimpri-Chinchwad,4.3
CUST10121,Jack Raval,Hosur,Manipur,active,ORD100961,16615.93,Refrigerator,Home & Kitchen,2024-06-13 17:26:28,fulfilled,yes,Credit Card,Jack Raval,SELL1021,"Tak, Chand and Batta Retail",Jamnagar,4.5
CUST10168,Darsh Rao,Jhansi,Bihar,dormant,ORD100853,44781.25,Fiction Novel,Books,2024-12-25 04:10:21,returned,yes,UPI,Caleb Kata,SELL1021,"Tak, Chand and Batta Retail",Jamnagar,4.5
CUST10378,Vritti Sharma,Nagercoil,Goa,new,ORD100625,11842.52,Self Help Book,Books,2024-08-09 09:13:56,fulfilled,yes,Credit Card,Vritti Sharma,SELL1014,"Garg, Walla and Konda Retail",Nagercoil,4.5
CUST10112,Ekbal Bhasin,Aizawl,Punjab,new,ORD100685,44480.68,Screen Guard,Mobile Accessories,2024-07-15 23:36:39,returned,yes,Cash,Ekbal Bhasin,SELL1002,Balay-Balan Retail,Bellary,3.9
CUST10040,Warjas Gaba,Haridwar,Andhra Pradesh,new,ORD100569,21079.85,Dress,Fashion,2025-07-20 22:27:33,fulfilled,no,UPI,Warjas Gaba,SELL1006,Dugal-Kale Retail,Kota,4.8
CUST10047,Ikbal Saraf,Satara,Maharashtra,active,ORD101426,21797.15,Cookware Set,Home & Kitchen,2024-05-28 17:43:18,fulfilled,yes,Cash,Ikbal Saraf,SELL1012,Patla-Gaba Retail,Raichur,3.5
CUST10304,Urvi Venkataraman,Jalgaon,Punjab,active,ORD100017,25596.75,Headphones,Electronics,2025-09-13 17:08:05,fulfilled,no,UPI,Urvi Venkataraman,SELL1017,Kakar PLC Retail,Rajpur Sonarpur,4.4
CUST10293,Falak Munshi,Kozhikode,Meghalaya,inactive,ORD100127,33162.59,Yoga Mat,Sports,2025-01-30 07:57:11,fulfilled,no,UPI,Falak Munshi,SELL1001,Chaudry Ltd Retail,Gudivada,3.5
CUST10273,Idika Bhattacharyya,Dewas,West Bengal,active,ORD100927,11247.39,Refrigerator,Home & Kitchen,2026-02-25 19:06:48,fulfilled,yes,Cash,Idika Bhattacharyya,SELL1007,Rai Inc Retail,Dewas,3.6
CUST10161,Timothy Bhatnagar,Barasat,Rajasthan,inactive,ORD100980,42551.66,Laptop,Electronics,2025-10-06 13:59:43,fulfilled,no,Cash,Timothy Bhatnagar,SELL1009,Memon Ltd Retail,Barasat,3.5
CUST10340,Kiaan Sridhar,Malda,Telangana,active,ORD101469,22544.5,Formal Shoes,Footwear,2024-12-22 21:21:38,processing,no,UPI,Kiaan Sridhar,SELL1019,Koshy Ltd Retail,Bhimavaram,3.5
CUST10138,Hamsini Rao,Ozhukarai,West Bengal,new,ORD100190,40142.5,Ring,Jewelry,2025-01-10 17:20:42,lost_parcel,yes,Cash,Hamsini Rao,SELL1012,Patla-Gaba Retail,Ozhukarai,3.5
CUST10197,Vedika Sathe,Darbhanga,Gujarat,active,ORD101139,7944.17,Hair Oil,Beauty,2025-02-18 15:16:29,fulfilled,yes,Cash,Vedika Sathe,SELL1020,Rastogi-Pathak Retail,Darbhanga,4.7
CUST10221,Reva Viswanathan,Bharatpur,Kerala,new,ORD100992,12250.7,Yoga Mat,Sports,2026-04-08 22:58:10,fulfilled,no,Cash,Reva Viswanathan,SELL1021,"Tak, Chand and Batta Retail",Jamnagar,4.5
CUST10085,Tripti Dua,Belgaum,Telangana,active,ORD101463,44357.92,Kurta,Fashion,2024-07-10 09:51:37,fulfilled,yes,Cash,Tripti Dua,SELL1014,"Garg, Walla and Konda Retail",Surendranagar Dudhrej,4.5
CUST10320,Hiral Sathe,Nangloi Jat,Gujarat,new,ORD101251,38921.08,Running Shoes,Footwear,2025-11-06 11:43:33,fulfilled,yes,UPI,Hiral Sathe,SELL1021,"Tak, Chand and Batta Retail",Nangloi Jat,4.5
CUST10183,Odika Nori,Silchar,Maharashtra,active,ORD100606,3796.16,Sneakers,Footwear,2025-12-06 17:15:19,fulfilled,yes,Cash,Odika Nori,SELL1007,Rai Inc Retail,Hapur,3.6
CUST10374,Dhriti Sachdev,Phusro,West Bengal,new,ORD100180,21641.68,Face Cream,Beauty,2026-04-24 22:08:36,returned,no,UPI,Dhriti Sachdev,SELL1008,"Lalla, Bassi and Sharaf Retail",Burhanpur,4.1
CUST10316,Chanchal Kar,Tumkur,Tamil Nadu,new,ORD100301,17955.84,Smart Watch,Electronics,2024-06-25 05:36:05,fulfilled,yes,UPI,Chanchal Kar,SELL1021,"Tak, Chand and Batta Retail",Jamnagar,4.5
CUST10041,Gaurangi Sabharwal,Shimoga,Goa,active,ORD100496,34635.88,Perfume,Beauty,2025-02-16 13:47:49,returned,yes,Credit Card,Gaurangi Sabharwal,SELL1024,"Yadav, Loke and Oak Retail",Durg,4.9
CUST10231,Krisha Dube,Bokaro,Uttarakhand,active,ORD101314,24174.48,Badminton Racket,Sports,2025-02-12 22:02:14,fulfilled,yes,Cash,Krisha Dube,SELL1021,"Tak, Chand and Batta Retail",Jamnagar,4.5
CUST10044,Mohini Narasimhan,Coimbatore,Tripura,new,ORD101255,24427.14,Smart Watch,Electronics,2025-08-09 16:01:10,lost_parcel,yes,UPI,Mohini Narasimhan,SELL1002,Balay-Balan Retail,Bellary,3.9
CUST10193,Nandini Boase,Ludhiana,Assam,inactive,ORD101237,10295.63,Water Bottle,Home & Kitchen,2026-02-08 13:25:17,fulfilled,yes,Credit Card,Nandini Boase,SELL1008,"Lalla, Bassi and Sharaf Retail",Burhanpur,4.1
CUST10322,Xavier Bedi,Muzaffarpur,Arunachal Pradesh,new,ORD100517,18731.16,Puzzle,Toys & Games,2026-02-06 10:21:01,fulfilled,no,Cash,Xavier Bedi,SELL1019,Koshy Ltd Retail,Muzaffarpur,3.5
CUST10088,Ladli Nayar,Shimla,West Bengal,active,ORD101069,44866.32,Sneakers,Footwear,2025-05-28 02:12:43,fulfilled,yes,UPI,Ladli Nayar,SELL1004,Saini and Sons Retail,Giridih,4.6
CUST10226,Dayita Puri,Warangal,Sikkim,new,ORD100476,29348.64,Power Bank,Mobile Accessories,2025-07-17 16:05:03,fulfilled,no,UPI,Dayita Puri,SELL1024,"Yadav, Loke and Oak Retail",Warangal,4.9
CUST10136,Harish Vora,Kanpur,Telangana,active,ORD100157,18205.4,Flip Flops,Footwear,2025-02-25 09:11:59,fulfilled,no,UPI,Harish Vora,SELL1006,Dugal-Kale Retail,Kota,4.8
CUST10040,Warjas Gaba,Haridwar,Andhra Pradesh,new,ORD101195,27819.31,Football,Sports,2025-01-05 14:39:03,fulfilled,yes,Credit Card,Warjas Gaba,SELL1006,Dugal-Kale Retail,Haridwar,4.8
CUST10022,Dipta Bhandari,Bhimavaram,Meghalaya,active,ORD100016,31170.16,Face Cream,Beauty,2024-07-07 18:43:23,fulfilled,yes,Cash,Dipta Bhandari,SELL1022,"Dutta, Sami and Bhatt Retail",Eluru,4.0
CUST10373,Unnati Chaudhari,Imphal,Gujarat,active,ORD101072,34412.41,Silver Earrings,Jewelry,2025-11-29 16:32:15,fulfilled,no,UPI,Unnati Chaudhari,SELL1003,Tiwari PLC Retail,Kishanganj,3.8
CUST10235,Triya Manda,Ambala,Mizoram,new,ORD100546,27672.19,Formal Shoes,Footwear,2025-03-04 11:50:12,fulfilled,no,UPI,Triya Manda,SELL1007,Rai Inc Retail,Hapur,3.6
CUST10376,Chakrika Dua,Ozhukarai,Haryana,active,ORD100658,33086.12,Charger,Mobile Accessories,2024-11-30 14:01:12,returned,yes,UPI,Chakrika Dua,SELL1013,Loke Ltd Retail,Narasaraopet,3.8
CUST10348,Tejas Bora,Bhusawal,Kerala,new,ORD101226,11248.24,Building Blocks,Toys & Games,2024-12-12 08:02:38,returned,no,UPI,Tejas Bora,SELL1021,"Tak, Chand and Batta Retail",Bhusawal,4.5
CUST10088,Ladli Nayar,Shimla,West Bengal,active,ORD101019,12634.1,Running Shoes,Footwear,2025-08-28 14:54:25,fulfilled,yes,Credit Card,Ladli Nayar,SELL1002,Balay-Balan Retail,Bellary,3.9
CUST10260,Panini Brar,Madanapalle,Uttarakhand,active,ORD101318,37590.03,Gold Necklace,Jewelry,2025-03-15 08:17:57,fulfilled,no,Credit Card,Panini Brar,SELL1011,Kaul Inc Retail,Alwar,4.3
CUST10028,Ethan Yogi,Guna,Himachal Pradesh,new,ORD100959,4283.62,Formal Shoes,Footwear,2025-03-24 15:09:38,fulfilled,no,Cash,Ethan Yogi,SELL1023,"Sidhu, Wadhwa and Krishnamurthy Retail",Raipur,3.7
CUST10029,Ikshita Biswas,Uluberia,Jharkhand,new,ORD101409,44472.15,Jacket,Fashion,2025-07-24 01:27:24,fulfilled,yes,Cash,Ikshita Biswas,SELL1014,"Garg, Walla and Konda Retail",Surendranagar Dudhrej,4.5
CUST10085,Tripti Dua,Belgaum,Telangana,active,ORD100283,23043.98,Smartphone,Electronics,2025-02-25 01:58:00,fulfilled,yes,UPI,Tripti Dua,SELL1007,Rai Inc Retail,Belgaum,3.6
CUST10065,Wahab Magar,Imphal,Nagaland,active,ORD100797,38717.8,Charger,Mobile Accessories,2026-02-05 13:47:55,fulfilled,yes,Credit Card,Wahab Magar,SELL1002,Balay-Balan Retail,Imphal,3.9
CUST10133,William Rajagopal,Bulandshahr,Arunachal Pradesh,active,ORD100225,4459.07,Sandals,Footwear,2026-03-20 10:15:01,fulfilled,yes,UPI,William Rajagopal,SELL1012,Patla-Gaba Retail,Bulandshahr,3.5
CUST10100,Brinda Date,Kota,West Bengal,new,ORD100026,26654.12,Phone Case,Mobile Accessories,2025-07-07 00:54:41,fulfilled,no,Credit Card,Brinda Date,SELL1009,Memon Ltd Retail,Gangtok,3.5
CUST10310,Manbir Kibe,Chapra,Tamil Nadu,new,ORD100437,32495.15,Ring,Jewelry,2024-07-02 11:14:15,fulfilled,no,Credit Card,Manbir Kibe,SELL1015,Madan-Kanda Retail,Chapra,4.3
CUST10375,Madhav Babu,Begusarai,Odisha,new,ORD101457,9918.84,Bracelet,Jewelry,2025-09-06 21:22:05,fulfilled,no,UPI,Madhav Babu,SELL1017,Kakar PLC Retail,Rajpur Sonarpur,4.4
CUST10309,Charan Srinivasan,Loni,Rajasthan,new,ORD100229,15029.84,Badminton Racket,Sports,2025-03-27 03:34:30,fulfilled,yes,Credit Card,Charan Srinivasan,SELL1020,Rastogi-Pathak Retail,Durgapur,4.7
CUST10278,Jeremiah Nadig,Hospet,Manipur,dormant,ORD100037,27285.6,Smartphone,Electronics,2025-09-15 05:24:13,fulfilled,no,Cash,Jeremiah Nadig,SELL1007,Rai Inc Retail,Hapur,3.6
CUST10243,Liam Singh,Tadepalligudem,Andhra Pradesh,active,ORD100749,35658.35,Mixer Grinder,Home & Kitchen,2026-01-19 23:47:19,fulfilled,yes,UPI,Liam Singh,SELL1012,Patla-Gaba Retail,Tadepalligudem,3.5
CUST10208,Farhan Randhawa,Sonipat,Haryana,active,ORD101045,27102.23,Remote Car,Toys & Games,2024-07-04 06:03:51,returned,no,Cash,Farhan Randhawa,SELL1021,"Tak, Chand and Batta Retail",Jamnagar,4.5
CUST10002,Michael Prakash,Panvel,Tripura,active,ORD100469,9719.84,Sneakers,Footwear,2025-08-04 04:20:24,fulfilled,no,UPI,Michael Prakash,SELL1010,Boase Inc Retail,Ramagundam,3.8
CUST10230,Yashica Zacharia,Naihati,Tripura,active,ORD101278,4902.14,Hair Oil,Beauty,2026-02-07 21:49:41,fulfilled,no,Credit Card,Yashica Zacharia,SELL1005,Ahuja-Dutta Retail,Naihati,4.5
CUST10345,Vrinda Chand,Pimpri-Chinchwad,Manipur,new,ORD101472,25465.52,Phone Case,Mobile Accessories,2025-10-16 21:01:44,fulfilled,no,Cash,Vrinda Chand,SELL1012,Patla-Gaba Retail,Raichur,3.5
CUST10076,Zayyan Bumb,Surat,Telangana,active,ORD100687,37502.91,Biography,Books,2026-04-12 02:52:38,returned,no,UPI,Zayyan Bumb,SELL1015,Madan-Kanda Retail,Surat,4.3
CUST10174,Ekiya Babu,Bilaspur,Arunachal Pradesh,active,ORD101378,19310.24,Doll,Toys & Games,2026-01-18 01:43:55,fulfilled,no,UPI,Ekiya Babu,SELL1000,"Choudhury, Bakshi and Maharaj Retail",Rajahmundry,4.5
CUST10038,Janya Baral,Bhagalpur,Sikkim,new,ORD100639,26895.09,Formal Shoes,Footwear,2025-10-29 18:36:05,fulfilled,no,UPI,Janya Baral,SELL1002,Balay-Balan Retail,Bellary,3.9
CUST10243,Liam Singh,Tadepalligudem,Andhra Pradesh,active,ORD101416,36819.25,Running Shoes,Footwear,2024-09-25 08:39:55,fulfilled,no,UPI,Liam Singh,SELL1014,"Garg, Walla and Konda Retail",Surendranagar Dudhrej,4.5
CUST10126,Umang Comar,Kochi,Rajasthan,active,ORD101218,18543.16,Badminton Racket,Sports,2024-10-12 10:17:13,fulfilled,no,Credit Card,Umang Comar,SELL1009,Memon Ltd Retail,Gangtok,3.5
CUST10217,Yashica Rajagopalan,Amaravati,Nagaland,new,ORD101158,13756.78,Kurta,Fashion,2024-07-18 11:02:49,fulfilled,no,UPI,Yashica Rajagopalan,SELL1018,"Tata, Randhawa and Shanker Retail",Bilaspur,4.7
CUST10183,Odika Nori,Silchar,Maharashtra,active,ORD101250,14554.42,Kurta,Fashion,2025-07-11 18:33:48,returned,no,Credit Card,Odika Nori,SELL1022,"Dutta, Sami and Bhatt Retail",Eluru,4.0
CUST10031,Krish Lalla,Aligarh,Telangana,new,ORD101439,41453.86,Bluetooth Speaker,Electronics,2025-04-16 00:10:57,fulfilled,no,UPI,Krish Lalla,SELL1014,"Garg, Walla and Konda Retail",Surendranagar Dudhrej,4.5
CUST10370,Ranveer Dalal,Latur,Tamil Nadu,inactive,ORD100800,35239.64,Sneakers,Footwear,2025-03-29 05:37:56,fulfilled,yes,Credit Card,Udyati Mandal,SELL1017,Kakar PLC Retail,Latur,4.4
CUST10046,Jack Lal,Amaravati,Himachal Pradesh,new,ORD100160,15186.25,Ring,Jewelry,2024-08-09 05:34:59,fulfilled,no,Cash,Jack Lal,SELL1004,Saini and Sons Retail,Giridih,4.6
CUST10342,Sanya Wable,Solapur,Odisha,new,ORD100956,34553.77,Hair Oil,Beauty,2025-04-23 06:28:17,fulfilled,yes,Cash,Sanya Wable,SELL1021,"Tak, Chand and Batta Retail",Jamnagar,4.5
CUST10014,Guneet Bhat,Sonipat,Uttar Pradesh,new,ORD101186,24461.59,Laptop,Electronics,2024-11-22 08:04:20,fulfilled,no,UPI,Guneet Bhat,SELL1009,Memon Ltd Retail,Gangtok,3.5
CUST10233,Sachi Mane,Muzaffarpur,Nagaland,new,ORD100821,18564.72,Kurta,Fashion,2025-12-11 17:57:27,fulfilled,no,Cash,Sachi Mane,SELL1018,"Tata, Randhawa and Shanker Retail",Muzaffarpur,4.7
CUST10061,Jairaj Shan,Madhyamgram,Sikkim,new,ORD101270,19860.21,T-Shirt,Fashion,2025-04-15 16:07:53,returned,no,Cash,Jairaj Shan,SELL1013,Loke Ltd Retail,Narasaraopet,3.8
CUST10325,Bhavna Nagi,Allahabad,Tripura,new,ORD100877,13449.26,Water Bottle,Home & Kitchen,2025-01-23 20:52:37,lost_parcel,no,UPI,Bhavna Nagi,SELL1007,Rai Inc Retail,Allahabad,3.6
CUST10259,Watika Tank,Kadapa,Himachal Pradesh,active,ORD100913,3122.83,Dress,Fashion,2025-10-29 19:27:52,fulfilled,yes,Credit Card,Watika Tank,SELL1005,Ahuja-Dutta Retail,Mau,4.5
CUST10287,Chameli Setty,Allahabad,Goa,active,ORD100152,23319.13,Kurta,Fashion,2024-08-12 14:06:16,fulfilled,yes,UPI,Chameli Setty,SELL1007,Rai Inc Retail,Hapur,3.6
CUST10066,Lakshit Dora,Yamunanagar,Tamil Nadu,active,ORD101373,34291.33,Fiction Novel,Books,2025-01-18 11:36:22,fulfilled,yes,Cash,Lakshit Dora,SELL1014,"Garg, Walla and Konda Retail",Yamunanagar,4.5
CUST10012,Xavier Solanki,Jhansi,Bihar,active,ORD100509,42219.58,Mixer Grinder,Home & Kitchen,2025-04-19 09:27:50,fulfilled,no,Credit Card,Xavier Solanki,SELL1006,Dugal-Kale Retail,Jhansi,4.8
CUST10151,Watika Mangat,Medininagar,Uttar Pradesh,dormant,ORD101135,19558.36,Cricket Bat,Sports,2025-04-27 04:52:00,fulfilled,no,Credit Card,Ojas Sachdev,SELL1014,"Garg, Walla and Konda Retail",Medininagar,4.5
CUST10199,Darika Bath,Tenali,Punjab,new,ORD101321,35210.64,Dumbbells,Sports,2025-08-09 03:08:14,processing,no,Credit Card,Darika Bath,SELL1011,Kaul Inc Retail,Tenali,4.3
CUST10023,Dakshesh Trivedi,Gaya,Assam,dormant,ORD100103,38931.84,Saree,Fashion,2025-03-15 23:15:48,processing,yes,UPI,Dakshesh Trivedi,SELL1019,Koshy Ltd Retail,Bhimavaram,3.5
CUST10238,Anjali Sengupta,Junagadh,Assam,new,ORD100586,14265.41,Face Wash,Beauty,2026-04-28 04:25:50,fulfilled,yes,UPI,Anjali Sengupta,SELL1002,Balay-Balan Retail,Bellary,3.9
CUST10124,Raksha Sundaram,Bhopal,Rajasthan,active,ORD101328,2010.48,Sneakers,Footwear,2024-09-10 13:27:34,fulfilled,no,Cash,Raksha Sundaram,SELL1012,Patla-Gaba Retail,Raichur,3.5
CUST10227,Pallavi Trivedi,Surat,Kerala,active,ORD101143,22126.83,Perfume,Beauty,2026-02-24 13:55:59,fulfilled,no,Credit Card,Pallavi Trivedi,SELL1003,Tiwari PLC Retail,Surat,3.8
CUST10324,Abdul Dugar,Fatehpur,Meghalaya,active,ORD100053,38712.45,Puzzle,Toys & Games,2025-01-09 19:47:02,lost_parcel,yes,UPI,Abdul Dugar,SELL1020,Rastogi-Pathak Retail,Durgapur,4.7
CUST10077,Inaya Kapur,Thane,Tripura,active,ORD100151,27417.32,Football,Sports,2025-02-25 23:47:27,processing,yes,UPI,Inaya Kapur,SELL1023,"Sidhu, Wadhwa and Krishnamurthy Retail",Raipur,3.7
CUST10125,Nathan Mukhopadhyay,Suryapet,Maharashtra,new,ORD100403,32022.82,Mixer Grinder,Home & Kitchen,2025-09-13 08:19:33,fulfilled,no,Cash,Nathan Mukhopadhyay,SELL1004,Saini and Sons Retail,Giridih,4.6
CUST10183,Odika Nori,Silchar,Maharashtra,active,ORD101454,25968.96,Smart Watch,Electronics,2025-07-31 22:10:14,fulfilled,yes,Cash,Odika Nori,SELL1019,Koshy Ltd Retail,Bhimavaram,3.5
CUST10198,Hemani Sani,Anantapuram,Sikkim,active,ORD100207,29560.63,Football,Sports,2025-09-19 07:19:25,fulfilled,no,Cash,Hemani Sani,SELL1024,"Yadav, Loke and Oak Retail",Durg,4.9
CUST10040,Warjas Gaba,Haridwar,Andhra Pradesh,new,ORD101417,12784.22,Screen Guard,Mobile Accessories,2026-03-16 00:14:04,fulfilled,no,Credit Card,Warjas Gaba,SELL1010,Boase Inc Retail,Ramagundam,3.8
CUST10197,Vedika Sathe,Darbhanga,Gujarat,active,ORD101122,2403.2,Cookbook,Books,2024-09-29 05:29:58,returned,yes,Credit Card,Vedika Sathe,SELL1015,Madan-Kanda Retail,Pimpri-Chinchwad,4.3
CUST10109,Upma Manne,Ahmednagar,Jharkhand,inactive,ORD100008,17731.79,Building Blocks,Toys & Games,2025-04-07 03:23:58,fulfilled,no,Cash,Upma Manne,SELL1023,"Sidhu, Wadhwa and Krishnamurthy Retail",Raipur,3.7
CUST10028,Ethan Yogi,Guna,Himachal Pradesh,new,ORD101014,2576.76,Building Blocks,Toys & Games,2025-03-19 11:48:11,fulfilled,no,Credit Card,Ethan Yogi,SELL1009,Memon Ltd Retail,Gangtok,3.5
CUST10287,Chameli Setty,Allahabad,Goa,active,ORD101343,29631.38,Jacket,Fashion,2024-12-25 13:53:30,fulfilled,yes,UPI,Chameli Setty,SELL1018,"Tata, Randhawa and Shanker Retail",Bilaspur,4.7
CUST10067,Tanish Bhatt,Vellore,Karnataka,active,ORD101060,33645.76,Phone Case,Mobile Accessories,2025-06-06 18:14:56,fulfilled,no,UPI,Tanish Bhatt,SELL1002,Balay-Balan Retail,Bellary,3.9
CUST10058,Tamanna Sachdeva,Yamunanagar,Meghalaya,new,ORD100452,43416.25,Smartphone,Electronics,2025-06-05 09:52:14,fulfilled,yes,Cash,Tamanna Sachdeva,SELL1004,Saini and Sons Retail,Giridih,4.6
CUST10214,Riya Mitter,Gudivada,Arunachal Pradesh,active,ORD100253,44542.96,Dress,Fashion,2026-02-26 12:04:02,lost_parcel,yes,UPI,Riya Mitter,SELL1020,Rastogi-Pathak Retail,Durgapur,4.7
CUST10016,Pahal Goswami,Surendranagar Dudhrej,Haryana,active,ORD100896,23477.88,Water Bottle,Home & Kitchen,2025-05-16 17:15:28,fulfilled,no,Credit Card,Pahal Goswami,SELL1013,Loke Ltd Retail,Narasaraopet,3.8
CUST10230,Yashica Zacharia,Naihati,Tripura,active,ORD101308,7631.12,Water Bottle,Home & Kitchen,2024-08-08 06:26:58,fulfilled,yes,Cash,Yashica Zacharia,SELL1019,Koshy Ltd Retail,Bhimavaram,3.5
CUST10098,Harish Hari,Ambattur,Kerala,active,ORD100880,18221.69,Sneakers,Footwear,2024-11-19 06:40:49,fulfilled,yes,Credit Card,Harish Hari,SELL1006,Dugal-Kale Retail,Ambattur,4.8
CUST10092,Vamakshi Swaminathan,Pune,Assam,new,ORD101427,15962.56,Hair Oil,Beauty,2025-05-25 01:39:49,returned,yes,Credit Card,Vamakshi Swaminathan,SELL1004,Saini and Sons Retail,Giridih,4.6
CUST10339,Jacob Merchant,Srikakulam,Haryana,dormant,ORD100623,31395.41,Exam Guide,Books,2025-12-10 10:16:05,processing,no,Credit Card,Jacob Merchant,SELL1014,"Garg, Walla and Konda Retail",Surendranagar Dudhrej,4.5
CUST10099,Chasmum Atwal,Panipat,Arunachal Pradesh,new,ORD100345,18604.38,Bluetooth Speaker,Electronics,2024-06-25 12:48:13,fulfilled,yes,Credit Card,Chasmum Atwal,SELL1000,"Choudhury, Bakshi and Maharaj Retail",Rajahmundry,4.5
CUST10146,Tripti Kumer,Kirari Suleman Nagar,Jharkhand,inactive,ORD101286,8300.73,Laptop,Electronics,2026-03-18 04:29:00,fulfilled,yes,Credit Card,Zinal Shanker,SELL1014,"Garg, Walla and Konda Retail",Surendranagar Dudhrej,4.5
CUST10221,Reva Viswanathan,Bharatpur,Kerala,new,ORD100262,21994.09,Cricket Bat,Sports,2024-09-18 13:17:22,fulfilled,yes,UPI,Reva Viswanathan,SELL1001,Chaudry Ltd Retail,Bharatpur,3.5
CUST10090,Harini Mammen,Miryalaguda,Andhra Pradesh,inactive,ORD100150,36388.32,Puzzle,Toys & Games,2025-11-25 14:28:30,fulfilled,no,Credit Card,Lopa Nadig,SELL1014,"Garg, Walla and Konda Retail",Miryalaguda,4.5
CUST10273,Idika Bhattacharyya,Dewas,West Bengal,active,ORD100472,36242.52,Earphones,Mobile Accessories,2026-01-06 17:37:36,fulfilled,yes,Cash,Idika Bhattacharyya,SELL1012,Patla-Gaba Retail,Dewas,3.5
CUST10122,Chatura Guha,Panchkula,Rajasthan,inactive,ORD100640,43920.62,Flip Flops,Footwear,2024-09-09 18:49:32,fulfilled,no,Credit Card,Chatura Guha,SELL1004,Saini and Sons Retail,Panchkula,4.6
CUST10020,Madhavi Lanka,Baranagar,Maharashtra,active,ORD101484,5411.92,Bed Sheet,Home & Kitchen,2024-06-18 06:14:43,fulfilled,no,UPI,Madhavi Lanka,SELL1002,Balay-Balan Retail,Baranagar,3.9
CUST10116,Ansh Luthra,Akola,Meghalaya,new,ORD101410,21285.54,Self Help Book,Books,2025-02-17 11:50:54,processing,yes,UPI,Ansh Luthra,SELL1010,Boase Inc Retail,Ramagundam,3.8
CUST10155,Parth Iyer,Panvel,Kerala,active,ORD100550,2168.68,Puzzle,Toys & Games,2025-08-16 20:17:20,fulfilled,yes,Cash,Parth Iyer,SELL1012,Patla-Gaba Retail,Raichur,3.5
CUST10099,Chasmum Atwal,Panipat,Arunachal Pradesh,new,ORD100928,35223.4,Kurta,Fashion,2026-01-18 10:00:02,fulfilled,no,UPI,Chasmum Atwal,SELL1012,Patla-Gaba Retail,Raichur,3.5
CUST10000,Nakul Setty,Firozabad,Mizoram,new,ORD100488,36747.29,Water Bottle,Home & Kitchen,2025-04-17 01:18:33,fulfilled,no,Credit Card,Nakul Setty,SELL1009,Memon Ltd Retail,Gangtok,3.5
CUST10114,Anita Tella,Bahraich,Assam,inactive,ORD101356,32297.62,Sandals,Footwear,2025-10-05 05:51:55,returned,yes,Cash,Raghav Sathe,SELL1015,Madan-Kanda Retail,Pimpri-Chinchwad,4.3
CUST10183,Odika Nori,Silchar,Maharashtra,active,ORD101171,36662.98,Mixer Grinder,Home & Kitchen,2025-04-21 20:18:03,fulfilled,no,Cash,Odika Nori,SELL1009,Memon Ltd Retail,Gangtok,3.5
CUST10130,Harini Tripathi,Delhi,Jharkhand,active,ORD100146,42358.35,Fiction Novel,Books,2024-07-24 13:09:02,fulfilled,no,Cash,Harini Tripathi,SELL1008,"Lalla, Bassi and Sharaf Retail",Delhi,4.1
CUST10278,Jeremiah Nadig,Hospet,Manipur,dormant,ORD100402,5634.23,Smart Watch,Electronics,2024-08-18 13:17:29,returned,yes,Credit Card,Indira Shankar,SELL1008,"Lalla, Bassi and Sharaf Retail",Burhanpur,4.1
CUST10198,Hemani Sani,Anantapuram,Sikkim,active,ORD100954,4192.01,Earphones,Mobile Accessories,2026-05-09 14:54:55,fulfilled,yes,Credit Card,Hemani Sani,SELL1005,Ahuja-Dutta Retail,Mau,4.5
CUST10138,Hamsini Rao,Ozhukarai,West Bengal,new,ORD101405,18844.39,Bed Sheet,Home & Kitchen,2024-10-06 18:15:04,processing,yes,Cash,Hamsini Rao,SELL1005,Ahuja-Dutta Retail,Ozhukarai,4.5
CUST10175,Oviya Vora,Rajkot,Meghalaya,active,ORD100659,11050.1,Charger,Mobile Accessories,2025-07-25 15:54:44,fulfilled,no,Credit Card,Oviya Vora,SELL1022,"Dutta, Sami and Bhatt Retail",Eluru,4.0
CUST10188,Bhavna Muni,Vasai-Virar,Odisha,new,ORD100463,16102.5,Sandals,Footwear,2024-11-12 11:14:11,processing,yes,Cash,Bhavna Muni,SELL1005,Ahuja-Dutta Retail,Mau,4.5
CUST10325,Bhavna Nagi,Allahabad,Tripura,new,ORD100186,20049.71,Face Wash,Beauty,2025-03-13 13:12:38,fulfilled,yes,Cash,Bhavna Nagi,SELL1015,Madan-Kanda Retail,Allahabad,4.3
CUST10050,Ganga Murthy,Dewas,Mizoram,inactive,ORD101147,18640.67,Lipstick,Beauty,2025-08-13 19:35:12,fulfilled,no,Credit Card,Ganga Murthy,SELL1011,Kaul Inc Retail,Alwar,4.3
CUST10282,Zashil Hegde,Cuttack,Rajasthan,new,ORD101224,5458.25,Perfume,Beauty,2025-05-03 01:42:17,fulfilled,no,UPI,Zashil Hegde,SELL1023,"Sidhu, Wadhwa and Krishnamurthy Retail",Raipur,3.7
CUST10185,Urvi Bhavsar,Guwahati,Assam,dormant,ORD100608,23215.55,Bracelet,Jewelry,2025-12-29 10:23:57,fulfilled,no,UPI,Pushti Chand,SELL1013,Loke Ltd Retail,Narasaraopet,3.8
CUST10019,Tanay Rattan,Dehradun,Madhya Pradesh,new,ORD100143,18097.15,Ring,Jewelry,2025-03-13 00:55:13,fulfilled,no,Cash,Tanay Rattan,SELL1024,"Yadav, Loke and Oak Retail",Durg,4.9
CUST10097,Rehaan Kalita,Bally,Telangana,active,ORD100751,31029.46,Football,Sports,2025-12-02 15:53:40,fulfilled,no,UPI,Rehaan Kalita,SELL1006,Dugal-Kale Retail,Bally,4.8
CUST10047,Ikbal Saraf,Satara,Maharashtra,active,ORD100981,22222.28,Dumbbells,Sports,2025-01-06 01:00:37,fulfilled,yes,Cash,Ikbal Saraf,SELL1011,Kaul Inc Retail,Alwar,4.3
CUST10242,Madhav Devan,Baranagar,Uttarakhand,new,ORD100197,19395.29,Gold Necklace,Jewelry,2024-12-22 04:09:12,fulfilled,no,Cash,Madhav Devan,SELL1011,Kaul Inc Retail,Alwar,4.3
CUST10164,Sudiksha Prabhakar,Dharmavaram,Telangana,inactive,ORD100883,21199.0,Puzzle,Toys & Games,2024-09-04 13:09:36,fulfilled,no,UPI,Nachiket Cherian,SELL1015,Madan-Kanda Retail,Dharmavaram,4.3
CUST10116,Ansh Luthra,Akola,Meghalaya,new,ORD100279,33453.44,Mixer Grinder,Home & Kitchen,2025-04-11 17:32:29,fulfilled,no,Cash,Ansh Luthra,SELL1000,"Choudhury, Bakshi and Maharaj Retail",Rajahmundry,4.5
CUST10088,Ladli Nayar,Shimla,West Bengal,active,ORD100293,11965.56,Badminton Racket,Sports,2026-01-09 02:11:37,fulfilled,no,UPI,Ladli Nayar,SELL1022,"Dutta, Sami and Bhatt Retail",Eluru,4.0
CUST10173,Imaran Bal,Kanpur,Kerala,active,ORD101364,23675.33,Hair Oil,Beauty,2025-06-27 00:08:08,returned,yes,Cash,Imaran Bal,SELL1023,"Sidhu, Wadhwa and Krishnamurthy Retail",Kanpur,3.7
CUST10003,Ekiya Suresh,Gorakhpur,Kerala,dormant,ORD100400,11534.2,Running Shoes,Footwear,2025-03-22 17:24:07,fulfilled,yes,Cash,Ekiya Suresh,SELL1007,Rai Inc Retail,Hapur,3.6
CUST10038,Janya Baral,Bhagalpur,Sikkim,new,ORD100122,13177.43,Fiction Novel,Books,2026-01-09 03:09:20,returned,no,Cash,Janya Baral,SELL1001,Chaudry Ltd Retail,Bhagalpur,3.5
CUST10309,Charan Srinivasan,Loni,Rajasthan,new,ORD101207,25031.8,Biography,Books,2025-01-03 11:36:40,fulfilled,no,Cash,Charan Srinivasan,SELL1014,"Garg, Walla and Konda Retail",Surendranagar Dudhrej,4.5
CUST10189,Mohammed Subramaniam,Moradabad,Kerala,dormant,ORD100202,39165.35,Football,Sports,2024-07-20 13:46:10,fulfilled,no,Credit Card,Mohammed Subramaniam,SELL1000,"Choudhury, Bakshi and Maharaj Retail",Moradabad,4.5
CUST10359,Vivaan Nagar,Patiala,Jharkhand,new,ORD100835,12336.42,Badminton Racket,Sports,2025-09-27 18:39:59,fulfilled,yes,UPI,Vivaan Nagar,SELL1017,Kakar PLC Retail,Rajpur Sonarpur,4.4
CUST10239,Shravya Palla,Vijayanagaram,Arunachal Pradesh,new,ORD100246,36673.91,Biography,Books,2025-12-07 16:05:27,fulfilled,yes,Credit Card,Shravya Palla,SELL1018,"Tata, Randhawa and Shanker Retail",Vijayanagaram,4.7
CUST10306,Gayathri Tripathi,Phusro,Jharkhand,inactive,ORD101422,16510.09,Face Wash,Beauty,2026-03-24 09:43:17,fulfilled,yes,Credit Card,Gayathri Tripathi,SELL1005,Ahuja-Dutta Retail,Mau,4.5
CUST10013,Raagini Pandya,Bulandshahr,Manipur,new,ORD101408,17152.92,Flip Flops,Footwear,2025-08-20 16:05:31,fulfilled,yes,Credit Card,Raagini Pandya,SELL1005,Ahuja-Dutta Retail,Bulandshahr,4.5
CUST10305,Falak Nagar,Singrauli,Punjab,dormant,ORD101153,996.0,Laptop,Electronics,2025-05-07 08:27:31,fulfilled,no,Credit Card,Bahadurjit Menon,SELL1009,Memon Ltd Retail,Gangtok,3.5
CUST10359,Vivaan Nagar,Patiala,Jharkhand,new,ORD100384,16540.77,Laptop,Electronics,2024-10-14 01:02:07,fulfilled,no,Cash,Vivaan Nagar,SELL1014,"Garg, Walla and Konda Retail",Patiala,4.5
CUST10329,Gautami Mane,Tinsukia,Mizoram,active,ORD101322,3875.49,Headphones,Electronics,2025-09-06 19:43:43,fulfilled,no,Credit Card,Gautami Mane,SELL1022,"Dutta, Sami and Bhatt Retail",Eluru,4.0
CUST10013,Raagini Pandya,Bulandshahr,Manipur,new,ORD100854,41352.02,Earphones,Mobile Accessories,2026-04-18 18:30:07,fulfilled,yes,Credit Card,Raagini Pandya,SELL1010,Boase Inc Retail,Bulandshahr,3.8
CUST10258,Rajeshri Ratta,Kharagpur,Karnataka,new,ORD100219,24462.68,Remote Car,Toys & Games,2025-02-01 18:57:15,returned,no,Cash,Rajeshri Ratta,SELL1022,"Dutta, Sami and Bhatt Retail",Eluru,4.0
CUST10019,Tanay Rattan,Dehradun,Madhya Pradesh,new,ORD100641,12542.31,Remote Car,Toys & Games,2024-07-13 23:08:10,fulfilled,yes,Credit Card,Tanay Rattan,SELL1022,"Dutta, Sami and Bhatt Retail",Eluru,4.0
CUST10272,Siya Gera,Chandigarh,Uttar Pradesh,active,ORD100001,17463.22,Remote Car,Toys & Games,2026-03-10 11:26:04,lost_parcel,yes,Credit Card,Siya Gera,SELL1004,Saini and Sons Retail,Giridih,4.6
CUST10023,Dakshesh Trivedi,Gaya,Assam,dormant,ORD100112,38045.79,Saree,Fashion,2025-12-21 20:10:07,fulfilled,no,Cash,Dakshesh Trivedi,SELL1024,"Yadav, Loke and Oak Retail",Durg,4.9
CUST10313,David Devi,Kishanganj,Karnataka,active,ORD100698,40070.66,Flip Flops,Footwear,2026-01-10 04:32:02,fulfilled,yes,Credit Card,David Devi,SELL1024,"Yadav, Loke and Oak Retail",Durg,4.9
CUST10164,Sudiksha Prabhakar,Dharmavaram,Telangana,inactive,ORD101431,7829.15,Bracelet,Jewelry,2024-10-03 08:32:44,fulfilled,no,Credit Card,Sudiksha Prabhakar,SELL1007,Rai Inc Retail,Hapur,3.6
CUST10004,Wriddhish Bhardwaj,Tezpur,Assam,active,ORD100951,16400.55,Bluetooth Speaker,Electronics,2025-05-14 21:25:10,fulfilled,no,Credit Card,Wriddhish Bhardwaj,SELL1010,Boase Inc Retail,Ramagundam,3.8
CUST10104,Max Dixit,Guwahati,Haryana,active,ORD101317,17590.04,Gold Necklace,Jewelry,2024-12-12 23:42:54,fulfilled,no,UPI,Max Dixit,SELL1008,"Lalla, Bassi and Sharaf Retail",Burhanpur,4.1
CUST10118,Ijaya Rege,Pondicherry,Sikkim,new,ORD101291,38647.55,Self Help Book,Books,2025-11-16 20:28:46,fulfilled,no,Credit Card,Ijaya Rege,SELL1020,Rastogi-Pathak Retail,Durgapur,4.7
CUST10157,Ishwar Sidhu,Ajmer,Tripura,dormant,ORD101353,15489.95,Perfume,Beauty,2025-12-08 21:39:25,fulfilled,no,UPI,Ishwar Sidhu,SELL1006,Dugal-Kale Retail,Ajmer,4.8
CUST10242,Madhav Devan,Baranagar,Uttarakhand,new,ORD100441,23132.49,Water Bottle,Home & Kitchen,2025-06-02 05:36:59,fulfilled,no,Credit Card,Madhav Devan,SELL1014,"Garg, Walla and Konda Retail",Surendranagar Dudhrej,4.5
CUST10074,Qabil Bedi,Nadiad,Karnataka,dormant,ORD101136,8767.59,Refrigerator,Home & Kitchen,2025-06-08 19:33:57,fulfilled,yes,UPI,Qabil Bedi,SELL1008,"Lalla, Bassi and Sharaf Retail",Burhanpur,4.1
CUST10251,Amol Parikh,Hapur,Haryana,new,ORD101256,23483.13,Dumbbells,Sports,2026-04-06 15:04:14,fulfilled,yes,Cash,Amol Parikh,SELL1006,Dugal-Kale Retail,Kota,4.8
CUST10300,Libni Thaman,Jamalpur,Himachal Pradesh,new,ORD100663,3917.95,Cricket Bat,Sports,2025-09-05 18:12:27,fulfilled,yes,Cash,Libni Thaman,SELL1016,Balay LLC Retail,Agartala,3.8
CUST10038,Janya Baral,Bhagalpur,Sikkim,new,ORD101372,34120.32,Bed Sheet,Home & Kitchen,2024-07-11 19:02:25,fulfilled,yes,Cash,Janya Baral,SELL1000,"Choudhury, Bakshi and Maharaj Retail",Bhagalpur,4.5
CUST10105,Omaja Kara,Hospet,Manipur,active,ORD101257,7513.93,Football,Sports,2024-11-20 20:32:13,fulfilled,yes,Cash,Omaja Kara,SELL1013,Loke Ltd Retail,Hospet,3.8
CUST10100,Brinda Date,Kota,West Bengal,new,ORD101331,30313.02,Running Shoes,Footwear,2025-11-01 15:07:22,fulfilled,yes,UPI,Brinda Date,SELL1005,Ahuja-Dutta Retail,Mau,4.5
CUST10088,Ladli Nayar,Shimla,West Bengal,active,ORD100317,44212.35,Mixer Grinder,Home & Kitchen,2025-05-03 01:45:57,lost_parcel,no,Cash,Ladli Nayar,SELL1022,"Dutta, Sami and Bhatt Retail",Eluru,4.0
CUST10104,Max Dixit,Guwahati,Haryana,active,ORD100648,19729.26,Dumbbells,Sports,2024-07-28 03:50:00,returned,yes,Credit Card,Max Dixit,SELL1024,"Yadav, Loke and Oak Retail",Durg,4.9
CUST10105,Omaja Kara,Hospet,Manipur,active,ORD100709,38534.7,Face Cream,Beauty,2025-09-22 01:15:30,fulfilled,no,UPI,Omaja Kara,SELL1015,Madan-Kanda Retail,Pimpri-Chinchwad,4.3
CUST10124,Raksha Sundaram,Bhopal,Rajasthan,active,ORD101282,22666.27,Jeans,Fashion,2025-07-27 23:13:54,fulfilled,no,UPI,Raksha Sundaram,SELL1017,Kakar PLC Retail,Rajpur Sonarpur,4.4
CUST10366,Samar Narayanan,Hospet,West Bengal,new,ORD100972,28325.3,Remote Car,Toys & Games,2025-05-03 06:06:25,fulfilled,yes,UPI,Samar Narayanan,SELL1001,Chaudry Ltd Retail,Hospet,3.5
CUST10032,Anita Manda,Tiruvottiyur,Gujarat,active,ORD100627,3558.57,Sandals,Footwear,2025-01-20 05:08:46,fulfilled,yes,UPI,Anita Manda,SELL1024,"Yadav, Loke and Oak Retail",Durg,4.9
CUST10217,Yashica Rajagopalan,Amaravati,Nagaland,new,ORD100632,43547.8,Hair Oil,Beauty,2025-03-15 02:17:19,fulfilled,no,Credit Card,Yashica Rajagopalan,SELL1022,"Dutta, Sami and Bhatt Retail",Eluru,4.0
CUST10319,Madhav Mannan,Tumkur,Tamil Nadu,new,ORD101306,11589.34,Dumbbells,Sports,2025-08-01 21:02:12,fulfilled,yes,UPI,Madhav Mannan,SELL1010,Boase Inc Retail,Ramagundam,3.8
CUST10331,Ganga Gaba,Bardhaman,Tamil Nadu,new,ORD101248,30158.19,Ring,Jewelry,2025-07-01 17:29:27,fulfilled,yes,UPI,Ganga Gaba,SELL1019,Koshy Ltd Retail,Bhimavaram,3.5
CUST10028,Ethan Yogi,Guna,Himachal Pradesh,new,ORD101461,42592.72,Running Shoes,Footwear,2024-08-13 19:03:57,fulfilled,no,UPI,Ethan Yogi,SELL1013,Loke Ltd Retail,Narasaraopet,3.8
CUST10116,Ansh Luthra,Akola,Meghalaya,new,ORD101254,18617.99,Formal Shoes,Footwear,2025-05-25 15:13:10,fulfilled,no,Cash,Ansh Luthra,SELL1017,Kakar PLC Retail,Akola,4.4
CUST10246,William Saini,Rajkot,Bihar,inactive,ORD101383,12638.54,Badminton Racket,Sports,2024-06-13 07:29:03,fulfilled,no,Credit Card,William Saini,SELL1009,Memon Ltd Retail,Rajkot,3.5
CUST10240,Yadavi Prakash,Kharagpur,Assam,inactive,ORD100795,12925.12,Dress,Fashion,2024-07-21 07:46:17,fulfilled,no,Credit Card,Jagdish Thakkar,SELL1015,Madan-Kanda Retail,Kharagpur,4.3
CUST10237,Kamya Chauhan,Anantapuram,Assam,inactive,ORD100645,4233.64,Exam Guide,Books,2024-11-03 07:29:34,processing,yes,Credit Card,Nisha Savant,SELL1013,Loke Ltd Retail,Anantapuram,3.8
CUST10254,Dev Shankar,Durg,Gujarat,new,ORD101012,19482.83,Gold Necklace,Jewelry,2025-06-16 01:08:25,fulfilled,yes,Cash,Dev Shankar,SELL1022,"Dutta, Sami and Bhatt Retail",Eluru,4.0
CUST10272,Siya Gera,Chandigarh,Uttar Pradesh,active,ORD100556,5821.55,Dress,Fashion,2024-08-02 04:08:15,fulfilled,no,Credit Card,Siya Gera,SELL1014,"Garg, Walla and Konda Retail",Surendranagar Dudhrej,4.5
CUST10075,Suhani Narain,Nadiad,Himachal Pradesh,new,ORD100681,4035.54,Gold Necklace,Jewelry,2024-11-25 01:56:27,fulfilled,yes,UPI,Suhani Narain,SELL1016,Balay LLC Retail,Agartala,3.8
CUST10174,Ekiya Babu,Bilaspur,Arunachal Pradesh,active,ORD100577,42797.44,Face Wash,Beauty,2026-05-13 17:44:09,returned,yes,UPI,Ekiya Babu,SELL1009,Memon Ltd Retail,Bilaspur,3.5
CUST10081,Atharv Muni,Sikar,Tamil Nadu,new,ORD101109,32829.88,Water Bottle,Home & Kitchen,2024-10-06 20:34:26,fulfilled,no,Credit Card,Atharv Muni,SELL1008,"Lalla, Bassi and Sharaf Retail",Burhanpur,4.1
CUST10029,Ikshita Biswas,Uluberia,Jharkhand,new,ORD101266,7864.9,Silver Earrings,Jewelry,2024-10-03 02:32:56,returned,yes,Cash,Ikshita Biswas,SELL1002,Balay-Balan Retail,Uluberia,3.9
CUST10221,Reva Viswanathan,Bharatpur,Kerala,new,ORD101183,38942.62,Yoga Mat,Sports,2025-04-04 17:22:51,fulfilled,no,Cash,Reva Viswanathan,SELL1021,"Tak, Chand and Batta Retail",Jamnagar,4.5
CUST10158,Mekhala Pau,Tenali,Andhra Pradesh,new,ORD100524,39091.92,Face Wash,Beauty,2025-07-14 07:13:30,fulfilled,no,Cash,Mekhala Pau,SELL1000,"Choudhury, Bakshi and Maharaj Retail",Rajahmundry,4.5
CUST10099,Chasmum Atwal,Panipat,Arunachal Pradesh,new,ORD101059,4408.65,Remote Car,Toys & Games,2024-10-05 04:28:00,fulfilled,no,Cash,Chasmum Atwal,SELL1023,"Sidhu, Wadhwa and Krishnamurthy Retail",Panipat,3.7
CUST10355,Anya Gulati,Patna,Uttar Pradesh,inactive,ORD100540,42725.45,Lipstick,Beauty,2024-07-19 11:34:36,returned,yes,Cash,Neha Varma,SELL1010,Boase Inc Retail,Ramagundam,3.8
CUST10216,Dakshesh Pillay,Solapur,Rajasthan,new,ORD101194,2629.73,Remote Car,Toys & Games,2024-07-28 21:21:44,fulfilled,no,Cash,Dakshesh Pillay,SELL1013,Loke Ltd Retail,Narasaraopet,3.8
CUST10233,Sachi Mane,Muzaffarpur,Nagaland,new,ORD100748,36660.05,Badminton Racket,Sports,2025-06-27 13:35:02,fulfilled,yes,Credit Card,Sachi Mane,SELL1022,"Dutta, Sami and Bhatt Retail",Muzaffarpur,4.0
CUST10329,Gautami Mane,Tinsukia,Mizoram,active,ORD101386,31556.23,Football,Sports,2026-04-01 14:23:57,fulfilled,no,Credit Card,Gautami Mane,SELL1024,"Yadav, Loke and Oak Retail",Durg,4.9
CUST10044,Mohini Narasimhan,Coimbatore,Tripura,new,ORD100484,37781.58,Smartphone,Electronics,2025-12-01 06:36:52,lost_parcel,no,UPI,Mohini Narasimhan,SELL1021,"Tak, Chand and Batta Retail",Jamnagar,4.5
CUST10021,Mohammed Gupta,Bellary,Arunachal Pradesh,inactive,ORD100095,38820.73,Smart Watch,Electronics,2025-08-04 23:49:44,fulfilled,no,Credit Card,Mohammed Gupta,SELL1000,"Choudhury, Bakshi and Maharaj Retail",Rajahmundry,4.5
CUST10012,Xavier Solanki,Jhansi,Bihar,active,ORD101020,43584.33,Lipstick,Beauty,2024-11-07 22:41:01,fulfilled,no,Credit Card,Xavier Solanki,SELL1022,"Dutta, Sami and Bhatt Retail",Eluru,4.0
CUST10125,Nathan Mukhopadhyay,Suryapet,Maharashtra,new,ORD100563,4219.4,Jacket,Fashion,2024-11-07 00:29:44,fulfilled,yes,UPI,Nathan Mukhopadhyay,SELL1005,Ahuja-Dutta Retail,Suryapet,4.5
CUST10146,Tripti Kumer,Kirari Suleman Nagar,Jharkhand,inactive,ORD101264,44693.97,Puzzle,Toys & Games,2025-11-27 15:28:29,fulfilled,yes,Credit Card,Tripti Kumer,SELL1024,"Yadav, Loke and Oak Retail",Durg,4.9
CUST10188,Bhavna Muni,Vasai-Virar,Odisha,new,ORD100742,11310.94,Self Help Book,Books,2025-11-17 16:45:07,returned,yes,UPI,Bhavna Muni,SELL1011,Kaul Inc Retail,Alwar,4.3
CUST10342,Sanya Wable,Solapur,Odisha,new,ORD100863,5930.5,Screen Guard,Mobile Accessories,2024-07-26 18:32:49,fulfilled,yes,Cash,Sanya Wable,SELL1011,Kaul Inc Retail,Alwar,4.3
CUST10128,Urmi Kohli,Suryapet,Chhattisgarh,inactive,ORD100891,19035.3,Building Blocks,Toys & Games,2025-02-24 02:48:48,fulfilled,yes,Credit Card,Urmi Kohli,SELL1009,Memon Ltd Retail,Suryapet,3.5
CUST10288,Ojasvi Sule,Kurnool,Karnataka,new,ORD101038,29107.99,Laptop,Electronics,2024-11-25 03:15:55,fulfilled,yes,UPI,Ojasvi Sule,SELL1007,Rai Inc Retail,Hapur,3.6
CUST10216,Dakshesh Pillay,Solapur,Rajasthan,new,ORD100206,26405.81,Puzzle,Toys & Games,2025-12-02 18:23:28,fulfilled,yes,Credit Card,Dakshesh Pillay,SELL1004,Saini and Sons Retail,Solapur,4.6
CUST10047,Ikbal Saraf,Satara,Maharashtra,active,ORD100392,27232.45,Screen Guard,Mobile Accessories,2026-03-22 20:33:43,fulfilled,yes,UPI,Ikbal Saraf,SELL1022,"Dutta, Sami and Bhatt Retail",Eluru,4.0
CUST10044,Mohini Narasimhan,Coimbatore,Tripura,new,ORD100794,13414.01,Doll,Toys & Games,2026-02-22 09:33:05,returned,yes,UPI,Mohini Narasimhan,SELL1021,"Tak, Chand and Batta Retail",Jamnagar,4.5
CUST10183,Odika Nori,Silchar,Maharashtra,active,ORD100870,9826.5,Bracelet,Jewelry,2025-03-24 03:05:32,fulfilled,yes,UPI,Odika Nori,SELL1023,"Sidhu, Wadhwa and Krishnamurthy Retail",Raipur,3.7
CUST10320,Hiral Sathe,Nangloi Jat,Gujarat,new,ORD100397,31169.28,Self Help Book,Books,2025-08-28 12:11:39,returned,yes,UPI,Hiral Sathe,SELL1024,"Yadav, Loke and Oak Retail",Durg,4.9
CUST10196,Chandran Bumb,Mango,Sikkim,inactive,ORD100766,38108.82,Mixer Grinder,Home & Kitchen,2026-01-12 11:44:52,fulfilled,no,UPI,Jack Kari,SELL1011,Kaul Inc Retail,Mango,4.3
CUST10236,Neel Iyengar,Chandrapur,Arunachal Pradesh,active,ORD101376,7322.99,Earphones,Mobile Accessories,2025-03-31 03:29:43,returned,no,UPI,Neel Iyengar,SELL1020,Rastogi-Pathak Retail,Durgapur,4.7
CUST10196,Chandran Bumb,Mango,Sikkim,inactive,ORD101241,4181.9,Water Bottle,Home & Kitchen,2025-08-22 21:08:56,returned,yes,UPI,Chandran Bumb,SELL1023,"Sidhu, Wadhwa and Krishnamurthy Retail",Raipur,3.7
CUST10010,Veer Bir,Bathinda,Assam,active,ORD101028,6920.98,Self Help Book,Books,2025-05-23 04:41:08,fulfilled,yes,Credit Card,Veer Bir,SELL1008,"Lalla, Bassi and Sharaf Retail",Burhanpur,4.1
CUST10045,Indali Upadhyay,Jorhat,Karnataka,dormant,ORD100642,35659.83,Running Shoes,Footwear,2025-07-07 21:14:32,fulfilled,yes,UPI,Nitesh Sarraf,SELL1024,"Yadav, Loke and Oak Retail",Jorhat,4.9
CUST10252,Gaurangi Deol,Nagercoil,Nagaland,new,ORD100612,16827.95,Water Bottle,Home & Kitchen,2024-11-03 14:18:37,returned,yes,Credit Card,Gaurangi Deol,SELL1022,"Dutta, Sami and Bhatt Retail",Nagercoil,4.0
CUST10361,Prisha Tandon,Hapur,Rajasthan,active,ORD100960,26087.76,Headphones,Electronics,2025-06-11 04:19:03,returned,no,Credit Card,Prisha Tandon,SELL1001,Chaudry Ltd Retail,Gudivada,3.5
CUST10141,Sachi Ganesan,Bhopal,Arunachal Pradesh,inactive,ORD100725,17745.84,Sneakers,Footwear,2026-01-04 15:22:49,fulfilled,no,Cash,Dayita Sarkar,SELL1015,Madan-Kanda Retail,Bhopal,4.3
CUST10116,Ansh Luthra,Akola,Meghalaya,new,ORD100683,20216.69,Charger,Mobile Accessories,2025-09-29 10:34:05,returned,no,UPI,Ansh Luthra,SELL1006,Dugal-Kale Retail,Kota,4.8
CUST10282,Zashil Hegde,Cuttack,Rajasthan,new,ORD100098,10203.49,Mixer Grinder,Home & Kitchen,2025-03-20 02:15:22,fulfilled,no,Cash,Zashil Hegde,SELL1016,Balay LLC Retail,Agartala,3.8
CUST10243,Liam Singh,Tadepalligudem,Andhra Pradesh,active,ORD100804,11270.92,Earphones,Mobile Accessories,2024-05-28 00:24:27,fulfilled,no,UPI,Liam Singh,SELL1007,Rai Inc Retail,Tadepalligudem,3.6
CUST10125,Nathan Mukhopadhyay,Suryapet,Maharashtra,new,ORD100406,13422.07,Flip Flops,Footwear,2025-10-27 00:27:28,fulfilled,no,Cash,Nathan Mukhopadhyay,SELL1015,Madan-Kanda Retail,Pimpri-Chinchwad,4.3
CUST10017,Saanvi Chaudhari,Panvel,Uttarakhand,active,ORD100502,29112.14,Charger,Mobile Accessories,2024-08-21 00:05:07,processing,no,UPI,Saanvi Chaudhari,SELL1004,Saini and Sons Retail,Giridih,4.6
CUST10102,Charan Krishnan,Raipur,Uttarakhand,active,ORD101071,16540.14,T-Shirt,Fashion,2025-02-10 12:03:37,fulfilled,no,UPI,Charan Krishnan,SELL1005,Ahuja-Dutta Retail,Mau,4.5
CUST10052,Rehaan Salvi,Akola,Punjab,dormant,ORD101056,8453.56,Refrigerator,Home & Kitchen,2025-08-05 17:38:23,fulfilled,yes,UPI,Raghav Tailor,SELL1022,"Dutta, Sami and Bhatt Retail",Eluru,4.0
CUST10287,Chameli Setty,Allahabad,Goa,active,ORD100929,36936.11,Gold Necklace,Jewelry,2024-11-10 11:36:09,returned,no,Credit Card,Chameli Setty,SELL1024,"Yadav, Loke and Oak Retail",Durg,4.9
CUST10201,Aadhya Mann,Jamshedpur,Andhra Pradesh,active,ORD100779,23125.64,Board Game,Toys & Games,2025-07-25 05:59:52,returned,no,Cash,Aadhya Mann,SELL1014,"Garg, Walla and Konda Retail",Surendranagar Dudhrej,4.5
CUST10148,Zashil Shan,Davanagere,Madhya Pradesh,active,ORD100200,11697.56,Cricket Bat,Sports,2025-06-01 22:34:38,fulfilled,yes,Credit Card,Zashil Shan,SELL1014,"Garg, Walla and Konda Retail",Surendranagar Dudhrej,4.5
CUST10238,Anjali Sengupta,Junagadh,Assam,new,ORD100134,19741.28,Smartphone,Electronics,2024-11-15 00:39:33,fulfilled,yes,UPI,Anjali Sengupta,SELL1021,"Tak, Chand and Batta Retail",Jamnagar,4.5
CUST10207,Gaurang Sarkar,Latur,Maharashtra,active,ORD101051,35013.46,Face Cream,Beauty,2024-11-21 13:29:02,processing,yes,Credit Card,Gaurang Sarkar,SELL1007,Rai Inc Retail,Hapur,3.6
CUST10125,Nathan Mukhopadhyay,Suryapet,Maharashtra,new,ORD100040,31306.91,Cookbook,Books,2026-02-14 00:32:56,fulfilled,no,UPI,Nathan Mukhopadhyay,SELL1024,"Yadav, Loke and Oak Retail",Durg,4.9
CUST10102,Charan Krishnan,Raipur,Uttarakhand,active,ORD101017,27411.13,Remote Car,Toys & Games,2024-06-11 01:42:01,fulfilled,yes,UPI,Charan Krishnan,SELL1008,"Lalla, Bassi and Sharaf Retail",Burhanpur,4.1
CUST10189,Mohammed Subramaniam,Moradabad,Kerala,dormant,ORD100230,8239.56,Puzzle,Toys & Games,2025-01-24 17:00:31,fulfilled,yes,Cash,Mohammed Subramaniam,SELL1009,Memon Ltd Retail,Gangtok,3.5
CUST10373,Unnati Chaudhari,Imphal,Gujarat,active,ORD100378,30241.71,Dumbbells,Sports,2024-07-09 10:07:27,fulfilled,yes,Cash,Unnati Chaudhari,SELL1016,Balay LLC Retail,Agartala,3.8
CUST10183,Odika Nori,Silchar,Maharashtra,active,ORD100288,26748.18,Silver Earrings,Jewelry,2025-08-26 01:27:26,fulfilled,no,Credit Card,Odika Nori,SELL1023,"Sidhu, Wadhwa and Krishnamurthy Retail",Raipur,3.7
CUST10216,Dakshesh Pillay,Solapur,Rajasthan,new,ORD100418,25111.17,T-Shirt,Fashion,2025-06-22 14:19:01,fulfilled,yes,UPI,Dakshesh Pillay,SELL1000,"Choudhury, Bakshi and Maharaj Retail",Rajahmundry,4.5
CUST10159,Jatin Sha,Firozabad,Odisha,active,ORD100391,27521.63,Hair Oil,Beauty,2025-10-24 18:37:55,fulfilled,yes,UPI,Jatin Sha,SELL1012,Patla-Gaba Retail,Raichur,3.5
CUST10147,Ethan Sathe,Dharmavaram,Jharkhand,active,ORD100592,15529.26,Running Shoes,Footwear,2026-04-01 00:17:03,fulfilled,yes,UPI,Ethan Sathe,SELL1013,Loke Ltd Retail,Narasaraopet,3.8
CUST10015,Yuvraj Handa,Jorhat,Manipur,inactive,ORD101162,38076.14,Bed Sheet,Home & Kitchen,2026-04-19 10:05:57,fulfilled,yes,Cash,Yuvraj Handa,SELL1021,"Tak, Chand and Batta Retail",Jorhat,4.5
CUST10282,Zashil Hegde,Cuttack,Rajasthan,new,ORD101086,8687.45,Power Bank,Mobile Accessories,2025-10-18 03:01:38,fulfilled,yes,UPI,Zashil Hegde,SELL1019,Koshy Ltd Retail,Bhimavaram,3.5
CUST10015,Yuvraj Handa,Jorhat,Manipur,inactive,ORD100647,5335.87,Bed Sheet,Home & Kitchen,2024-11-06 13:35:08,fulfilled,no,Cash,Yuvraj Handa,SELL1015,Madan-Kanda Retail,Jorhat,4.3
CUST10183,Odika Nori,Silchar,Maharashtra,active,ORD101152,7014.33,Biography,Books,2024-09-25 03:59:18,fulfilled,yes,UPI,Odika Nori,SELL1017,Kakar PLC Retail,Rajpur Sonarpur,4.4
CUST10183,Odika Nori,Silchar,Maharashtra,active,ORD101367,24300.47,Headphones,Electronics,2026-02-18 12:43:29,fulfilled,yes,UPI,Odika Nori,SELL1020,Rastogi-Pathak Retail,Silchar,4.7
CUST10346,Yochana Sagar,Phusro,Arunachal Pradesh,new,ORD100520,23153.35,Flip Flops,Footwear,2025-02-18 07:31:33,fulfilled,yes,UPI,Yochana Sagar,SELL1004,Saini and Sons Retail,Phusro,4.6
CUST10208,Farhan Randhawa,Sonipat,Haryana,active,ORD100064,41132.78,Water Bottle,Home & Kitchen,2024-07-25 01:13:56,returned,no,UPI,Farhan Randhawa,SELL1015,Madan-Kanda Retail,Pimpri-Chinchwad,4.3
CUST10183,Odika Nori,Silchar,Maharashtra,active,ORD100014,11753.35,Yoga Mat,Sports,2025-05-11 00:29:15,fulfilled,yes,Cash,Odika Nori,SELL1019,Koshy Ltd Retail,Bhimavaram,3.5
CUST10235,Triya Manda,Ambala,Mizoram,new,ORD101180,37878.21,Water Bottle,Home & Kitchen,2025-02-02 23:54:06,fulfilled,yes,UPI,Triya Manda,SELL1003,Tiwari PLC Retail,Kishanganj,3.8
CUST10013,Raagini Pandya,Bulandshahr,Manipur,new,ORD101064,14361.05,Fiction Novel,Books,2024-11-18 12:15:54,fulfilled,no,UPI,Raagini Pandya,SELL1011,Kaul Inc Retail,Alwar,4.3
CUST10245,Indrajit Mani,Barasat,Bihar,active,ORD100492,27912.12,Biography,Books,2025-10-11 13:10:30,fulfilled,yes,Credit Card,Indrajit Mani,SELL1015,Madan-Kanda Retail,Barasat,4.3
CUST10190,Ishwar Mallick,Haldia,West Bengal,new,ORD100379,29967.53,Remote Car,Toys & Games,2025-08-13 06:23:47,fulfilled,yes,Cash,Ishwar Mallick,SELL1017,Kakar PLC Retail,Rajpur Sonarpur,4.4
CUST10175,Oviya Vora,Rajkot,Meghalaya,active,ORD100187,23241.69,Gold Necklace,Jewelry,2024-09-30 11:35:34,returned,no,UPI,Oviya Vora,SELL1017,Kakar PLC Retail,Rajpur Sonarpur,4.4
CUST10103,Nandini Swamy,Gangtok,Rajasthan,inactive,ORD100763,39498.93,Sandals,Footwear,2024-07-03 21:18:40,processing,yes,Credit Card,Ojas Pillai,SELL1016,Balay LLC Retail,Gangtok,3.8
CUST10221,Reva Viswanathan,Bharatpur,Kerala,new,ORD100216,38650.68,Saree,Fashion,2025-03-12 21:30:48,lost_parcel,no,Cash,Reva Viswanathan,SELL1001,Chaudry Ltd Retail,Bharatpur,3.5
CUST10086,Veda Shroff,Guntakal,Himachal Pradesh,new,ORD100791,3012.56,Smart Watch,Electronics,2025-12-02 06:59:29,fulfilled,no,Credit Card,Veda Shroff,SELL1018,"Tata, Randhawa and Shanker Retail",Guntakal,4.7
CUST10081,Atharv Muni,Sikar,Tamil Nadu,new,ORD101076,39374.78,Kurta,Fashion,2026-03-08 14:26:50,lost_parcel,no,Cash,Atharv Muni,SELL1014,"Garg, Walla and Konda Retail",Surendranagar Dudhrej,4.5
CUST10078,Yug Iyengar,Jamnagar,Haryana,new,ORD100878,3938.01,Gold Necklace,Jewelry,2025-05-08 11:52:10,returned,no,Cash,Yug Iyengar,SELL1005,Ahuja-Dutta Retail,Mau,4.5
CUST10262,Damini Sehgal,Rourkela,Tamil Nadu,new,ORD100337,2502.36,Bracelet,Jewelry,2024-08-05 15:40:35,fulfilled,no,UPI,Damini Sehgal,SELL1011,Kaul Inc Retail,Rourkela,4.3
CUST10288,Ojasvi Sule,Kurnool,Karnataka,new,ORD100719,25727.4,Ring,Jewelry,2024-07-22 04:55:12,fulfilled,no,Credit Card,Ojasvi Sule,SELL1015,Madan-Kanda Retail,Pimpri-Chinchwad,4.3
CUST10155,Parth Iyer,Panvel,Kerala,active,ORD100295,24255.36,Perfume,Beauty,2025-10-14 14:26:04,fulfilled,no,Credit Card,Parth Iyer,SELL1009,Memon Ltd Retail,Gangtok,3.5
CUST10121,Jack Raval,Hosur,Manipur,active,ORD101016,2424.82,Smartphone,Electronics,2024-10-08 11:51:44,fulfilled,no,UPI,Jack Raval,SELL1001,Chaudry Ltd Retail,Gudivada,3.5
CUST10116,Ansh Luthra,Akola,Meghalaya,new,ORD101275,8688.23,Saree,Fashion,2026-04-29 06:28:39,fulfilled,yes,Credit Card,Ansh Luthra,SELL1014,"Garg, Walla and Konda Retail",Akola,4.5
CUST10008,Jai Kota,Rajkot,Karnataka,active,ORD100455,27097.92,Power Bank,Mobile Accessories,2025-08-03 23:37:49,fulfilled,yes,Credit Card,Jai Kota,SELL1019,Koshy Ltd Retail,Rajkot,3.5
CUST10130,Harini Tripathi,Delhi,Jharkhand,active,ORD101496,44462.58,Ring,Jewelry,2025-01-09 23:53:18,fulfilled,no,UPI,Harini Tripathi,SELL1004,Saini and Sons Retail,Giridih,4.6
CUST10131,Vrishti Dixit,Siwan,Meghalaya,active,ORD100815,13018.02,Formal Shoes,Footwear,2025-03-03 20:58:09,fulfilled,no,Cash,Vrishti Dixit,SELL1022,"Dutta, Sami and Bhatt Retail",Eluru,4.0
CUST10273,Idika Bhattacharyya,Dewas,West Bengal,active,ORD100269,28374.81,Bed Sheet,Home & Kitchen,2025-08-29 06:08:46,fulfilled,yes,Credit Card,Idika Bhattacharyya,SELL1019,Koshy Ltd Retail,Bhimavaram,3.5
CUST10356,Amol Khosla,Jabalpur,Bihar,dormant,ORD100995,7679.72,Smartphone,Electronics,2024-12-01 08:18:07,fulfilled,no,UPI,Amol Khosla,SELL1023,"Sidhu, Wadhwa and Krishnamurthy Retail",Jabalpur,3.7
CUST10014,Guneet Bhat,Sonipat,Uttar Pradesh,new,ORD100201,17158.79,Flip Flops,Footwear,2026-01-19 17:48:53,returned,yes,Credit Card,Guneet Bhat,SELL1001,Chaudry Ltd Retail,Gudivada,3.5
CUST10058,Tamanna Sachdeva,Yamunanagar,Meghalaya,new,ORD100161,44580.51,Biography,Books,2024-09-01 17:57:39,fulfilled,no,Cash,Tamanna Sachdeva,SELL1010,Boase Inc Retail,Ramagundam,3.8
CUST10199,Darika Bath,Tenali,Punjab,new,ORD100729,13705.23,Screen Guard,Mobile Accessories,2024-07-05 19:17:47,fulfilled,no,UPI,Darika Bath,SELL1006,Dugal-Kale Retail,Kota,4.8
CUST10295,Yashasvi Shankar,Thrissur,Odisha,active,ORD100401,43403.72,Cookbook,Books,2025-08-20 18:24:44,fulfilled,yes,Credit Card,Yashasvi Shankar,SELL1005,Ahuja-Dutta Retail,Mau,4.5
CUST10228,Pranit Kala,Shivpuri,Gujarat,active,ORD100702,9240.29,Cricket Bat,Sports,2024-06-21 18:16:40,processing,no,Cash,Pranit Kala,SELL1002,Balay-Balan Retail,Shivpuri,3.9
CUST10252,Gaurangi Deol,Nagercoil,Nagaland,new,ORD101129,33166.23,Face Cream,Beauty,2025-11-11 05:35:24,fulfilled,yes,Credit Card,Gaurangi Deol,SELL1002,Balay-Balan Retail,Bellary,3.9
CUST10286,Widisha Mann,Karawal Nagar,Haryana,inactive,ORD100565,37995.78,Kurta,Fashion,2025-01-27 14:29:38,fulfilled,no,Cash,Widisha Mann,SELL1015,Madan-Kanda Retail,Karawal Nagar,4.3
CUST10276,Unni Dayal,Amritsar,Jharkhand,new,ORD101413,13758.84,Bracelet,Jewelry,2024-06-12 03:33:56,fulfilled,yes,UPI,Unni Dayal,SELL1024,"Yadav, Loke and Oak Retail",Durg,4.9
CUST10112,Ekbal Bhasin,Aizawl,Punjab,new,ORD101021,21496.15,Face Wash,Beauty,2024-06-13 14:06:26,fulfilled,no,Credit Card,Ekbal Bhasin,SELL1023,"Sidhu, Wadhwa and Krishnamurthy Retail",Aizawl,3.7
CUST10170,Yagnesh Dass,Coimbatore,Uttarakhand,active,ORD101025,23064.25,Earphones,Mobile Accessories,2024-12-26 00:48:57,fulfilled,yes,Credit Card,Yagnesh Dass,SELL1012,Patla-Gaba Retail,Raichur,3.5
CUST10188,Bhavna Muni,Vasai-Virar,Odisha,new,ORD101411,33767.48,Formal Shoes,Footwear,2025-02-13 05:07:04,returned,yes,Credit Card,Bhavna Muni,SELL1004,Saini and Sons Retail,Vasai-Virar,4.6
CUST10097,Rehaan Kalita,Bally,Telangana,active,ORD101104,8373.24,Jacket,Fashion,2025-01-15 03:27:03,fulfilled,no,Credit Card,Rehaan Kalita,SELL1011,Kaul Inc Retail,Alwar,4.3
CUST10345,Vrinda Chand,Pimpri-Chinchwad,Manipur,new,ORD100205,16869.88,Board Game,Toys & Games,2024-11-29 08:37:24,fulfilled,no,Cash,Vrinda Chand,SELL1018,"Tata, Randhawa and Shanker Retail",Bilaspur,4.7
CUST10021,Mohammed Gupta,Bellary,Arunachal Pradesh,inactive,ORD100034,10733.28,Biography,Books,2025-11-14 20:53:14,fulfilled,yes,Credit Card,Praneel Chhabra,SELL1021,"Tak, Chand and Batta Retail",Jamnagar,4.5
CUST10188,Bhavna Muni,Vasai-Virar,Odisha,new,ORD100775,25468.21,Board Game,Toys & Games,2024-06-26 13:00:33,fulfilled,no,UPI,Bhavna Muni,SELL1024,"Yadav, Loke and Oak Retail",Durg,4.9
CUST10288,Ojasvi Sule,Kurnool,Karnataka,new,ORD100508,7188.83,Exam Guide,Books,2025-09-25 07:33:03,fulfilled,yes,Credit Card,Ojasvi Sule,SELL1013,Loke Ltd Retail,Narasaraopet,3.8
CUST10207,Gaurang Sarkar,Latur,Maharashtra,active,ORD101475,2160.02,Kurta,Fashion,2024-09-07 12:19:35,fulfilled,no,Cash,Gaurang Sarkar,SELL1018,"Tata, Randhawa and Shanker Retail",Bilaspur,4.7
CUST10221,Reva Viswanathan,Bharatpur,Kerala,new,ORD101390,43847.95,Saree,Fashion,2024-06-30 02:20:40,fulfilled,no,Credit Card,Reva Viswanathan,SELL1005,Ahuja-Dutta Retail,Mau,4.5
CUST10258,Rajeshri Ratta,Kharagpur,Karnataka,new,ORD100091,12462.27,Doll,Toys & Games,2025-01-09 06:46:37,fulfilled,yes,UPI,Rajeshri Ratta,SELL1019,Koshy Ltd Retail,Bhimavaram,3.5
CUST10360,Timothy Sachdev,Panipat,Arunachal Pradesh,dormant,ORD101363,22981.03,Biography,Books,2026-01-01 17:49:57,processing,yes,Cash,Timothy Sachdev,SELL1017,Kakar PLC Retail,Rajpur Sonarpur,4.4
CUST10188,Bhavna Muni,Vasai-Virar,Odisha,new,ORD100897,3372.77,Lipstick,Beauty,2024-12-13 15:57:25,fulfilled,yes,Cash,Bhavna Muni,SELL1006,Dugal-Kale Retail,Vasai-Virar,4.8
CUST10365,Omaja Wagle,Munger,Haryana,dormant,ORD100564,33795.02,Cricket Bat,Sports,2025-04-20 12:58:45,fulfilled,yes,UPI,Warda Loyal,SELL1002,Balay-Balan Retail,Bellary,3.9
CUST10327,Balhaar Ranganathan,Gaya,Telangana,new,ORD101369,5284.23,Silver Earrings,Jewelry,2025-06-26 01:10:29,returned,yes,Cash,Balhaar Ranganathan,SELL1018,"Tata, Randhawa and Shanker Retail",Bilaspur,4.7
CUST10243,Liam Singh,Tadepalligudem,Andhra Pradesh,active,ORD100776,4453.84,Screen Guard,Mobile Accessories,2025-05-23 06:10:50,fulfilled,yes,Cash,Liam Singh,SELL1014,"Garg, Walla and Konda Retail",Surendranagar Dudhrej,4.5
CUST10248,Aarav Pandit,Aurangabad,Maharashtra,active,ORD100241,30567.81,Cookware Set,Home & Kitchen,2024-10-08 13:56:15,fulfilled,no,Credit Card,Aarav Pandit,SELL1016,Balay LLC Retail,Aurangabad,3.8
CUST10359,Vivaan Nagar,Patiala,Jharkhand,new,ORD100013,9210.62,Tablet,Electronics,2025-06-18 15:23:46,fulfilled,yes,UPI,Vivaan Nagar,SELL1004,Saini and Sons Retail,Patiala,4.6
CUST10114,Anita Tella,Bahraich,Assam,inactive,ORD100315,31075.57,Cookware Set,Home & Kitchen,2025-08-11 15:00:59,fulfilled,yes,Cash,Anita Tella,SELL1023,"Sidhu, Wadhwa and Krishnamurthy Retail",Bahraich,3.7
CUST10145,Wridesh Tank,Ahmednagar,Manipur,dormant,ORD100600,24666.35,Bed Sheet,Home & Kitchen,2025-10-07 20:25:59,fulfilled,no,UPI,Wridesh Tank,SELL1004,Saini and Sons Retail,Ahmednagar,4.6
CUST10034,Aradhana Basu,Thoothukudi,Tripura,inactive,ORD100387,27604.68,Face Cream,Beauty,2024-10-21 21:34:55,fulfilled,no,Credit Card,Aradhana Basu,SELL1012,Patla-Gaba Retail,Thoothukudi,3.5
CUST10115,Rachana Naidu,Indore,Assam,inactive,ORD101297,30735.49,Lipstick,Beauty,2024-08-17 05:21:16,fulfilled,no,Cash,Mason Divan,SELL1009,Memon Ltd Retail,Indore,3.5
CUST10219,David Seshadri,Tiruvottiyur,Tamil Nadu,new,ORD100166,44916.09,Ring,Jewelry,2024-06-11 05:24:31,lost_parcel,no,UPI,David Seshadri,SELL1010,Boase Inc Retail,Ramagundam,3.8
CUST10228,Pranit Kala,Shivpuri,Gujarat,active,ORD100840,23111.19,Laptop,Electronics,2026-03-12 06:28:12,fulfilled,no,Credit Card,Pranit Kala,SELL1023,"Sidhu, Wadhwa and Krishnamurthy Retail",Raipur,3.7
CUST10121,Jack Raval,Hosur,Manipur,active,ORD100020,11272.88,Kurta,Fashion,2026-05-17 05:04:42,fulfilled,no,UPI,Jack Raval,SELL1014,"Garg, Walla and Konda Retail",Hosur,4.5
CUST10239,Shravya Palla,Vijayanagaram,Arunachal Pradesh,new,ORD100646,38863.94,Phone Case,Mobile Accessories,2026-03-20 18:42:53,fulfilled,no,Cash,Shravya Palla,SELL1007,Rai Inc Retail,Hapur,3.6
CUST10132,Gaurangi Purohit,Pondicherry,West Bengal,inactive,ORD101154,37584.55,Headphones,Electronics,2024-06-06 10:07:56,fulfilled,yes,UPI,Gaurangi Purohit,SELL1004,Saini and Sons Retail,Giridih,4.6
CUST10158,Mekhala Pau,Tenali,Andhra Pradesh,new,ORD100831,38726.14,Badminton Racket,Sports,2024-06-09 09:34:15,fulfilled,no,Credit Card,Mekhala Pau,SELL1008,"Lalla, Bassi and Sharaf Retail",Tenali,4.1
CUST10017,Saanvi Chaudhari,Panvel,Uttarakhand,active,ORD101267,22355.27,Puzzle,Toys & Games,2024-09-28 16:01:43,fulfilled,no,Credit Card,Saanvi Chaudhari,SELL1023,"Sidhu, Wadhwa and Krishnamurthy Retail",Panvel,3.7
CUST10014,Guneet Bhat,Sonipat,Uttar Pradesh,new,ORD100562,6926.2,Cricket Bat,Sports,2025-03-26 17:48:45,fulfilled,no,Cash,Guneet Bhat,SELL1004,Saini and Sons Retail,Giridih,4.6
CUST10092,Vamakshi Swaminathan,Pune,Assam,new,ORD101460,27187.79,Cookware Set,Home & Kitchen,2025-11-04 10:14:13,returned,no,UPI,Vamakshi Swaminathan,SELL1000,"Choudhury, Bakshi and Maharaj Retail",Rajahmundry,4.5
CUST10001,Yashica Cherian,Guna,Punjab,active,ORD100686,28854.27,Cookbook,Books,2025-07-06 03:49:31,fulfilled,yes,Cash,Yashica Cherian,SELL1005,Ahuja-Dutta Retail,Mau,4.5
CUST10347,Darika Bains,Rohtak,Uttarakhand,active,ORD100957,28619.24,Gold Necklace,Jewelry,2026-02-19 01:10:38,processing,yes,Credit Card,Darika Bains,SELL1022,"Dutta, Sami and Bhatt Retail",Rohtak,4.0
CUST10351,Krishna Prashad,Panvel,Chhattisgarh,new,ORD100189,3384.22,Gold Necklace,Jewelry,2024-12-16 16:51:51,returned,no,Credit Card,Krishna Prashad,SELL1009,Memon Ltd Retail,Gangtok,3.5
CUST10100,Brinda Date,Kota,West Bengal,new,ORD100975,33617.31,Formal Shoes,Footwear,2024-06-17 17:45:49,fulfilled,no,Cash,Brinda Date,SELL1012,Patla-Gaba Retail,Raichur,3.5
CUST10281,Ekantika Kar,Kadapa,Jharkhand,new,ORD100699,5600.4,Cookware Set,Home & Kitchen,2024-07-17 12:31:04,fulfilled,yes,Credit Card,Ekantika Kar,SELL1022,"Dutta, Sami and Bhatt Retail",Kadapa,4.0
CUST10251,Amol Parikh,Hapur,Haryana,new,ORD100510,23803.74,Sandals,Footwear,2024-09-27 17:58:22,fulfilled,yes,Cash,Amol Parikh,SELL1001,Chaudry Ltd Retail,Gudivada,3.5
CUST10029,Ikshita Biswas,Uluberia,Jharkhand,new,ORD101082,40603.29,Football,Sports,2024-09-08 20:26:54,fulfilled,yes,UPI,Ikshita Biswas,SELL1005,Ahuja-Dutta Retail,Uluberia,4.5
CUST10152,Theodore Gupta,Durgapur,Rajasthan,dormant,ORD100474,31166.97,Laptop,Electronics,2025-07-22 19:29:24,returned,no,Cash,Ishaan Loyal,SELL1008,"Lalla, Bassi and Sharaf Retail",Burhanpur,4.1
CUST10007,Devika Rastogi,Bahraich,Mizoram,new,ORD100856,19607.55,Tablet,Electronics,2025-06-29 12:51:55,fulfilled,no,UPI,Devika Rastogi,SELL1020,Rastogi-Pathak Retail,Durgapur,4.7
CUST10348,Tejas Bora,Bhusawal,Kerala,new,ORD100747,15172.02,Board Game,Toys & Games,2025-07-02 01:22:40,fulfilled,no,Cash,Tejas Bora,SELL1005,Ahuja-Dutta Retail,Mau,4.5
CUST10224,Bhanumati Krishnan,Thoothukudi,Assam,new,ORD100252,12273.9,Screen Guard,Mobile Accessories,2025-01-03 02:39:31,returned,no,Credit Card,Bhanumati Krishnan,SELL1017,Kakar PLC Retail,Rajpur Sonarpur,4.4
CUST10126,Umang Comar,Kochi,Rajasthan,active,ORD100021,22395.0,Yoga Mat,Sports,2025-09-12 16:36:18,fulfilled,no,UPI,Umang Comar,SELL1015,Madan-Kanda Retail,Kochi,4.3
CUST10283,Girik Thakkar,Guntakal,Odisha,active,ORD101337,20481.47,Gold Necklace,Jewelry,2025-05-25 22:33:37,fulfilled,no,Credit Card,Girik Thakkar,SELL1004,Saini and Sons Retail,Giridih,4.6
CUST10129,Rayaan Trivedi,Coimbatore,Himachal Pradesh,active,ORD100459,5529.42,Screen Guard,Mobile Accessories,2024-11-09 02:49:09,fulfilled,no,Cash,Rayaan Trivedi,SELL1017,Kakar PLC Retail,Rajpur Sonarpur,4.4
CUST10071,Rajata Sunder,Pali,Karnataka,active,ORD101184,9573.33,Bracelet,Jewelry,2025-11-14 08:32:23,returned,yes,Cash,Rajata Sunder,SELL1011,Kaul Inc Retail,Alwar,4.3
CUST10265,Azaan Dhar,Visakhapatnam,Chhattisgarh,new,ORD100276,3983.61,Phone Case,Mobile Accessories,2026-05-06 17:12:18,fulfilled,yes,Credit Card,Azaan Dhar,SELL1019,Koshy Ltd Retail,Visakhapatnam,3.5
CUST10089,Qabil Sura,Raichur,Uttar Pradesh,new,ORD100955,7917.53,T-Shirt,Fashion,2025-08-10 13:49:41,fulfilled,no,Credit Card,Qabil Sura,SELL1013,Loke Ltd Retail,Narasaraopet,3.8
CUST10017,Saanvi Chaudhari,Panvel,Uttarakhand,active,ORD101215,32240.08,Exam Guide,Books,2025-05-22 14:53:32,fulfilled,yes,UPI,Saanvi Chaudhari,SELL1000,"Choudhury, Bakshi and Maharaj Retail",Rajahmundry,4.5
CUST10272,Siya Gera,Chandigarh,Uttar Pradesh,active,ORD100385,5395.96,Face Cream,Beauty,2025-03-01 22:43:39,processing,no,Cash,Siya Gera,SELL1010,Boase Inc Retail,Ramagundam,3.8
CUST10340,Kiaan Sridhar,Malda,Telangana,active,ORD100805,42847.22,Screen Guard,Mobile Accessories,2025-03-04 09:00:24,fulfilled,yes,Credit Card,Kiaan Sridhar,SELL1000,"Choudhury, Bakshi and Maharaj Retail",Rajahmundry,4.5
CUST10313,David Devi,Kishanganj,Karnataka,active,ORD101437,32407.24,Headphones,Electronics,2025-10-03 01:23:57,fulfilled,yes,UPI,David Devi,SELL1020,Rastogi-Pathak Retail,Durgapur,4.7
CUST10066,Lakshit Dora,Yamunanagar,Tamil Nadu,active,ORD100343,39210.36,Flip Flops,Footwear,2024-07-13 00:04:18,returned,yes,UPI,Lakshit Dora,SELL1011,Kaul Inc Retail,Yamunanagar,4.3
CUST10230,Yashica Zacharia,Naihati,Tripura,active,ORD100769,42819.48,Yoga Mat,Sports,2024-05-23 19:43:54,fulfilled,no,Cash,Yashica Zacharia,SELL1000,"Choudhury, Bakshi and Maharaj Retail",Naihati,4.5
CUST10005,Vedika Biswas,Warangal,Sikkim,new,ORD101332,18819.73,Water Bottle,Home & Kitchen,2025-11-11 14:38:03,fulfilled,yes,Cash,Vedika Biswas,SELL1008,"Lalla, Bassi and Sharaf Retail",Burhanpur,4.1
CUST10284,Onveer Nazareth,Bhopal,Assam,new,ORD100130,8841.51,Cricket Bat,Sports,2024-12-20 03:02:11,returned,no,Credit Card,Onveer Nazareth,SELL1020,Rastogi-Pathak Retail,Bhopal,4.7
CUST10135,Jonathan Thakkar,Salem,West Bengal,new,ORD100871,3594.86,Tablet,Electronics,2024-07-18 22:47:33,fulfilled,no,UPI,Jonathan Thakkar,SELL1003,Tiwari PLC Retail,Salem,3.8
CUST10007,Devika Rastogi,Bahraich,Mizoram,new,ORD101123,2437.24,Laptop,Electronics,2025-09-27 23:13:56,returned,yes,Cash,Devika Rastogi,SELL1003,Tiwari PLC Retail,Kishanganj,3.8
CUST10007,Devika Rastogi,Bahraich,Mizoram,new,ORD101396,27205.49,Laptop,Electronics,2025-03-03 22:25:44,fulfilled,no,Credit Card,Devika Rastogi,SELL1017,Kakar PLC Retail,Bahraich,4.4
CUST10322,Xavier Bedi,Muzaffarpur,Arunachal Pradesh,new,ORD100087,43862.21,Flip Flops,Footwear,2026-03-13 08:58:15,fulfilled,no,Credit Card,Xavier Bedi,SELL1021,"Tak, Chand and Batta Retail",Jamnagar,4.5
CUST10156,Nitesh Kurian,Sagar,Telangana,active,ORD101482,756.18,Doll,Toys & Games,2025-03-19 09:49:13,returned,no,Credit Card,Nitesh Kurian,SELL1008,"Lalla, Bassi and Sharaf Retail",Burhanpur,4.1
CUST10188,Bhavna Muni,Vasai-Virar,Odisha,new,ORD100330,3828.37,Tablet,Electronics,2025-05-10 11:52:00,fulfilled,yes,Cash,Bhavna Muni,SELL1018,"Tata, Randhawa and Shanker Retail",Bilaspur,4.7
CUST10030,Raksha Mittal,Begusarai,Jharkhand,inactive,ORD101238,24981.26,Power Bank,Mobile Accessories,2025-07-16 09:11:32,fulfilled,yes,Credit Card,Raksha Mittal,SELL1000,"Choudhury, Bakshi and Maharaj Retail",Rajahmundry,4.5
CUST10323,Odika Narayanan,Salem,Sikkim,active,ORD100466,16891.86,Badminton Racket,Sports,2024-09-29 11:29:38,fulfilled,no,UPI,Odika Narayanan,SELL1018,"Tata, Randhawa and Shanker Retail",Bilaspur,4.7
CUST10174,Ekiya Babu,Bilaspur,Arunachal Pradesh,active,ORD100121,533.73,T-Shirt,Fashion,2025-09-03 21:00:51,fulfilled,no,Credit Card,Ekiya Babu,SELL1008,"Lalla, Bassi and Sharaf Retail",Bilaspur,4.1
CUST10133,William Rajagopal,Bulandshahr,Arunachal Pradesh,active,ORD101044,27821.26,Kurta,Fashion,2025-12-15 07:38:53,fulfilled,no,Cash,William Rajagopal,SELL1002,Balay-Balan Retail,Bellary,3.9
CUST10257,Champak Narula,Amravati,Uttar Pradesh,dormant,ORD101095,484.85,Board Game,Toys & Games,2025-12-11 15:52:57,fulfilled,no,UPI,Champak Narula,SELL1000,"Choudhury, Bakshi and Maharaj Retail",Amravati,4.5
CUST10184,Dhriti Sane,Rohtak,Kerala,inactive,ORD101130,17511.58,Gold Necklace,Jewelry,2024-07-13 11:38:15,fulfilled,no,Cash,Dhriti Sane,SELL1010,Boase Inc Retail,Rohtak,3.8
CUST10236,Neel Iyengar,Chandrapur,Arunachal Pradesh,active,ORD101294,31085.33,Remote Car,Toys & Games,2025-07-01 17:06:47,fulfilled,no,Credit Card,Neel Iyengar,SELL1020,Rastogi-Pathak Retail,Durgapur,4.7
CUST10219,David Seshadri,Tiruvottiyur,Tamil Nadu,new,ORD100860,13482.07,Doll,Toys & Games,2025-03-07 03:36:18,fulfilled,yes,UPI,David Seshadri,SELL1003,Tiwari PLC Retail,Kishanganj,3.8
CUST10228,Pranit Kala,Shivpuri,Gujarat,active,ORD101459,34925.33,Saree,Fashion,2025-01-08 15:50:45,fulfilled,yes,Cash,Pranit Kala,SELL1002,Balay-Balan Retail,Bellary,3.9
CUST10348,Tejas Bora,Bhusawal,Kerala,new,ORD101126,26379.94,Jeans,Fashion,2024-12-13 19:46:10,lost_parcel,no,Cash,Tejas Bora,SELL1010,Boase Inc Retail,Ramagundam,3.8
